date,Series,Normalized_Value,Series_Type,amfi_code
2022-01-03,HDFC Short Term Debt Fund - Regular - Growth,100.0,Mutual Fund,100025
2022-01-04,HDFC Short Term Debt Fund - Regular - Growth,99.64471499302729,Mutual Fund,100025
2022-01-05,HDFC Short Term Debt Fund - Regular - Growth,99.6397752014865,Mutual Fund,100025
2022-01-06,HDFC Short Term Debt Fund - Regular - Growth,99.45244310690089,Mutual Fund,100025
2022-01-07,HDFC Short Term Debt Fund - Regular - Growth,99.65497456007355,Mutual Fund,100025
2022-01-10,HDFC Short Term Debt Fund - Regular - Growth,100.33172600116274,Mutual Fund,100025
2022-01-11,HDFC Short Term Debt Fund - Regular - Growth,100.48675945875083,Mutual Fund,100025
2022-01-12,HDFC Short Term Debt Fund - Regular - Growth,100.01253947083433,Mutual Fund,100025
2022-01-13,HDFC Short Term Debt Fund - Regular - Growth,99.95022210062736,Mutual Fund,100025
2022-01-14,HDFC Short Term Debt Fund - Regular - Growth,100.00949959911694,Mutual Fund,100025
2022-01-17,HDFC Short Term Debt Fund - Regular - Growth,100.06003746641893,Mutual Fund,100025
2022-01-18,HDFC Short Term Debt Fund - Regular - Growth,99.90462402486617,Mutual Fund,100025
2022-01-19,HDFC Short Term Debt Fund - Regular - Growth,99.99506020845921,Mutual Fund,100025
2022-01-20,HDFC Short Term Debt Fund - Regular - Growth,99.71083220288104,Mutual Fund,100025
2022-01-21,HDFC Short Term Debt Fund - Regular - Growth,99.50222100627354,Mutual Fund,100025
2022-01-24,HDFC Short Term Debt Fund - Regular - Growth,99.69259297257656,Mutual Fund,100025
2022-01-25,HDFC Short Term Debt Fund - Regular - Growth,99.46612252962926,Mutual Fund,100025
2022-01-26,HDFC Short Term Debt Fund - Regular - Growth,99.62989561840492,Mutual Fund,100025
2022-01-27,HDFC Short Term Debt Fund - Regular - Growth,99.31488891168794,Mutual Fund,100025
2022-01-28,HDFC Short Term Debt Fund - Regular - Growth,99.78606902788704,Mutual Fund,100025
2022-01-31,HDFC Short Term Debt Fund - Regular - Growth,99.62001603532332,Mutual Fund,100025
2022-02-01,HDFC Short Term Debt Fund - Regular - Growth,99.59227720590191,Mutual Fund,100025
2022-02-02,HDFC Short Term Debt Fund - Regular - Growth,99.70399249151684,Mutual Fund,100025
2022-02-03,HDFC Short Term Debt Fund - Regular - Growth,99.5903772860785,Mutual Fund,100025
2022-02-04,HDFC Short Term Debt Fund - Regular - Growth,99.65459457610886,Mutual Fund,100025
2022-02-07,HDFC Short Term Debt Fund - Regular - Growth,99.82786726400144,Mutual Fund,100025
2022-02-08,HDFC Short Term Debt Fund - Regular - Growth,100.09841584685127,Mutual Fund,100025
2022-02-09,HDFC Short Term Debt Fund - Regular - Growth,100.32678620962197,Mutual Fund,100025
2022-02-10,HDFC Short Term Debt Fund - Regular - Growth,100.3119668349996,Mutual Fund,100025
2022-02-11,HDFC Short Term Debt Fund - Regular - Growth,100.30360718777669,Mutual Fund,100025
2022-02-14,HDFC Short Term Debt Fund - Regular - Growth,100.92792084174049,Mutual Fund,100025
2022-02-15,HDFC Short Term Debt Fund - Regular - Growth,101.19884940855499,Mutual Fund,100025
2022-02-16,HDFC Short Term Debt Fund - Regular - Growth,100.99289809970023,Mutual Fund,100025
2022-02-17,HDFC Short Term Debt Fund - Regular - Growth,101.04723580664898,Mutual Fund,100025
2022-02-18,HDFC Short Term Debt Fund - Regular - Growth,100.99061819591215,Mutual Fund,100025
2022-02-21,HDFC Short Term Debt Fund - Regular - Growth,100.98529842040669,Mutual Fund,100025
2022-02-22,HDFC Short Term Debt Fund - Regular - Growth,100.70145039879318,Mutual Fund,100025
2022-02-23,HDFC Short Term Debt Fund - Regular - Growth,100.62583358982253,Mutual Fund,100025
2022-02-24,HDFC Short Term Debt Fund - Regular - Growth,101.1152529363261,Mutual Fund,100025
2022-02-25,HDFC Short Term Debt Fund - Regular - Growth,101.2915654959361,Mutual Fund,100025
2022-02-28,HDFC Short Term Debt Fund - Regular - Growth,100.6866310241708,Mutual Fund,100025
2022-03-01,HDFC Short Term Debt Fund - Regular - Growth,101.02481675273307,Mutual Fund,100025
2022-03-02,HDFC Short Term Debt Fund - Regular - Growth,101.33146381222717,Mutual Fund,100025
2022-03-03,HDFC Short Term Debt Fund - Regular - Growth,101.26838647409085,Mutual Fund,100025
2022-03-04,HDFC Short Term Debt Fund - Regular - Growth,101.48079751034511,Mutual Fund,100025
2022-03-07,HDFC Short Term Debt Fund - Regular - Growth,101.29004556007742,Mutual Fund,100025
2022-03-08,HDFC Short Term Debt Fund - Regular - Growth,101.19922939251968,Mutual Fund,100025
2022-03-09,HDFC Short Term Debt Fund - Regular - Growth,101.61113201022923,Mutual Fund,100025
2022-03-10,HDFC Short Term Debt Fund - Regular - Growth,101.57047372600883,Mutual Fund,100025
2022-03-11,HDFC Short Term Debt Fund - Regular - Growth,101.12209264769034,Mutual Fund,100025
2022-03-14,HDFC Short Term Debt Fund - Regular - Growth,101.13463211852466,Mutual Fund,100025
2022-03-15,HDFC Short Term Debt Fund - Regular - Growth,101.14375173367691,Mutual Fund,100025
2022-03-16,HDFC Short Term Debt Fund - Regular - Growth,101.47851760655706,Mutual Fund,100025
2022-03-17,HDFC Short Term Debt Fund - Regular - Growth,101.51119622751928,Mutual Fund,100025
2022-03-18,HDFC Short Term Debt Fund - Regular - Growth,101.4321595628665,Mutual Fund,100025
2022-03-21,HDFC Short Term Debt Fund - Regular - Growth,101.72892703927899,Mutual Fund,100025
2022-03-22,HDFC Short Term Debt Fund - Regular - Growth,101.7889645056979,Mutual Fund,100025
2022-03-23,HDFC Short Term Debt Fund - Regular - Growth,101.62557140088693,Mutual Fund,100025
2022-03-24,HDFC Short Term Debt Fund - Regular - Growth,101.95121765861485,Mutual Fund,100025
2022-03-25,HDFC Short Term Debt Fund - Regular - Growth,102.0298743393029,Mutual Fund,100025
2022-03-28,HDFC Short Term Debt Fund - Regular - Growth,102.05989307251238,Mutual Fund,100025
2022-03-29,HDFC Short Term Debt Fund - Regular - Growth,102.13474991355366,Mutual Fund,100025
2022-03-30,HDFC Short Term Debt Fund - Regular - Growth,101.88890028840787,Mutual Fund,100025
2022-03-31,HDFC Short Term Debt Fund - Regular - Growth,101.7825047782984,Mutual Fund,100025
2022-04-01,HDFC Short Term Debt Fund - Regular - Growth,101.81252351150786,Mutual Fund,100025
2022-04-04,HDFC Short Term Debt Fund - Regular - Growth,101.79162439345065,Mutual Fund,100025
2022-04-05,HDFC Short Term Debt Fund - Regular - Growth,102.14766936835271,Mutual Fund,100025
2022-04-06,HDFC Short Term Debt Fund - Regular - Growth,102.23278577644028,Mutual Fund,100025
2022-04-07,HDFC Short Term Debt Fund - Regular - Growth,102.48243524123286,Mutual Fund,100025
2022-04-08,HDFC Short Term Debt Fund - Regular - Growth,102.51435389426571,Mutual Fund,100025
2022-04-11,HDFC Short Term Debt Fund - Regular - Growth,102.81682113014836,Mutual Fund,100025
2022-04-12,HDFC Short Term Debt Fund - Regular - Growth,102.94943553382052,Mutual Fund,100025
2022-04-13,HDFC Short Term Debt Fund - Regular - Growth,102.98211415478274,Mutual Fund,100025
2022-04-14,HDFC Short Term Debt Fund - Regular - Growth,103.00833304834542,Mutual Fund,100025
2022-04-15,HDFC Short Term Debt Fund - Regular - Growth,102.79022225262102,Mutual Fund,100025
2022-04-18,HDFC Short Term Debt Fund - Regular - Growth,102.95095546967926,Mutual Fund,100025
2022-04-19,HDFC Short Term Debt Fund - Regular - Growth,102.9699546679131,Mutual Fund,100025
2022-04-20,HDFC Short Term Debt Fund - Regular - Growth,102.86925891727377,Mutual Fund,100025
2022-04-21,HDFC Short Term Debt Fund - Regular - Growth,103.18578555984945,Mutual Fund,100025
2022-04-22,HDFC Short Term Debt Fund - Regular - Growth,102.89053801929566,Mutual Fund,100025
2022-04-25,HDFC Short Term Debt Fund - Regular - Growth,102.81074138671356,Mutual Fund,100025
2022-04-26,HDFC Short Term Debt Fund - Regular - Growth,103.10674889519672,Mutual Fund,100025
2022-04-27,HDFC Short Term Debt Fund - Regular - Growth,103.21808419684699,Mutual Fund,100025
2022-04-28,HDFC Short Term Debt Fund - Regular - Growth,103.23518347525744,Mutual Fund,100025
2022-04-29,HDFC Short Term Debt Fund - Regular - Growth,103.32979948246195,Mutual Fund,100025
2022-05-02,HDFC Short Term Debt Fund - Regular - Growth,103.40617625936194,Mutual Fund,100025
2022-05-03,HDFC Short Term Debt Fund - Regular - Growth,103.04139165327233,Mutual Fund,100025
2022-05-04,HDFC Short Term Debt Fund - Regular - Growth,102.97983425099471,Mutual Fund,100025
2022-05-05,HDFC Short Term Debt Fund - Regular - Growth,103.42973526517191,Mutual Fund,100025
2022-05-06,HDFC Short Term Debt Fund - Regular - Growth,103.28762126238283,Mutual Fund,100025
2022-05-09,HDFC Short Term Debt Fund - Regular - Growth,103.2344235073281,Mutual Fund,100025
2022-05-10,HDFC Short Term Debt Fund - Regular - Growth,103.12308820567783,Mutual Fund,100025
2022-05-11,HDFC Short Term Debt Fund - Regular - Growth,103.12992791704201,Mutual Fund,100025
2022-05-12,HDFC Short Term Debt Fund - Regular - Growth,103.0079530643808,Mutual Fund,100025
2022-05-13,HDFC Short Term Debt Fund - Regular - Growth,103.16374648989823,Mutual Fund,100025
2022-05-16,HDFC Short Term Debt Fund - Regular - Growth,103.24468307437438,Mutual Fund,100025
2022-05-17,HDFC Short Term Debt Fund - Regular - Growth,103.47571332489782,Mutual Fund,100025
2022-05-18,HDFC Short Term Debt Fund - Regular - Growth,103.23138363561071,Mutual Fund,100025
2022-05-19,HDFC Short Term Debt Fund - Regular - Growth,103.17248612108583,Mutual Fund,100025
2022-05-20,HDFC Short Term Debt Fund - Regular - Growth,103.14322735580572,Mutual Fund,100025
2022-05-23,HDFC Short Term Debt Fund - Regular - Growth,103.29104111806495,Mutual Fund,100025
2022-05-24,HDFC Short Term Debt Fund - Regular - Growth,103.11434857449031,Mutual Fund,100025
2022-05-25,HDFC Short Term Debt Fund - Regular - Growth,103.38223726958738,Mutual Fund,100025
2022-05-26,HDFC Short Term Debt Fund - Regular - Growth,103.72118296607897,Mutual Fund,100025
2022-05-27,HDFC Short Term Debt Fund - Regular - Growth,103.4928126033083,Mutual Fund,100025
2022-05-30,HDFC Short Term Debt Fund - Regular - Growth,103.39439675645703,Mutual Fund,100025
2022-05-31,HDFC Short Term Debt Fund - Regular - Growth,103.28534135859482,Mutual Fund,100025
2022-06-01,HDFC Short Term Debt Fund - Regular - Growth,104.00237109993975,Mutual Fund,100025
2022-06-02,HDFC Short Term Debt Fund - Regular - Growth,103.91953459564023,Mutual Fund,100025
2022-06-03,HDFC Short Term Debt Fund - Regular - Growth,104.38957475994528,Mutual Fund,100025
2022-06-06,HDFC Short Term Debt Fund - Regular - Growth,104.08672754009795,Mutual Fund,100025
2022-06-07,HDFC Short Term Debt Fund - Regular - Growth,103.85721722543325,Mutual Fund,100025
2022-06-08,HDFC Short Term Debt Fund - Regular - Growth,103.70712355938593,Mutual Fund,100025
2022-06-09,HDFC Short Term Debt Fund - Regular - Growth,103.51599162515357,Mutual Fund,100025
2022-06-10,HDFC Short Term Debt Fund - Regular - Growth,103.47571332489784,Mutual Fund,100025
2022-06-13,HDFC Short Term Debt Fund - Regular - Growth,103.32067986730975,Mutual Fund,100025
2022-06-14,HDFC Short Term Debt Fund - Regular - Growth,103.1371476123709,Mutual Fund,100025
2022-06-15,HDFC Short Term Debt Fund - Regular - Growth,103.4681136456043,Mutual Fund,100025
2022-06-16,HDFC Short Term Debt Fund - Regular - Growth,103.81731890914219,Mutual Fund,100025
2022-06-17,HDFC Short Term Debt Fund - Regular - Growth,104.0954671712855,Mutual Fund,100025
2022-06-20,HDFC Short Term Debt Fund - Regular - Growth,104.26304009970792,Mutual Fund,100025
2022-06-21,HDFC Short Term Debt Fund - Regular - Growth,104.31699782269202,Mutual Fund,100025
2022-06-22,HDFC Short Term Debt Fund - Regular - Growth,104.2163020720527,Mutual Fund,100025
2022-06-23,HDFC Short Term Debt Fund - Regular - Growth,103.9959113725402,Mutual Fund,100025
2022-06-24,HDFC Short Term Debt Fund - Regular - Growth,104.12092609691884,Mutual Fund,100025
2022-06-27,HDFC Short Term Debt Fund - Regular - Growth,103.84315781874018,Mutual Fund,100025
2022-06-28,HDFC Short Term Debt Fund - Regular - Growth,103.61288753614613,Mutual Fund,100025
2022-06-29,HDFC Short Term Debt Fund - Regular - Growth,103.94423355334419,Mutual Fund,100025
2022-06-30,HDFC Short Term Debt Fund - Regular - Growth,104.47279124820945,Mutual Fund,100025
2022-07-01,HDFC Short Term Debt Fund - Regular - Growth,104.60654560377564,Mutual Fund,100025
2022-07-04,HDFC Short Term Debt Fund - Regular - Growth,104.92839202185682,Mutual Fund,100025
2022-07-05,HDFC Short Term Debt Fund - Regular - Growth,104.89343349710656,Mutual Fund,100025
2022-07-06,HDFC Short Term Debt Fund - Regular - Growth,104.57044712713137,Mutual Fund,100025
2022-07-07,HDFC Short Term Debt Fund - Regular - Growth,104.76157906136375,Mutual Fund,100025
2022-07-08,HDFC Short Term Debt Fund - Regular - Growth,104.94207144458518,Mutual Fund,100025
2022-07-11,HDFC Short Term Debt Fund - Regular - Growth,104.99108937602848,Mutual Fund,100025
2022-07-12,HDFC Short Term Debt Fund - Regular - Growth,104.95689081920759,Mutual Fund,100025
2022-07-13,HDFC Short Term Debt Fund - Regular - Growth,105.2418787927151,Mutual Fund,100025
2022-07-14,HDFC Short Term Debt Fund - Regular - Growth,105.01084854219167,Mutual Fund,100025
2022-07-15,HDFC Short Term Debt Fund - Regular - Growth,104.83605591844041,Mutual Fund,100025
2022-07-18,HDFC Short Term Debt Fund - Regular - Growth,104.60008587637617,Mutual Fund,100025
2022-07-19,HDFC Short Term Debt Fund - Regular - Growth,104.65214367953688,Mutual Fund,100025
2022-07-20,HDFC Short Term Debt Fund - Regular - Growth,104.39565450338011,Mutual Fund,100025
2022-07-21,HDFC Short Term Debt Fund - Regular - Growth,104.2455608373328,Mutual Fund,100025
2022-07-22,HDFC Short Term Debt Fund - Regular - Growth,104.09014739578004,Mutual Fund,100025
2022-07-25,HDFC Short Term Debt Fund - Regular - Growth,104.05138903138302,Mutual Fund,100025
2022-07-26,HDFC Short Term Debt Fund - Regular - Growth,103.69192420079887,Mutual Fund,100025
2022-07-27,HDFC Short Term Debt Fund - Regular - Growth,103.74436198792425,Mutual Fund,100025
2022-07-28,HDFC Short Term Debt Fund - Regular - Growth,104.10040696282633,Mutual Fund,100025
2022-07-29,HDFC Short Term Debt Fund - Regular - Growth,104.1657642047507,Mutual Fund,100025
2022-08-01,HDFC Short Term Debt Fund - Regular - Growth,104.60122582827019,Mutual Fund,100025
2022-08-02,HDFC Short Term Debt Fund - Regular - Growth,104.98348969673492,Mutual Fund,100025
2022-08-03,HDFC Short Term Debt Fund - Regular - Growth,105.21945973879916,Mutual Fund,100025
2022-08-04,HDFC Short Term Debt Fund - Regular - Growth,105.26923763817182,Mutual Fund,100025
2022-08-05,HDFC Short Term Debt Fund - Regular - Growth,105.3053361148161,Mutual Fund,100025
2022-08-08,HDFC Short Term Debt Fund - Regular - Growth,105.53826628516289,Mutual Fund,100025
2022-08-09,HDFC Short Term Debt Fund - Regular - Growth,105.46416941205095,Mutual Fund,100025
2022-08-10,HDFC Short Term Debt Fund - Regular - Growth,104.9952691996399,Mutual Fund,100025
2022-08-11,HDFC Short Term Debt Fund - Regular - Growth,105.15562243273347,Mutual Fund,100025
2022-08-12,HDFC Short Term Debt Fund - Regular - Growth,104.88621380177767,Mutual Fund,100025
2022-08-15,HDFC Short Term Debt Fund - Regular - Growth,104.66202326261845,Mutual Fund,100025
2022-08-16,HDFC Short Term Debt Fund - Regular - Growth,104.6920419958279,Mutual Fund,100025
2022-08-17,HDFC Short Term Debt Fund - Regular - Growth,104.69698178736873,Mutual Fund,100025
2022-08-18,HDFC Short Term Debt Fund - Regular - Growth,104.35499621915969,Mutual Fund,100025
2022-08-19,HDFC Short Term Debt Fund - Regular - Growth,104.4283331243423,Mutual Fund,100025
2022-08-22,HDFC Short Term Debt Fund - Regular - Growth,104.71256112992045,Mutual Fund,100025
2022-08-23,HDFC Short Term Debt Fund - Regular - Growth,104.44505241878805,Mutual Fund,100025
2022-08-24,HDFC Short Term Debt Fund - Regular - Growth,104.81059699280702,Mutual Fund,100025
2022-08-25,HDFC Short Term Debt Fund - Regular - Growth,104.42909309227161,Mutual Fund,100025
2022-08-26,HDFC Short Term Debt Fund - Regular - Growth,105.0176882535558,Mutual Fund,100025
2022-08-29,HDFC Short Term Debt Fund - Regular - Growth,104.93903157286772,Mutual Fund,100025
2022-08-30,HDFC Short Term Debt Fund - Regular - Growth,105.00742868650951,Mutual Fund,100025
2022-08-31,HDFC Short Term Debt Fund - Regular - Growth,104.53776850616914,Mutual Fund,100025
2022-09-01,HDFC Short Term Debt Fund - Regular - Growth,104.55144792889752,Mutual Fund,100025
2022-09-02,HDFC Short Term Debt Fund - Regular - Growth,104.64150412852591,Mutual Fund,100025
2022-09-05,HDFC Short Term Debt Fund - Regular - Growth,104.64872382385475,Mutual Fund,100025
2022-09-06,HDFC Short Term Debt Fund - Regular - Growth,104.53016882687562,Mutual Fund,100025
2022-09-07,HDFC Short Term Debt Fund - Regular - Growth,104.31091807925716,Mutual Fund,100025
2022-09-08,HDFC Short Term Debt Fund - Regular - Growth,104.63846425680848,Mutual Fund,100025
2022-09-09,HDFC Short Term Debt Fund - Regular - Growth,104.67646265327615,Mutual Fund,100025
2022-09-12,HDFC Short Term Debt Fund - Regular - Growth,105.113824196619,Mutual Fund,100025
2022-09-13,HDFC Short Term Debt Fund - Regular - Growth,105.00438881479212,Mutual Fund,100025
2022-09-14,HDFC Short Term Debt Fund - Regular - Growth,104.91927240670454,Mutual Fund,100025
2022-09-15,HDFC Short Term Debt Fund - Regular - Growth,105.16512203185036,Mutual Fund,100025
2022-09-16,HDFC Short Term Debt Fund - Regular - Growth,104.76575888497517,Mutual Fund,100025
2022-09-19,HDFC Short Term Debt Fund - Regular - Growth,104.47583111992684,Mutual Fund,100025
2022-09-20,HDFC Short Term Debt Fund - Regular - Growth,104.79501765025525,Mutual Fund,100025
2022-09-21,HDFC Short Term Debt Fund - Regular - Growth,104.51610942018257,Mutual Fund,100025
2022-09-22,HDFC Short Term Debt Fund - Regular - Growth,104.06772834186407,Mutual Fund,100025
2022-09-23,HDFC Short Term Debt Fund - Regular - Growth,104.58868635743582,Mutual Fund,100025
2022-09-26,HDFC Short Term Debt Fund - Regular - Growth,104.25202056473226,Mutual Fund,100025
2022-09-27,HDFC Short Term Debt Fund - Regular - Growth,104.32991727749099,Mutual Fund,100025
2022-09-28,HDFC Short Term Debt Fund - Regular - Growth,104.37817524100494,Mutual Fund,100025
2022-09-29,HDFC Short Term Debt Fund - Regular - Growth,103.67102508274162,Mutual Fund,100025
2022-09-30,HDFC Short Term Debt Fund - Regular - Growth,103.6307467824859,Mutual Fund,100025
2022-10-03,HDFC Short Term Debt Fund - Regular - Growth,103.77780057681576,Mutual Fund,100025
2022-10-04,HDFC Short Term Debt Fund - Regular - Growth,103.90015541344167,Mutual Fund,100025
2022-10-05,HDFC Short Term Debt Fund - Regular - Growth,104.16652417268001,Mutual Fund,100025
2022-10-06,HDFC Short Term Debt Fund - Regular - Growth,104.09470720335614,Mutual Fund,100025
2022-10-07,HDFC Short Term Debt Fund - Regular - Growth,104.31167804718653,Mutual Fund,100025
2022-10-10,HDFC Short Term Debt Fund - Regular - Growth,104.16044442924522,Mutual Fund,100025
2022-10-11,HDFC Short Term Debt Fund - Regular - Growth,103.82035878085955,Mutual Fund,100025
2022-10-12,HDFC Short Term Debt Fund - Regular - Growth,103.51105183361273,Mutual Fund,100025
2022-10-13,HDFC Short Term Debt Fund - Regular - Growth,103.15994665025146,Mutual Fund,100025
2022-10-14,HDFC Short Term Debt Fund - Regular - Growth,103.45215431908782,Mutual Fund,100025
2022-10-17,HDFC Short Term Debt Fund - Regular - Growth,103.08774969696289,Mutual Fund,100025
2022-10-18,HDFC Short Term Debt Fund - Regular - Growth,103.18844544760222,Mutual Fund,100025
2022-10-19,HDFC Short Term Debt Fund - Regular - Growth,103.14854713131116,Mutual Fund,100025
2022-10-20,HDFC Short Term Debt Fund - Regular - Growth,103.1515870030286,Mutual Fund,100025
2022-10-21,HDFC Short Term Debt Fund - Regular - Growth,103.5361307752814,Mutual Fund,100025
2022-10-24,HDFC Short Term Debt Fund - Regular - Growth,103.45139435115851,Mutual Fund,100025
2022-10-25,HDFC Short Term Debt Fund - Regular - Growth,103.64024638160281,Mutual Fund,100025
2022-10-26,HDFC Short Term Debt Fund - Regular - Growth,103.67976471392919,Mutual Fund,100025
2022-10-27,HDFC Short Term Debt Fund - Regular - Growth,103.6698851308476,Mutual Fund,100025
2022-10-28,HDFC Short Term Debt Fund - Regular - Growth,104.30217844806961,Mutual Fund,100025
2022-10-31,HDFC Short Term Debt Fund - Regular - Growth,103.95373315246108,Mutual Fund,100025
2022-11-01,HDFC Short Term Debt Fund - Regular - Growth,104.32155763026813,Mutual Fund,100025
2022-11-02,HDFC Short Term Debt Fund - Regular - Growth,104.52408908344081,Mutual Fund,100025
2022-11-03,HDFC Short Term Debt Fund - Regular - Growth,104.42795314037761,Mutual Fund,100025
2022-11-04,HDFC Short Term Debt Fund - Regular - Growth,104.88735375367173,Mutual Fund,100025
2022-11-07,HDFC Short Term Debt Fund - Regular - Growth,104.42985306020101,Mutual Fund,100025
2022-11-08,HDFC Short Term Debt Fund - Regular - Growth,104.32269758216218,Mutual Fund,100025
2022-11-09,HDFC Short Term Debt Fund - Regular - Growth,104.0350497209019,Mutual Fund,100025
2022-11-10,HDFC Short Term Debt Fund - Regular - Growth,104.17298390007954,Mutual Fund,100025
2022-11-11,HDFC Short Term Debt Fund - Regular - Growth,103.91079496445263,Mutual Fund,100025
2022-11-14,HDFC Short Term Debt Fund - Regular - Growth,104.05404891913577,Mutual Fund,100025
2022-11-15,HDFC Short Term Debt Fund - Regular - Growth,104.03504972090192,Mutual Fund,100025
2022-11-16,HDFC Short Term Debt Fund - Regular - Growth,103.93891377783872,Mutual Fund,100025
2022-11-17,HDFC Short Term Debt Fund - Regular - Growth,104.07038822961687,Mutual Fund,100025
2022-11-18,HDFC Short Term Debt Fund - Regular - Growth,104.02972994539648,Mutual Fund,100025
2022-11-21,HDFC Short Term Debt Fund - Regular - Growth,103.77438072113372,Mutual Fund,100025
2022-11-22,HDFC Short Term Debt Fund - Regular - Growth,104.5396684259926,Mutual Fund,100025
2022-11-23,HDFC Short Term Debt Fund - Regular - Growth,104.44125257914135,Mutual Fund,100025
2022-11-24,HDFC Short Term Debt Fund - Regular - Growth,103.88875589450141,Mutual Fund,100025
2022-11-25,HDFC Short Term Debt Fund - Regular - Growth,103.6983839281984,Mutual Fund,100025
2022-11-28,HDFC Short Term Debt Fund - Regular - Growth,103.39705664420977,Mutual Fund,100025
2022-11-29,HDFC Short Term Debt Fund - Regular - Growth,103.64214630142625,Mutual Fund,100025
2022-11-30,HDFC Short Term Debt Fund - Regular - Growth,103.75576150686459,Mutual Fund,100025
2022-12-01,HDFC Short Term Debt Fund - Regular - Growth,103.88989584639545,Mutual Fund,100025
2022-12-02,HDFC Short Term Debt Fund - Regular - Growth,103.8226386846477,Mutual Fund,100025
2022-12-05,HDFC Short Term Debt Fund - Regular - Growth,103.77932051267453,Mutual Fund,100025
2022-12-06,HDFC Short Term Debt Fund - Regular - Growth,103.71206335092677,Mutual Fund,100025
2022-12-07,HDFC Short Term Debt Fund - Regular - Growth,103.72042299814966,Mutual Fund,100025
2022-12-08,HDFC Short Term Debt Fund - Regular - Growth,103.96855252708355,Mutual Fund,100025
2022-12-09,HDFC Short Term Debt Fund - Regular - Growth,104.0863475561333,Mutual Fund,100025
2022-12-12,HDFC Short Term Debt Fund - Regular - Growth,104.24746075715623,Mutual Fund,100025
2022-12-13,HDFC Short Term Debt Fund - Regular - Growth,104.40857395817915,Mutual Fund,100025
2022-12-14,HDFC Short Term Debt Fund - Regular - Growth,104.67152286173543,Mutual Fund,100025
2022-12-15,HDFC Short Term Debt Fund - Regular - Growth,104.77753838788021,Mutual Fund,100025
2022-12-16,HDFC Short Term Debt Fund - Regular - Growth,104.90217312829415,Mutual Fund,100025
2022-12-19,HDFC Short Term Debt Fund - Regular - Growth,105.24681858425593,Mutual Fund,100025
2022-12-20,HDFC Short Term Debt Fund - Regular - Growth,105.10090474182007,Mutual Fund,100025
2022-12-21,HDFC Short Term Debt Fund - Regular - Growth,104.90445303208222,Mutual Fund,100025
2022-12-22,HDFC Short Term Debt Fund - Regular - Growth,104.62136497839809,Mutual Fund,100025
2022-12-23,HDFC Short Term Debt Fund - Regular - Growth,104.69926169115679,Mutual Fund,100025
2022-12-26,HDFC Short Term Debt Fund - Regular - Growth,104.24138101372138,Mutual Fund,100025
2022-12-27,HDFC Short Term Debt Fund - Regular - Growth,104.3926146316627,Mutual Fund,100025
2022-12-28,HDFC Short Term Debt Fund - Regular - Growth,104.39375458355671,Mutual Fund,100025
2022-12-29,HDFC Short Term Debt Fund - Regular - Growth,104.72244071300206,Mutual Fund,100025
2022-12-30,HDFC Short Term Debt Fund - Regular - Growth,104.57500693470752,Mutual Fund,100025
2023-01-02,HDFC Short Term Debt Fund - Regular - Growth,104.55144792889757,Mutual Fund,100025
2023-01-03,HDFC Short Term Debt Fund - Regular - Growth,104.87747417059016,Mutual Fund,100025
2023-01-04,HDFC Short Term Debt Fund - Regular - Growth,105.27379744574796,Mutual Fund,100025
2023-01-05,HDFC Short Term Debt Fund - Regular - Growth,105.12332379573598,Mutual Fund,100025
2023-01-06,HDFC Short Term Debt Fund - Regular - Growth,105.20160049245939,Mutual Fund,100025
2023-01-09,HDFC Short Term Debt Fund - Regular - Growth,105.30989592239226,Mutual Fund,100025
2023-01-10,HDFC Short Term Debt Fund - Regular - Growth,105.43909047038234,Mutual Fund,100025
2023-01-11,HDFC Short Term Debt Fund - Regular - Growth,105.39957213805596,Mutual Fund,100025
2023-01-12,HDFC Short Term Debt Fund - Regular - Growth,105.77043648758043,Mutual Fund,100025
2023-01-13,HDFC Short Term Debt Fund - Regular - Growth,105.2981164194873,Mutual Fund,100025
2023-01-16,HDFC Short Term Debt Fund - Regular - Growth,105.21679985104649,Mutual Fund,100025
2023-01-17,HDFC Short Term Debt Fund - Regular - Growth,105.36537358123506,Mutual Fund,100025
2023-01-18,HDFC Short Term Debt Fund - Regular - Growth,105.51698718314104,Mutual Fund,100025
2023-01-19,HDFC Short Term Debt Fund - Regular - Growth,105.90761069882868,Mutual Fund,100025
2023-01-20,HDFC Short Term Debt Fund - Regular - Growth,106.25833589822527,Mutual Fund,100025
2023-01-23,HDFC Short Term Debt Fund - Regular - Growth,106.21235783849939,Mutual Fund,100025
2023-01-24,HDFC Short Term Debt Fund - Regular - Growth,106.59120185128205,Mutual Fund,100025
2023-01-25,HDFC Short Term Debt Fund - Regular - Growth,106.43008865025914,Mutual Fund,100025
2023-01-26,HDFC Short Term Debt Fund - Regular - Growth,106.71051681619052,Mutual Fund,100025
2023-01-27,HDFC Short Term Debt Fund - Regular - Growth,107.22881494400953,Mutual Fund,100025
2023-01-30,HDFC Short Term Debt Fund - Regular - Growth,107.58827977459369,Mutual Fund,100025
2023-01-31,HDFC Short Term Debt Fund - Regular - Growth,107.64793725704793,Mutual Fund,100025
2023-02-01,HDFC Short Term Debt Fund - Regular - Growth,107.58865975855838,Mutual Fund,100025
2023-02-02,HDFC Short Term Debt Fund - Regular - Growth,107.20563592216428,Mutual Fund,100025
2023-02-03,HDFC Short Term Debt Fund - Regular - Growth,107.32039107949663,Mutual Fund,100025
2023-02-06,HDFC Short Term Debt Fund - Regular - Growth,107.04946251268214,Mutual Fund,100025
2023-02-07,HDFC Short Term Debt Fund - Regular - Growth,106.86631024170798,Mutual Fund,100025
2023-02-08,HDFC Short Term Debt Fund - Regular - Growth,106.57676246062434,Mutual Fund,100025
2023-02-09,HDFC Short Term Debt Fund - Regular - Growth,106.48366638927855,Mutual Fund,100025
2023-02-10,HDFC Short Term Debt Fund - Regular - Growth,106.50646542715914,Mutual Fund,100025
2023-02-13,HDFC Short Term Debt Fund - Regular - Growth,106.61058103348053,Mutual Fund,100025
2023-02-14,HDFC Short Term Debt Fund - Regular - Growth,106.47948656566709,Mutual Fund,100025
2023-02-15,HDFC Short Term Debt Fund - Regular - Growth,106.79753314410148,Mutual Fund,100025
2023-02-16,HDFC Short Term Debt Fund - Regular - Growth,106.77207421846815,Mutual Fund,100025
2023-02-17,HDFC Short Term Debt Fund - Regular - Growth,106.59082186731736,Mutual Fund,100025
2023-02-20,HDFC Short Term Debt Fund - Regular - Growth,106.68201801883977,Mutual Fund,100025
2023-02-21,HDFC Short Term Debt Fund - Regular - Growth,107.24173439880853,Mutual Fund,100025
2023-02-22,HDFC Short Term Debt Fund - Regular - Growth,107.3629492835404,Mutual Fund,100025
2023-02-23,HDFC Short Term Debt Fund - Regular - Growth,107.29531213782795,Mutual Fund,100025
2023-02-24,HDFC Short Term Debt Fund - Regular - Growth,106.91380823729256,Mutual Fund,100025
2023-02-27,HDFC Short Term Debt Fund - Regular - Growth,106.8853094399418,Mutual Fund,100025
2023-02-28,HDFC Short Term Debt Fund - Regular - Growth,106.97916547921696,Mutual Fund,100025
2023-03-01,HDFC Short Term Debt Fund - Regular - Growth,106.90544859006967,Mutual Fund,100025
2023-03-02,HDFC Short Term Debt Fund - Regular - Growth,106.48784621288998,Mutual Fund,100025
2023-03-03,HDFC Short Term Debt Fund - Regular - Growth,106.29025455125809,Mutual Fund,100025
2023-03-06,HDFC Short Term Debt Fund - Regular - Growth,106.71127678411987,Mutual Fund,100025
2023-03-07,HDFC Short Term Debt Fund - Regular - Growth,107.1281191933702,Mutual Fund,100025
2023-03-08,HDFC Short Term Debt Fund - Regular - Growth,106.91950799676269,Mutual Fund,100025
2023-03-09,HDFC Short Term Debt Fund - Regular - Growth,107.13153904905228,Mutual Fund,100025
2023-03-10,HDFC Short Term Debt Fund - Regular - Growth,106.8442711717567,Mutual Fund,100025
2023-03-13,HDFC Short Term Debt Fund - Regular - Growth,107.25389388567818,Mutual Fund,100025
2023-03-14,HDFC Short Term Debt Fund - Regular - Growth,107.35078979667077,Mutual Fund,100025
2023-03-15,HDFC Short Term Debt Fund - Regular - Growth,107.63881764189568,Mutual Fund,100025
2023-03-16,HDFC Short Term Debt Fund - Regular - Growth,107.20525593819958,Mutual Fund,100025
2023-03-17,HDFC Short Term Debt Fund - Regular - Growth,107.41918691031256,Mutual Fund,100025
2023-03-20,HDFC Short Term Debt Fund - Regular - Growth,107.4476857076633,Mutual Fund,100025
2023-03-21,HDFC Short Term Debt Fund - Regular - Growth,107.70911467536087,Mutual Fund,100025
2023-03-22,HDFC Short Term Debt Fund - Regular - Growth,107.9887828733629,Mutual Fund,100025
2023-03-23,HDFC Short Term Debt Fund - Regular - Growth,108.03742082084152,Mutual Fund,100025
2023-03-24,HDFC Short Term Debt Fund - Regular - Growth,107.90480641716935,Mutual Fund,100025
2023-03-27,HDFC Short Term Debt Fund - Regular - Growth,108.14799615456243,Mutual Fund,100025
2023-03-28,HDFC Short Term Debt Fund - Regular - Growth,108.16243554522016,Mutual Fund,100025
2023-03-29,HDFC Short Term Debt Fund - Regular - Growth,107.95572426843603,Mutual Fund,100025
2023-03-30,HDFC Short Term Debt Fund - Regular - Growth,107.73647352081758,Mutual Fund,100025
2023-03-31,HDFC Short Term Debt Fund - Regular - Growth,107.36674912318716,Mutual Fund,100025
2023-04-03,HDFC Short Term Debt Fund - Regular - Growth,107.25959364514833,Mutual Fund,100025
2023-04-04,HDFC Short Term Debt Fund - Regular - Growth,107.58865975855834,Mutual Fund,100025
2023-04-05,HDFC Short Term Debt Fund - Regular - Growth,107.6676964232111,Mutual Fund,100025
2023-04-06,HDFC Short Term Debt Fund - Regular - Growth,107.55484118570213,Mutual Fund,100025
2023-04-07,HDFC Short Term Debt Fund - Regular - Growth,107.80411066653004,Mutual Fund,100025
2023-04-10,HDFC Short Term Debt Fund - Regular - Growth,107.60879890868623,Mutual Fund,100025
2023-04-11,HDFC Short Term Debt Fund - Regular - Growth,107.66541651942305,Mutual Fund,100025
2023-04-12,HDFC Short Term Debt Fund - Regular - Growth,107.64755727308324,Mutual Fund,100025
2023-04-13,HDFC Short Term Debt Fund - Regular - Growth,107.88998704254698,Mutual Fund,100025
2023-04-14,HDFC Short Term Debt Fund - Regular - Growth,107.49252381549515,Mutual Fund,100025
2023-04-17,HDFC Short Term Debt Fund - Regular - Growth,107.29303223403987,Mutual Fund,100025
2023-04-18,HDFC Short Term Debt Fund - Regular - Growth,106.88188958425971,Mutual Fund,100025
2023-04-19,HDFC Short Term Debt Fund - Regular - Growth,106.84237125193332,Mutual Fund,100025
2023-04-20,HDFC Short Term Debt Fund - Regular - Growth,107.19955617872942,Mutual Fund,100025
2023-04-21,HDFC Short Term Debt Fund - Regular - Growth,107.0939206365493,Mutual Fund,100025
2023-04-24,HDFC Short Term Debt Fund - Regular - Growth,106.98676515851047,Mutual Fund,100025
2023-04-25,HDFC Short Term Debt Fund - Regular - Growth,107.25237394981949,Mutual Fund,100025
2023-04-26,HDFC Short Term Debt Fund - Regular - Growth,107.57232044807725,Mutual Fund,100025
2023-04-27,HDFC Short Term Debt Fund - Regular - Growth,107.57916015944144,Mutual Fund,100025
2023-04-28,HDFC Short Term Debt Fund - Regular - Growth,107.79575101930716,Mutual Fund,100025
2023-05-01,HDFC Short Term Debt Fund - Regular - Growth,107.53432205160959,Mutual Fund,100025
2023-05-02,HDFC Short Term Debt Fund - Regular - Growth,107.93900497399025,Mutual Fund,100025
2023-05-03,HDFC Short Term Debt Fund - Regular - Growth,108.55609893262522,Mutual Fund,100025
2023-05-04,HDFC Short Term Debt Fund - Regular - Growth,108.72975160448244,Mutual Fund,100025
2023-05-05,HDFC Short Term Debt Fund - Regular - Growth,108.19131432653558,Mutual Fund,100025
2023-05-08,HDFC Short Term Debt Fund - Regular - Growth,108.0700994418037,Mutual Fund,100025
2023-05-09,HDFC Short Term Debt Fund - Regular - Growth,108.26807108740026,Mutual Fund,100025
2023-05-10,HDFC Short Term Debt Fund - Regular - Growth,108.18409463120673,Mutual Fund,100025
2023-05-11,HDFC Short Term Debt Fund - Regular - Growth,108.56217867606004,Mutual Fund,100025
2023-05-12,HDFC Short Term Debt Fund - Regular - Growth,108.75445056218642,Mutual Fund,100025
2023-05-15,HDFC Short Term Debt Fund - Regular - Growth,108.59219740926949,Mutual Fund,100025
2023-05-16,HDFC Short Term Debt Fund - Regular - Growth,108.63171574159587,Mutual Fund,100025
2023-05-17,HDFC Short Term Debt Fund - Regular - Growth,108.41854473741223,Mutual Fund,100025
2023-05-18,HDFC Short Term Debt Fund - Regular - Growth,108.3995455391784,Mutual Fund,100025
2023-05-19,HDFC Short Term Debt Fund - Regular - Growth,108.2790906223759,Mutual Fund,100025
2023-05-22,HDFC Short Term Debt Fund - Regular - Growth,108.63095577366653,Mutual Fund,100025
2023-05-23,HDFC Short Term Debt Fund - Regular - Growth,109.24310994076069,Mutual Fund,100025
2023-05-24,HDFC Short Term Debt Fund - Regular - Growth,108.8809852224238,Mutual Fund,100025
2023-05-25,HDFC Short Term Debt Fund - Regular - Growth,108.3854861324854,Mutual Fund,100025
2023-05-26,HDFC Short Term Debt Fund - Regular - Growth,108.3493876558411,Mutual Fund,100025
2023-05-29,HDFC Short Term Debt Fund - Regular - Growth,107.96674380341167,Mutual Fund,100025
2023-05-30,HDFC Short Term Debt Fund - Regular - Growth,108.01006197538482,Mutual Fund,100025
2023-05-31,HDFC Short Term Debt Fund - Regular - Growth,108.244892065555,Mutual Fund,100025
2023-06-01,HDFC Short Term Debt Fund - Regular - Growth,108.68453351268595,Mutual Fund,100025
2023-06-02,HDFC Short Term Debt Fund - Regular - Growth,108.77078987266755,Mutual Fund,100025
2023-06-05,HDFC Short Term Debt Fund - Regular - Growth,108.74875080271632,Mutual Fund,100025
2023-06-06,HDFC Short Term Debt Fund - Regular - Growth,108.2388123221202,Mutual Fund,100025
2023-06-07,HDFC Short Term Debt Fund - Regular - Growth,108.27681071858788,Mutual Fund,100025
2023-06-08,HDFC Short Term Debt Fund - Regular - Growth,108.32734858588988,Mutual Fund,100025
2023-06-09,HDFC Short Term Debt Fund - Regular - Growth,108.53291991077995,Mutual Fund,100025
2023-06-12,HDFC Short Term Debt Fund - Regular - Growth,108.37028677389833,Mutual Fund,100025
2023-06-13,HDFC Short Term Debt Fund - Regular - Growth,108.28251047805801,Mutual Fund,100025
2023-06-14,HDFC Short Term Debt Fund - Regular - Growth,107.91088616060422,Mutual Fund,100025
2023-06-15,HDFC Short Term Debt Fund - Regular - Growth,107.32039107949664,Mutual Fund,100025
2023-06-16,HDFC Short Term Debt Fund - Regular - Growth,107.05136243250554,Mutual Fund,100025
2023-06-19,HDFC Short Term Debt Fund - Regular - Growth,106.65921898095922,Mutual Fund,100025
2023-06-20,HDFC Short Term Debt Fund - Regular - Growth,106.7800538817264,Mutual Fund,100025
2023-06-21,HDFC Short Term Debt Fund - Regular - Growth,106.67137846782889,Mutual Fund,100025
2023-06-22,HDFC Short Term Debt Fund - Regular - Growth,106.55738327842587,Mutual Fund,100025
2023-06-23,HDFC Short Term Debt Fund - Regular - Growth,106.32369314014971,Mutual Fund,100025
2023-06-26,HDFC Short Term Debt Fund - Regular - Growth,105.49114827354306,Mutual Fund,100025
2023-06-27,HDFC Short Term Debt Fund - Regular - Growth,105.92319004138047,Mutual Fund,100025
2023-06-28,HDFC Short Term Debt Fund - Regular - Growth,105.68684001535158,Mutual Fund,100025
2023-06-29,HDFC Short Term Debt Fund - Regular - Growth,105.60704338276948,Mutual Fund,100025
2023-06-30,HDFC Short Term Debt Fund - Regular - Growth,105.25061842390274,Mutual Fund,100025
2023-07-03,HDFC Short Term Debt Fund - Regular - Growth,105.53902625309235,Mutual Fund,100025
2023-07-04,HDFC Short Term Debt Fund - Regular - Growth,105.60742336673417,Mutual Fund,100025
2023-07-05,HDFC Short Term Debt Fund - Regular - Growth,105.41781136836047,Mutual Fund,100025
2023-07-06,HDFC Short Term Debt Fund - Regular - Growth,105.3437144952485,Mutual Fund,100025
2023-07-07,HDFC Short Term Debt Fund - Regular - Growth,105.82021438695308,Mutual Fund,100025
2023-07-10,HDFC Short Term Debt Fund - Regular - Growth,105.8312339219287,Mutual Fund,100025
2023-07-11,HDFC Short Term Debt Fund - Regular - Growth,105.81299469162421,Mutual Fund,100025
2023-07-12,HDFC Short Term Debt Fund - Regular - Growth,105.59222400814707,Mutual Fund,100025
2023-07-13,HDFC Short Term Debt Fund - Regular - Growth,105.11952395608928,Mutual Fund,100025
2023-07-14,HDFC Short Term Debt Fund - Regular - Growth,105.10736446921962,Mutual Fund,100025
2023-07-17,HDFC Short Term Debt Fund - Regular - Growth,105.22363956241068,Mutual Fund,100025
2023-07-18,HDFC Short Term Debt Fund - Regular - Growth,105.54548598049183,Mutual Fund,100025
2023-07-19,HDFC Short Term Debt Fund - Regular - Growth,104.97930987312355,Mutual Fund,100025
2023-07-20,HDFC Short Term Debt Fund - Regular - Growth,104.71218114595584,Mutual Fund,100025
2023-07-21,HDFC Short Term Debt Fund - Regular - Growth,104.58868635743592,Mutual Fund,100025
2023-07-24,HDFC Short Term Debt Fund - Regular - Growth,104.61756513875136,Mutual Fund,100025
2023-07-25,HDFC Short Term Debt Fund - Regular - Growth,104.60920549152848,Mutual Fund,100025
2023-07-26,HDFC Short Term Debt Fund - Regular - Growth,104.60730557170508,Mutual Fund,100025
2023-07-27,HDFC Short Term Debt Fund - Regular - Growth,104.74485976691805,Mutual Fund,100025
2023-07-28,HDFC Short Term Debt Fund - Regular - Growth,104.53662855427521,Mutual Fund,100025
2023-07-31,HDFC Short Term Debt Fund - Regular - Growth,104.81287689659516,Mutual Fund,100025
2023-08-01,HDFC Short Term Debt Fund - Regular - Growth,104.95727080317229,Mutual Fund,100025
2023-08-02,HDFC Short Term Debt Fund - Regular - Growth,104.90255311225884,Mutual Fund,100025
2023-08-03,HDFC Short Term Debt Fund - Regular - Growth,105.35663395004748,Mutual Fund,100025
2023-08-04,HDFC Short Term Debt Fund - Regular - Growth,105.80121518871921,Mutual Fund,100025
2023-08-07,HDFC Short Term Debt Fund - Regular - Growth,106.08050340275659,Mutual Fund,100025
2023-08-08,HDFC Short Term Debt Fund - Regular - Growth,105.30647606671015,Mutual Fund,100025
2023-08-09,HDFC Short Term Debt Fund - Regular - Growth,105.75675706485204,Mutual Fund,100025
2023-08-10,HDFC Short Term Debt Fund - Regular - Growth,105.99880685035107,Mutual Fund,100025
2023-08-11,HDFC Short Term Debt Fund - Regular - Growth,106.56650289357808,Mutual Fund,100025
2023-08-14,HDFC Short Term Debt Fund - Regular - Growth,106.93014754777366,Mutual Fund,100025
2023-08-15,HDFC Short Term Debt Fund - Regular - Growth,107.38688827331504,Mutual Fund,100025
2023-08-16,HDFC Short Term Debt Fund - Regular - Growth,107.65553693634146,Mutual Fund,100025
2023-08-17,HDFC Short Term Debt Fund - Regular - Growth,108.05300016339328,Mutual Fund,100025
2023-08-18,HDFC Short Term Debt Fund - Regular - Growth,108.62829588591379,Mutual Fund,100025
2023-08-21,HDFC Short Term Debt Fund - Regular - Growth,108.71873206950684,Mutual Fund,100025
2023-08-22,HDFC Short Term Debt Fund - Regular - Growth,108.3197489065963,Mutual Fund,100025
2023-08-23,HDFC Short Term Debt Fund - Regular - Growth,108.26655115154158,Mutual Fund,100025
2023-08-24,HDFC Short Term Debt Fund - Regular - Growth,108.40410534675455,Mutual Fund,100025
2023-08-25,HDFC Short Term Debt Fund - Regular - Growth,108.45540318198591,Mutual Fund,100025
2023-08-28,HDFC Short Term Debt Fund - Regular - Growth,108.14647621870377,Mutual Fund,100025
2023-08-29,HDFC Short Term Debt Fund - Regular - Growth,107.73343364910022,Mutual Fund,100025
2023-08-30,HDFC Short Term Debt Fund - Regular - Growth,107.56320083292508,Mutual Fund,100025
2023-08-31,HDFC Short Term Debt Fund - Regular - Growth,107.81323028168235,Mutual Fund,100025
2023-09-01,HDFC Short Term Debt Fund - Regular - Growth,108.27415083083518,Mutual Fund,100025
2023-09-04,HDFC Short Term Debt Fund - Regular - Growth,108.55571894866063,Mutual Fund,100025
2023-09-05,HDFC Short Term Debt Fund - Regular - Growth,108.87642541484774,Mutual Fund,100025
2023-09-06,HDFC Short Term Debt Fund - Regular - Growth,108.88516504603531,Mutual Fund,100025
2023-09-07,HDFC Short Term Debt Fund - Regular - Growth,108.43944385546955,Mutual Fund,100025
2023-09-08,HDFC Short Term Debt Fund - Regular - Growth,108.34596780015909,Mutual Fund,100025
2023-09-11,HDFC Short Term Debt Fund - Regular - Growth,108.30644946783269,Mutual Fund,100025
2023-09-12,HDFC Short Term Debt Fund - Regular - Growth,108.20157389358194,Mutual Fund,100025
2023-09-13,HDFC Short Term Debt Fund - Regular - Growth,108.24755195330782,Mutual Fund,100025
2023-09-14,HDFC Short Term Debt Fund - Regular - Growth,108.39878557124914,Mutual Fund,100025
2023-09-15,HDFC Short Term Debt Fund - Regular - Growth,108.66325441066411,Mutual Fund,100025
2023-09-18,HDFC Short Term Debt Fund - Regular - Growth,108.6180363188676,Mutual Fund,100025
2023-09-19,HDFC Short Term Debt Fund - Regular - Growth,108.12937694029337,Mutual Fund,100025
2023-09-20,HDFC Short Term Debt Fund - Regular - Growth,108.02868118965405,Mutual Fund,100025
2023-09-21,HDFC Short Term Debt Fund - Regular - Growth,108.07123939369782,Mutual Fund,100025
2023-09-22,HDFC Short Term Debt Fund - Regular - Growth,108.43602399978745,Mutual Fund,100025
2023-09-25,HDFC Short Term Debt Fund - Regular - Growth,108.31176924333819,Mutual Fund,100025
2023-09-26,HDFC Short Term Debt Fund - Regular - Growth,108.48276202744267,Mutual Fund,100025
2023-09-27,HDFC Short Term Debt Fund - Regular - Growth,108.59295737719891,Mutual Fund,100025
2023-09-28,HDFC Short Term Debt Fund - Regular - Growth,108.63627554917208,Mutual Fund,100025
2023-09-29,HDFC Short Term Debt Fund - Regular - Growth,108.92240347457363,Mutual Fund,100025
2023-10-02,HDFC Short Term Debt Fund - Regular - Growth,108.77230980852634,Mutual Fund,100025
2023-10-03,HDFC Short Term Debt Fund - Regular - Growth,108.64577514828902,Mutual Fund,100025
2023-10-04,HDFC Short Term Debt Fund - Regular - Growth,108.67351397771041,Mutual Fund,100025
2023-10-05,HDFC Short Term Debt Fund - Regular - Growth,108.52912007113326,Mutual Fund,100025
2023-10-06,HDFC Short Term Debt Fund - Regular - Growth,108.69935288730844,Mutual Fund,100025
2023-10-09,HDFC Short Term Debt Fund - Regular - Growth,108.5351998145681,Mutual Fund,100025
2023-10-10,HDFC Short Term Debt Fund - Regular - Growth,108.62829588591387,Mutual Fund,100025
2023-10-11,HDFC Short Term Debt Fund - Regular - Growth,108.63171574159598,Mutual Fund,100025
2023-10-12,HDFC Short Term Debt Fund - Regular - Growth,108.72177194122436,Mutual Fund,100025
2023-10-13,HDFC Short Term Debt Fund - Regular - Growth,108.62677595005519,Mutual Fund,100025
2023-10-16,HDFC Short Term Debt Fund - Regular - Growth,108.56521854777756,Mutual Fund,100025
2023-10-17,HDFC Short Term Debt Fund - Regular - Growth,108.62221614247905,Mutual Fund,100025
2023-10-18,HDFC Short Term Debt Fund - Regular - Growth,108.70885248642533,Mutual Fund,100025
2023-10-19,HDFC Short Term Debt Fund - Regular - Growth,108.73849123567012,Mutual Fund,100025
2023-10-20,HDFC Short Term Debt Fund - Regular - Growth,109.23817014921997,Mutual Fund,100025
2023-10-23,HDFC Short Term Debt Fund - Regular - Growth,108.99688033165027,Mutual Fund,100025
2023-10-24,HDFC Short Term Debt Fund - Regular - Growth,109.0105597543786,Mutual Fund,100025
2023-10-25,HDFC Short Term Debt Fund - Regular - Growth,108.61005665560938,Mutual Fund,100025
2023-10-26,HDFC Short Term Debt Fund - Regular - Growth,108.74305104324623,Mutual Fund,100025
2023-10-27,HDFC Short Term Debt Fund - Regular - Growth,108.46870262074965,Mutual Fund,100025
2023-10-30,HDFC Short Term Debt Fund - Regular - Growth,108.42386451291782,Mutual Fund,100025
2023-10-31,HDFC Short Term Debt Fund - Regular - Growth,108.35318749548794,Mutual Fund,100025
2023-11-01,HDFC Short Term Debt Fund - Regular - Growth,108.46072295749146,Mutual Fund,100025
2023-11-02,HDFC Short Term Debt Fund - Regular - Growth,108.34064802465362,Mutual Fund,100025
2023-11-03,HDFC Short Term Debt Fund - Regular - Growth,108.20917357287547,Mutual Fund,100025
2023-11-06,HDFC Short Term Debt Fund - Regular - Growth,108.6324757095253,Mutual Fund,100025
2023-11-07,HDFC Short Term Debt Fund - Regular - Growth,108.74153110738752,Mutual Fund,100025
2023-11-08,HDFC Short Term Debt Fund - Regular - Growth,108.61879628679694,Mutual Fund,100025
2023-11-09,HDFC Short Term Debt Fund - Regular - Growth,108.58117787429393,Mutual Fund,100025
2023-11-10,HDFC Short Term Debt Fund - Regular - Growth,109.06375750943333,Mutual Fund,100025
2023-11-13,HDFC Short Term Debt Fund - Regular - Growth,109.02993893657711,Mutual Fund,100025
2023-11-14,HDFC Short Term Debt Fund - Regular - Growth,108.8718656072716,Mutual Fund,100025
2023-11-15,HDFC Short Term Debt Fund - Regular - Growth,108.71531221382477,Mutual Fund,100025
2023-11-16,HDFC Short Term Debt Fund - Regular - Growth,108.5959972489163,Mutual Fund,100025
2023-11-17,HDFC Short Term Debt Fund - Regular - Growth,108.46452279713816,Mutual Fund,100025
2023-11-20,HDFC Short Term Debt Fund - Regular - Growth,108.1460962347391,Mutual Fund,100025
2023-11-21,HDFC Short Term Debt Fund - Regular - Growth,107.87098784431318,Mutual Fund,100025
2023-11-22,HDFC Short Term Debt Fund - Regular - Growth,107.67681603836338,Mutual Fund,100025
2023-11-23,HDFC Short Term Debt Fund - Regular - Growth,107.86794797259576,Mutual Fund,100025
2023-11-24,HDFC Short Term Debt Fund - Regular - Growth,107.79537103534251,Mutual Fund,100025
2023-11-27,HDFC Short Term Debt Fund - Regular - Growth,107.76991210970917,Mutual Fund,100025
2023-11-28,HDFC Short Term Debt Fund - Regular - Growth,108.14609623473908,Mutual Fund,100025
2023-11-29,HDFC Short Term Debt Fund - Regular - Growth,108.5306400069919,Mutual Fund,100025
2023-11-30,HDFC Short Term Debt Fund - Regular - Growth,108.48466194726602,Mutual Fund,100025
2023-12-01,HDFC Short Term Debt Fund - Regular - Growth,108.34330791240629,Mutual Fund,100025
2023-12-04,HDFC Short Term Debt Fund - Regular - Growth,108.13849655544556,Mutual Fund,100025
2023-12-05,HDFC Short Term Debt Fund - Regular - Growth,108.3581272870287,Mutual Fund,100025
2023-12-06,HDFC Short Term Debt Fund - Regular - Growth,108.3334283293247,Mutual Fund,100025
2023-12-07,HDFC Short Term Debt Fund - Regular - Growth,108.25895147224809,Mutual Fund,100025
2023-12-08,HDFC Short Term Debt Fund - Regular - Growth,108.06781953801573,Mutual Fund,100025
2023-12-11,HDFC Short Term Debt Fund - Regular - Growth,107.88922707461768,Mutual Fund,100025
2023-12-12,HDFC Short Term Debt Fund - Regular - Growth,108.00740208763213,Mutual Fund,100025
2023-12-13,HDFC Short Term Debt Fund - Regular - Growth,107.68061587801019,Mutual Fund,100025
2023-12-14,HDFC Short Term Debt Fund - Regular - Growth,107.98156317803411,Mutual Fund,100025
2023-12-15,HDFC Short Term Debt Fund - Regular - Growth,107.86756798863111,Mutual Fund,100025
2023-12-18,HDFC Short Term Debt Fund - Regular - Growth,107.8576884055495,Mutual Fund,100025
2023-12-19,HDFC Short Term Debt Fund - Regular - Growth,107.52558242042207,Mutual Fund,100025
2023-12-20,HDFC Short Term Debt Fund - Regular - Growth,107.5529412658788,Mutual Fund,100025
2023-12-21,HDFC Short Term Debt Fund - Regular - Growth,107.49480371928325,Mutual Fund,100025
2023-12-22,HDFC Short Term Debt Fund - Regular - Growth,107.51190299769371,Mutual Fund,100025
2023-12-25,HDFC Short Term Debt Fund - Regular - Growth,107.94204484570773,Mutual Fund,100025
2023-12-26,HDFC Short Term Debt Fund - Regular - Growth,108.02108151036049,Mutual Fund,100025
2023-12-27,HDFC Short Term Debt Fund - Regular - Growth,107.83602931956293,Mutual Fund,100025
2023-12-28,HDFC Short Term Debt Fund - Regular - Growth,107.673776166646,Mutual Fund,100025
2023-12-29,HDFC Short Term Debt Fund - Regular - Growth,107.8660480527724,Mutual Fund,100025
2024-01-01,HDFC Short Term Debt Fund - Regular - Growth,108.25059182502521,Mutual Fund,100025
2024-01-02,HDFC Short Term Debt Fund - Regular - Growth,108.35850727099341,Mutual Fund,100025
2024-01-03,HDFC Short Term Debt Fund - Regular - Growth,108.57775801861187,Mutual Fund,100025
2024-01-04,HDFC Short Term Debt Fund - Regular - Growth,108.77572966420843,Mutual Fund,100025
2024-01-05,HDFC Short Term Debt Fund - Regular - Growth,109.19637191310554,Mutual Fund,100025
2024-01-08,HDFC Short Term Debt Fund - Regular - Growth,108.69251317594424,Mutual Fund,100025
2024-01-09,HDFC Short Term Debt Fund - Regular - Growth,108.90644414805719,Mutual Fund,100025
2024-01-10,HDFC Short Term Debt Fund - Regular - Growth,109.20777143204583,Mutual Fund,100025
2024-01-11,HDFC Short Term Debt Fund - Regular - Growth,108.87110563934228,Mutual Fund,100025
2024-01-12,HDFC Short Term Debt Fund - Regular - Growth,108.65945457101738,Mutual Fund,100025
2024-01-15,HDFC Short Term Debt Fund - Regular - Growth,108.45806306973873,Mutual Fund,100025
2024-01-16,HDFC Short Term Debt Fund - Regular - Growth,108.28973017338694,Mutual Fund,100025
2024-01-17,HDFC Short Term Debt Fund - Regular - Growth,108.1894144067123,Mutual Fund,100025
2024-01-18,HDFC Short Term Debt Fund - Regular - Growth,108.28631031770483,Mutual Fund,100025
2024-01-19,HDFC Short Term Debt Fund - Regular - Growth,108.55381902883722,Mutual Fund,100025
2024-01-22,HDFC Short Term Debt Fund - Regular - Growth,108.88136520638854,Mutual Fund,100025
2024-01-23,HDFC Short Term Debt Fund - Regular - Growth,108.68263359286263,Mutual Fund,100025
2024-01-24,HDFC Short Term Debt Fund - Regular - Growth,108.48276202744269,Mutual Fund,100025
2024-01-25,HDFC Short Term Debt Fund - Regular - Growth,108.8741455110597,Mutual Fund,100025
2024-01-26,HDFC Short Term Debt Fund - Regular - Growth,109.08275670766719,Mutual Fund,100025
2024-01-29,HDFC Short Term Debt Fund - Regular - Growth,109.13671443065127,Mutual Fund,100025
2024-01-30,HDFC Short Term Debt Fund - Regular - Growth,109.29820761563886,Mutual Fund,100025
2024-01-31,HDFC Short Term Debt Fund - Regular - Growth,109.32100665351948,Mutual Fund,100025
2024-02-01,HDFC Short Term Debt Fund - Regular - Growth,109.49693922916477,Mutual Fund,100025
2024-02-02,HDFC Short Term Debt Fund - Regular - Growth,109.43576181085184,Mutual Fund,100025
2024-02-05,HDFC Short Term Debt Fund - Regular - Growth,109.54101736906728,Mutual Fund,100025
2024-02-06,HDFC Short Term Debt Fund - Regular - Growth,109.15609361284979,Mutual Fund,100025
2024-02-07,HDFC Short Term Debt Fund - Regular - Growth,108.99802028354428,Mutual Fund,100025
2024-02-08,HDFC Short Term Debt Fund - Regular - Growth,108.84336680992088,Mutual Fund,100025
2024-02-09,HDFC Short Term Debt Fund - Regular - Growth,108.77192982456165,Mutual Fund,100025
2024-02-12,HDFC Short Term Debt Fund - Regular - Growth,108.54925922126112,Mutual Fund,100025
2024-02-13,HDFC Short Term Debt Fund - Regular - Growth,108.43450406392876,Mutual Fund,100025
2024-02-14,HDFC Short Term Debt Fund - Regular - Growth,108.05224019546402,Mutual Fund,100025
2024-02-15,HDFC Short Term Debt Fund - Regular - Growth,108.23273257868544,Mutual Fund,100025
2024-02-16,HDFC Short Term Debt Fund - Regular - Growth,108.24109222590835,Mutual Fund,100025
2024-02-19,HDFC Short Term Debt Fund - Regular - Growth,107.80791050617691,Mutual Fund,100025
2024-02-20,HDFC Short Term Debt Fund - Regular - Growth,107.61221876436842,Mutual Fund,100025
2024-02-21,HDFC Short Term Debt Fund - Regular - Growth,107.73419361702963,Mutual Fund,100025
2024-02-22,HDFC Short Term Debt Fund - Regular - Growth,107.61753853987388,Mutual Fund,100025
2024-02-23,HDFC Short Term Debt Fund - Regular - Growth,107.4594652105684,Mutual Fund,100025
2024-02-26,HDFC Short Term Debt Fund - Regular - Growth,107.47010476157935,Mutual Fund,100025
2024-02-27,HDFC Short Term Debt Fund - Regular - Growth,107.59397953406395,Mutual Fund,100025
2024-02-28,HDFC Short Term Debt Fund - Regular - Growth,107.23565465537384,Mutual Fund,100025
2024-02-29,HDFC Short Term Debt Fund - Regular - Growth,107.41500708670124,Mutual Fund,100025
2024-03-01,HDFC Short Term Debt Fund - Regular - Growth,107.22957491193903,Mutual Fund,100025
2024-03-04,HDFC Short Term Debt Fund - Regular - Growth,107.25503383757236,Mutual Fund,100025
2024-03-05,HDFC Short Term Debt Fund - Regular - Growth,107.27631293959425,Mutual Fund,100025
2024-03-06,HDFC Short Term Debt Fund - Regular - Growth,107.16459765397931,Mutual Fund,100025
2024-03-07,HDFC Short Term Debt Fund - Regular - Growth,106.91912801279817,Mutual Fund,100025
2024-03-08,HDFC Short Term Debt Fund - Regular - Growth,106.87276996910762,Mutual Fund,100025
2024-03-11,HDFC Short Term Debt Fund - Regular - Growth,107.34167018151865,Mutual Fund,100025
2024-03-12,HDFC Short Term Debt Fund - Regular - Growth,107.00462440485043,Mutual Fund,100025
2024-03-13,HDFC Short Term Debt Fund - Regular - Growth,107.49290379946,Mutual Fund,100025
2024-03-14,HDFC Short Term Debt Fund - Regular - Growth,107.45300548316894,Mutual Fund,100025
2024-03-15,HDFC Short Term Debt Fund - Regular - Growth,107.49328378342466,Mutual Fund,100025
2024-03-18,HDFC Short Term Debt Fund - Regular - Growth,107.2299548959037,Mutual Fund,100025
2024-03-19,HDFC Short Term Debt Fund - Regular - Growth,107.0525023843997,Mutual Fund,100025
2024-03-20,HDFC Short Term Debt Fund - Regular - Growth,106.94762681014893,Mutual Fund,100025
2024-03-21,HDFC Short Term Debt Fund - Regular - Growth,106.69645740949764,Mutual Fund,100025
2024-03-22,HDFC Short Term Debt Fund - Regular - Growth,106.67099848386432,Mutual Fund,100025
2024-03-25,HDFC Short Term Debt Fund - Regular - Growth,106.59196181921156,Mutual Fund,100025
2024-03-26,HDFC Short Term Debt Fund - Regular - Growth,107.12089949804151,Mutual Fund,100025
2024-03-27,HDFC Short Term Debt Fund - Regular - Growth,106.83705147642802,Mutual Fund,100025
2024-03-28,HDFC Short Term Debt Fund - Regular - Growth,106.89518902302353,Mutual Fund,100025
2024-03-29,HDFC Short Term Debt Fund - Regular - Growth,106.99246491798075,Mutual Fund,100025
2024-04-01,HDFC Short Term Debt Fund - Regular - Growth,106.73483578992997,Mutual Fund,100025
2024-04-02,HDFC Short Term Debt Fund - Regular - Growth,106.95028669790165,Mutual Fund,100025
2024-04-03,HDFC Short Term Debt Fund - Regular - Growth,106.87352993703696,Mutual Fund,100025
2024-04-04,HDFC Short Term Debt Fund - Regular - Growth,106.23477689241543,Mutual Fund,100025
2024-04-05,HDFC Short Term Debt Fund - Regular - Growth,106.44186815316424,Mutual Fund,100025
2024-04-08,HDFC Short Term Debt Fund - Regular - Growth,106.17321949013783,Mutual Fund,100025
2024-04-09,HDFC Short Term Debt Fund - Regular - Growth,105.92357002534524,Mutual Fund,100025
2024-04-10,HDFC Short Term Debt Fund - Regular - Growth,106.1375009974582,Mutual Fund,100025
2024-04-11,HDFC Short Term Debt Fund - Regular - Growth,106.07518362725123,Mutual Fund,100025
2024-04-12,HDFC Short Term Debt Fund - Regular - Growth,106.3510519856065,Mutual Fund,100025
2024-04-15,HDFC Short Term Debt Fund - Regular - Growth,106.70633699257921,Mutual Fund,100025
2024-04-16,HDFC Short Term Debt Fund - Regular - Growth,106.56346302186077,Mutual Fund,100025
2024-04-17,HDFC Short Term Debt Fund - Regular - Growth,106.80741272718322,Mutual Fund,100025
2024-04-18,HDFC Short Term Debt Fund - Regular - Growth,106.6345200232553,Mutual Fund,100025
2024-04-19,HDFC Short Term Debt Fund - Regular - Growth,107.26681334047731,Mutual Fund,100025
2024-04-22,HDFC Short Term Debt Fund - Regular - Growth,107.11025994703051,Mutual Fund,100025
2024-04-23,HDFC Short Term Debt Fund - Regular - Growth,107.41842694238332,Mutual Fund,100025
2024-04-24,HDFC Short Term Debt Fund - Regular - Growth,107.67795599025752,Mutual Fund,100025
2024-04-25,HDFC Short Term Debt Fund - Regular - Growth,107.7942310834486,Mutual Fund,100025
2024-04-26,HDFC Short Term Debt Fund - Regular - Growth,107.64299746550728,Mutual Fund,100025
2024-04-29,HDFC Short Term Debt Fund - Regular - Growth,107.63273789846102,Mutual Fund,100025
2024-04-30,HDFC Short Term Debt Fund - Regular - Growth,107.08100118175045,Mutual Fund,100025
2024-05-01,HDFC Short Term Debt Fund - Regular - Growth,107.17219733327288,Mutual Fund,100025
2024-05-02,HDFC Short Term Debt Fund - Regular - Growth,107.2972120576515,Mutual Fund,100025
2024-05-03,HDFC Short Term Debt Fund - Regular - Growth,107.36408923543459,Mutual Fund,100025
2024-05-06,HDFC Short Term Debt Fund - Regular - Growth,106.59310177110557,Mutual Fund,100025
2024-05-07,HDFC Short Term Debt Fund - Regular - Growth,106.28417480782342,Mutual Fund,100025
2024-05-08,HDFC Short Term Debt Fund - Regular - Growth,106.11432197561292,Mutual Fund,100025
2024-05-09,HDFC Short Term Debt Fund - Regular - Growth,106.22261740554579,Mutual Fund,100025
2024-05-10,HDFC Short Term Debt Fund - Regular - Growth,106.330532851514,Mutual Fund,100025
2024-05-13,HDFC Short Term Debt Fund - Regular - Growth,106.31533349292692,Mutual Fund,100025
2024-05-14,HDFC Short Term Debt Fund - Regular - Growth,106.5159650262762,Mutual Fund,100025
2024-05-15,HDFC Short Term Debt Fund - Regular - Growth,106.27125535302442,Mutual Fund,100025
2024-05-16,HDFC Short Term Debt Fund - Regular - Growth,106.46504717500953,Mutual Fund,100025
2024-05-17,HDFC Short Term Debt Fund - Regular - Growth,106.62312050431501,Mutual Fund,100025
2024-05-20,HDFC Short Term Debt Fund - Regular - Growth,106.75497494005783,Mutual Fund,100025
2024-05-21,HDFC Short Term Debt Fund - Regular - Growth,106.73673570975335,Mutual Fund,100025
2024-05-22,HDFC Short Term Debt Fund - Regular - Growth,107.26073359704252,Mutual Fund,100025
2024-05-23,HDFC Short Term Debt Fund - Regular - Growth,107.42488666978285,Mutual Fund,100025
2024-05-24,HDFC Short Term Debt Fund - Regular - Growth,107.19347643529476,Mutual Fund,100025
2024-05-27,HDFC Short Term Debt Fund - Regular - Growth,107.29151229818135,Mutual Fund,100025
2024-05-28,HDFC Short Term Debt Fund - Regular - Growth,107.52558242042218,Mutual Fund,100025
2024-05-29,HDFC Short Term Debt Fund - Regular - Growth,107.39714784036147,Mutual Fund,100025
2024-05-30,HDFC Short Term Debt Fund - Regular - Growth,107.72317408205407,Mutual Fund,100025
2024-05-31,HDFC Short Term Debt Fund - Regular - Growth,107.85768840554961,Mutual Fund,100025
2024-06-03,HDFC Short Term Debt Fund - Regular - Growth,107.25351390171367,Mutual Fund,100025
2024-06-04,HDFC Short Term Debt Fund - Regular - Growth,107.36522918732861,Mutual Fund,100025
2024-06-05,HDFC Short Term Debt Fund - Regular - Growth,107.28619252267586,Mutual Fund,100025
2024-06-06,HDFC Short Term Debt Fund - Regular - Growth,107.46212509832117,Mutual Fund,100025
2024-06-07,HDFC Short Term Debt Fund - Regular - Growth,107.74901299165207,Mutual Fund,100025
2024-06-10,HDFC Short Term Debt Fund - Regular - Growth,107.83260946388094,Mutual Fund,100025
2024-06-11,HDFC Short Term Debt Fund - Regular - Growth,108.31708901884372,Mutual Fund,100025
2024-06-12,HDFC Short Term Debt Fund - Regular - Growth,108.2992297725039,Mutual Fund,100025
2024-06-13,HDFC Short Term Debt Fund - Regular - Growth,108.50100125774719,Mutual Fund,100025
2024-06-14,HDFC Short Term Debt Fund - Regular - Growth,108.75217065839851,Mutual Fund,100025
2024-06-17,HDFC Short Term Debt Fund - Regular - Growth,108.75673046597463,Mutual Fund,100025
2024-06-18,HDFC Short Term Debt Fund - Regular - Growth,109.00144013922642,Mutual Fund,100025
2024-06-19,HDFC Short Term Debt Fund - Regular - Growth,108.86920571951893,Mutual Fund,100025
2024-06-20,HDFC Short Term Debt Fund - Regular - Growth,108.78446929539602,Mutual Fund,100025
2024-06-21,HDFC Short Term Debt Fund - Regular - Growth,108.45616314991537,Mutual Fund,100025
2024-06-24,HDFC Short Term Debt Fund - Regular - Growth,108.55343904487262,Mutual Fund,100025
2024-06-25,HDFC Short Term Debt Fund - Regular - Growth,108.67351397771046,Mutual Fund,100025
2024-06-26,HDFC Short Term Debt Fund - Regular - Growth,109.02803901675382,Mutual Fund,100025
2024-06-27,HDFC Short Term Debt Fund - Regular - Growth,109.27654852965239,Mutual Fund,100025
2024-06-28,HDFC Short Term Debt Fund - Regular - Growth,109.22943051803247,Mutual Fund,100025
2024-07-01,HDFC Short Term Debt Fund - Regular - Growth,108.93684286523143,Mutual Fund,100025
2024-07-02,HDFC Short Term Debt Fund - Regular - Growth,109.08693653127872,Mutual Fund,100025
2024-07-03,HDFC Short Term Debt Fund - Regular - Growth,109.42398230794694,Mutual Fund,100025
2024-07-04,HDFC Short Term Debt Fund - Regular - Growth,109.66375218965791,Mutual Fund,100025
2024-07-05,HDFC Short Term Debt Fund - Regular - Growth,109.99509820685599,Mutual Fund,100025
2024-07-08,HDFC Short Term Debt Fund - Regular - Growth,109.96773936139928,Mutual Fund,100025
2024-07-09,HDFC Short Term Debt Fund - Regular - Growth,109.87008348247736,Mutual Fund,100025
2024-07-10,HDFC Short Term Debt Fund - Regular - Growth,109.69757076251412,Mutual Fund,100025
2024-07-11,HDFC Short Term Debt Fund - Regular - Growth,109.71353008903053,Mutual Fund,100025
2024-07-12,HDFC Short Term Debt Fund - Regular - Growth,109.72302968814745,Mutual Fund,100025
2024-07-15,HDFC Short Term Debt Fund - Regular - Growth,109.81156595191712,Mutual Fund,100025
2024-07-16,HDFC Short Term Debt Fund - Regular - Growth,109.807006144341,Mutual Fund,100025
2024-07-17,HDFC Short Term Debt Fund - Regular - Growth,109.80168636883552,Mutual Fund,100025
2024-07-18,HDFC Short Term Debt Fund - Regular - Growth,109.61815411389668,Mutual Fund,100025
2024-07-19,HDFC Short Term Debt Fund - Regular - Growth,109.90998179876838,Mutual Fund,100025
2024-07-22,HDFC Short Term Debt Fund - Regular - Growth,109.96241958589377,Mutual Fund,100025
2024-07-23,HDFC Short Term Debt Fund - Regular - Growth,109.94570029144799,Mutual Fund,100025
2024-07-24,HDFC Short Term Debt Fund - Regular - Growth,109.77014769976736,Mutual Fund,100025
2024-07-25,HDFC Short Term Debt Fund - Regular - Growth,109.43348190706381,Mutual Fund,100025
2024-07-26,HDFC Short Term Debt Fund - Regular - Growth,109.82638532653952,Mutual Fund,100025
2024-07-29,HDFC Short Term Debt Fund - Regular - Growth,110.01143751733709,Mutual Fund,100025
2024-07-30,HDFC Short Term Debt Fund - Regular - Growth,109.59345515619272,Mutual Fund,100025
2024-07-31,HDFC Short Term Debt Fund - Regular - Growth,109.83550494169178,Mutual Fund,100025
2024-08-01,HDFC Short Term Debt Fund - Regular - Growth,110.12277281898737,Mutual Fund,100025
2024-08-02,HDFC Short Term Debt Fund - Regular - Growth,110.18889002884113,Mutual Fund,100025
2024-08-05,HDFC Short Term Debt Fund - Regular - Growth,110.66500993658104,Mutual Fund,100025
2024-08-06,HDFC Short Term Debt Fund - Regular - Growth,110.75696605603281,Mutual Fund,100025
2024-08-07,HDFC Short Term Debt Fund - Regular - Growth,110.39370138580186,Mutual Fund,100025
2024-08-08,HDFC Short Term Debt Fund - Regular - Growth,110.5270757574034,Mutual Fund,100025
2024-08-09,HDFC Short Term Debt Fund - Regular - Growth,110.62701154011339,Mutual Fund,100025
2024-08-12,HDFC Short Term Debt Fund - Regular - Growth,110.49059729679445,Mutual Fund,100025
2024-08-13,HDFC Short Term Debt Fund - Regular - Growth,110.68172923102682,Mutual Fund,100025
2024-08-14,HDFC Short Term Debt Fund - Regular - Growth,110.24930747922474,Mutual Fund,100025
2024-08-15,HDFC Short Term Debt Fund - Regular - Growth,110.5563345226835,Mutual Fund,100025
2024-08-16,HDFC Short Term Debt Fund - Regular - Growth,110.34354350246456,Mutual Fund,100025
2024-08-19,HDFC Short Term Debt Fund - Regular - Growth,110.10149371696549,Mutual Fund,100025
2024-08-20,HDFC Short Term Debt Fund - Regular - Growth,110.10149371696549,Mutual Fund,100025
2024-08-21,HDFC Short Term Debt Fund - Regular - Growth,110.2531073188715,Mutual Fund,100025
2024-08-22,HDFC Short Term Debt Fund - Regular - Growth,110.33024406370086,Mutual Fund,100025
2024-08-23,HDFC Short Term Debt Fund - Regular - Growth,110.15545143994959,Mutual Fund,100025
2024-08-26,HDFC Short Term Debt Fund - Regular - Growth,110.04639604208737,Mutual Fund,100025
2024-08-27,HDFC Short Term Debt Fund - Regular - Growth,109.7640679563326,Mutual Fund,100025
2024-08-28,HDFC Short Term Debt Fund - Regular - Growth,109.7332892551938,Mutual Fund,100025
2024-08-29,HDFC Short Term Debt Fund - Regular - Growth,110.0623553686038,Mutual Fund,100025
2024-08-30,HDFC Short Term Debt Fund - Regular - Growth,110.09237410181325,Mutual Fund,100025
2024-09-02,HDFC Short Term Debt Fund - Regular - Growth,110.36254270069838,Mutual Fund,100025
2024-09-03,HDFC Short Term Debt Fund - Regular - Growth,110.79990424404124,Mutual Fund,100025
2024-09-04,HDFC Short Term Debt Fund - Regular - Growth,110.6672898403691,Mutual Fund,100025
2024-09-05,HDFC Short Term Debt Fund - Regular - Growth,110.64715069024122,Mutual Fund,100025
2024-09-06,HDFC Short Term Debt Fund - Regular - Growth,111.28590373486273,Mutual Fund,100025
2024-09-09,HDFC Short Term Debt Fund - Regular - Growth,111.7236452621703,Mutual Fund,100025
2024-09-10,HDFC Short Term Debt Fund - Regular - Growth,111.28552375089807,Mutual Fund,100025
2024-09-11,HDFC Short Term Debt Fund - Regular - Growth,111.42573783386376,Mutual Fund,100025
2024-09-12,HDFC Short Term Debt Fund - Regular - Growth,111.45803647086127,Mutual Fund,100025
2024-09-13,HDFC Short Term Debt Fund - Regular - Growth,111.72212532631158,Mutual Fund,100025
2024-09-16,HDFC Short Term Debt Fund - Regular - Growth,111.54467281480758,Mutual Fund,100025
2024-09-17,HDFC Short Term Debt Fund - Regular - Growth,111.34062142577619,Mutual Fund,100025
2024-09-18,HDFC Short Term Debt Fund - Regular - Growth,111.18292808043535,Mutual Fund,100025
2024-09-19,HDFC Short Term Debt Fund - Regular - Growth,111.05449350037463,Mutual Fund,100025
2024-09-20,HDFC Short Term Debt Fund - Regular - Growth,111.31478251617818,Mutual Fund,100025
2024-09-23,HDFC Short Term Debt Fund - Regular - Growth,111.01535515201297,Mutual Fund,100025
2024-09-24,HDFC Short Term Debt Fund - Regular - Growth,110.87324114922387,Mutual Fund,100025
2024-09-25,HDFC Short Term Debt Fund - Regular - Growth,110.40586087267155,Mutual Fund,100025
2024-09-26,HDFC Short Term Debt Fund - Regular - Growth,110.71820769163578,Mutual Fund,100025
2024-09-27,HDFC Short Term Debt Fund - Regular - Growth,111.10503136767666,Mutual Fund,100025
2024-09-30,HDFC Short Term Debt Fund - Regular - Growth,111.04537388522242,Mutual Fund,100025
2024-10-01,HDFC Short Term Debt Fund - Regular - Growth,110.99369606602639,Mutual Fund,100025
2024-10-02,HDFC Short Term Debt Fund - Regular - Growth,111.15214937929656,Mutual Fund,100025
2024-10-03,HDFC Short Term Debt Fund - Regular - Growth,111.5978705698623,Mutual Fund,100025
2024-10-04,HDFC Short Term Debt Fund - Regular - Growth,111.7445443802275,Mutual Fund,100025
2024-10-07,HDFC Short Term Debt Fund - Regular - Growth,111.58039130748718,Mutual Fund,100025
2024-10-08,HDFC Short Term Debt Fund - Regular - Growth,111.1578491387667,Mutual Fund,100025
2024-10-09,HDFC Short Term Debt Fund - Regular - Growth,110.87780095679997,Mutual Fund,100025
2024-10-10,HDFC Short Term Debt Fund - Regular - Growth,110.92985875996068,Mutual Fund,100025
2024-10-11,HDFC Short Term Debt Fund - Regular - Growth,110.77862514201935,Mutual Fund,100025
2024-10-14,HDFC Short Term Debt Fund - Regular - Growth,110.86450151803629,Mutual Fund,100025
2024-10-15,HDFC Short Term Debt Fund - Regular - Growth,110.74176669744571,Mutual Fund,100025
2024-10-16,HDFC Short Term Debt Fund - Regular - Growth,110.47843780992477,Mutual Fund,100025
2024-10-17,HDFC Short Term Debt Fund - Regular - Growth,110.1828102854063,Mutual Fund,100025
2024-10-18,HDFC Short Term Debt Fund - Regular - Growth,110.6490506100646,Mutual Fund,100025
2024-10-21,HDFC Short Term Debt Fund - Regular - Growth,110.92871880806668,Mutual Fund,100025
2024-10-22,HDFC Short Term Debt Fund - Regular - Growth,111.44549700002698,Mutual Fund,100025
2024-10-23,HDFC Short Term Debt Fund - Regular - Growth,111.6290292549658,Mutual Fund,100025
2024-10-24,HDFC Short Term Debt Fund - Regular - Growth,111.54011300723145,Mutual Fund,100025
2024-10-25,HDFC Short Term Debt Fund - Regular - Growth,111.94479592961213,Mutual Fund,100025
2024-10-28,HDFC Short Term Debt Fund - Regular - Growth,111.96721498352804,Mutual Fund,100025
2024-10-29,HDFC Short Term Debt Fund - Regular - Growth,112.06145100676785,Mutual Fund,100025
2024-10-30,HDFC Short Term Debt Fund - Regular - Growth,112.08159015689574,Mutual Fund,100025
2024-10-31,HDFC Short Term Debt Fund - Regular - Growth,111.28400381503936,Mutual Fund,100025
2024-11-01,HDFC Short Term Debt Fund - Regular - Growth,111.76696343414343,Mutual Fund,100025
2024-11-04,HDFC Short Term Debt Fund - Regular - Growth,111.93719625031859,Mutual Fund,100025
2024-11-05,HDFC Short Term Debt Fund - Regular - Growth,112.06221097469722,Mutual Fund,100025
2024-11-06,HDFC Short Term Debt Fund - Regular - Growth,112.07703034931961,Mutual Fund,100025
2024-11-07,HDFC Short Term Debt Fund - Regular - Growth,112.15530704604299,Mutual Fund,100025
2024-11-08,HDFC Short Term Debt Fund - Regular - Growth,112.0185128187594,Mutual Fund,100025
2024-11-11,HDFC Short Term Debt Fund - Regular - Growth,112.22484411157885,Mutual Fund,100025
2024-11-12,HDFC Short Term Debt Fund - Regular - Growth,111.88779833491063,Mutual Fund,100025
2024-11-13,HDFC Short Term Debt Fund - Regular - Growth,111.97215477506886,Mutual Fund,100025
2024-11-14,HDFC Short Term Debt Fund - Regular - Growth,112.16290672533655,Mutual Fund,100025
2024-11-15,HDFC Short Term Debt Fund - Regular - Growth,112.13858775159724,Mutual Fund,100025
2024-11-18,HDFC Short Term Debt Fund - Regular - Growth,112.27538197888084,Mutual Fund,100025
2024-11-19,HDFC Short Term Debt Fund - Regular - Growth,112.02763243391165,Mutual Fund,100025
2024-11-20,HDFC Short Term Debt Fund - Regular - Growth,111.78710258427131,Mutual Fund,100025
2024-11-21,HDFC Short Term Debt Fund - Regular - Growth,111.88589841508725,Mutual Fund,100025
2024-11-22,HDFC Short Term Debt Fund - Regular - Growth,112.10932898631711,Mutual Fund,100025
2024-11-25,HDFC Short Term Debt Fund - Regular - Growth,111.61268994448467,Mutual Fund,100025
2024-11-26,HDFC Short Term Debt Fund - Regular - Growth,111.79166239184741,Mutual Fund,100025
2024-11-27,HDFC Short Term Debt Fund - Regular - Growth,111.67044750711554,Mutual Fund,100025
2024-11-28,HDFC Short Term Debt Fund - Regular - Growth,111.6484084371643,Mutual Fund,100025
2024-11-29,HDFC Short Term Debt Fund - Regular - Growth,111.30376298120255,Mutual Fund,100025
2024-12-02,HDFC Short Term Debt Fund - Regular - Growth,111.09705170441843,Mutual Fund,100025
2024-12-03,HDFC Short Term Debt Fund - Regular - Growth,111.39951894030106,Mutual Fund,100025
2024-12-04,HDFC Short Term Debt Fund - Regular - Growth,111.44055720848614,Mutual Fund,100025
2024-12-05,HDFC Short Term Debt Fund - Regular - Growth,111.36494039951548,Mutual Fund,100025
2024-12-06,HDFC Short Term Debt Fund - Regular - Growth,111.36418043158614,Mutual Fund,100025
2024-12-09,HDFC Short Term Debt Fund - Regular - Growth,111.53327329586725,Mutual Fund,100025
2024-12-10,HDFC Short Term Debt Fund - Regular - Growth,111.68906672138468,Mutual Fund,100025
2024-12-11,HDFC Short Term Debt Fund - Regular - Growth,111.7000862563603,Mutual Fund,100025
2024-12-12,HDFC Short Term Debt Fund - Regular - Growth,112.0401719047459,Mutual Fund,100025
2024-12-13,HDFC Short Term Debt Fund - Regular - Growth,112.34643898027532,Mutual Fund,100025
2024-12-16,HDFC Short Term Debt Fund - Regular - Growth,112.49577267839328,Mutual Fund,100025
2024-12-17,HDFC Short Term Debt Fund - Regular - Growth,112.54327067397787,Mutual Fund,100025
2024-12-18,HDFC Short Term Debt Fund - Regular - Growth,112.76214143763166,Mutual Fund,100025
2024-12-19,HDFC Short Term Debt Fund - Regular - Growth,112.8837363063282,Mutual Fund,100025
2024-12-20,HDFC Short Term Debt Fund - Regular - Growth,113.2181221952437,Mutual Fund,100025
2024-12-23,HDFC Short Term Debt Fund - Regular - Growth,113.50728999236266,Mutual Fund,100025
2024-12-24,HDFC Short Term Debt Fund - Regular - Growth,113.24890089638251,Mutual Fund,100025
2024-12-25,HDFC Short Term Debt Fund - Regular - Growth,112.97189258613321,Mutual Fund,100025
2024-12-26,HDFC Short Term Debt Fund - Regular - Growth,112.80431965771078,Mutual Fund,100025
2024-12-27,HDFC Short Term Debt Fund - Regular - Growth,113.11476655685165,Mutual Fund,100025
2024-12-30,HDFC Short Term Debt Fund - Regular - Growth,112.69830413156599,Mutual Fund,100025
2024-12-31,HDFC Short Term Debt Fund - Regular - Growth,112.84269803814313,Mutual Fund,100025
2025-01-01,HDFC Short Term Debt Fund - Regular - Growth,112.97835231353271,Mutual Fund,100025
2025-01-02,HDFC Short Term Debt Fund - Regular - Growth,113.3419969677283,Mutual Fund,100025
2025-01-03,HDFC Short Term Debt Fund - Regular - Growth,113.42597342392186,Mutual Fund,100025
2025-01-06,HDFC Short Term Debt Fund - Regular - Growth,113.07486824056059,Mutual Fund,100025
2025-01-07,HDFC Short Term Debt Fund - Regular - Growth,112.83433839092025,Mutual Fund,100025
2025-01-08,HDFC Short Term Debt Fund - Regular - Growth,112.53073120314356,Mutual Fund,100025
2025-01-09,HDFC Short Term Debt Fund - Regular - Growth,112.41065627030574,Mutual Fund,100025
2025-01-10,HDFC Short Term Debt Fund - Regular - Growth,112.39089710414254,Mutual Fund,100025
2025-01-13,HDFC Short Term Debt Fund - Regular - Growth,112.0933696598007,Mutual Fund,100025
2025-01-14,HDFC Short Term Debt Fund - Regular - Growth,112.54175073811919,Mutual Fund,100025
2025-01-15,HDFC Short Term Debt Fund - Regular - Growth,112.19862521801613,Mutual Fund,100025
2025-01-16,HDFC Short Term Debt Fund - Regular - Growth,112.61166778761971,Mutual Fund,100025
2025-01-17,HDFC Short Term Debt Fund - Regular - Growth,112.98101220128547,Mutual Fund,100025
2025-01-20,HDFC Short Term Debt Fund - Regular - Growth,113.26942003047509,Mutual Fund,100025
2025-01-21,HDFC Short Term Debt Fund - Regular - Growth,113.10374702187605,Mutual Fund,100025
2025-01-22,HDFC Short Term Debt Fund - Regular - Growth,113.23370153779548,Mutual Fund,100025
2025-01-23,HDFC Short Term Debt Fund - Regular - Growth,112.90197553663273,Mutual Fund,100025
2025-01-24,HDFC Short Term Debt Fund - Regular - Growth,113.19380322150445,Mutual Fund,100025
2025-01-27,HDFC Short Term Debt Fund - Regular - Growth,113.20520274044476,Mutual Fund,100025
2025-01-28,HDFC Short Term Debt Fund - Regular - Growth,113.12084630028653,Mutual Fund,100025
2025-01-29,HDFC Short Term Debt Fund - Regular - Growth,112.80469964167553,Mutual Fund,100025
2025-01-30,HDFC Short Term Debt Fund - Regular - Growth,112.13478791195053,Mutual Fund,100025
2025-01-31,HDFC Short Term Debt Fund - Regular - Growth,111.87373892821763,Mutual Fund,100025
2025-02-03,HDFC Short Term Debt Fund - Regular - Growth,112.21990432003813,Mutual Fund,100025
2025-02-04,HDFC Short Term Debt Fund - Regular - Growth,112.13782778366794,Mutual Fund,100025
2025-02-05,HDFC Short Term Debt Fund - Regular - Growth,112.1222484411162,Mutual Fund,100025
2025-02-06,HDFC Short Term Debt Fund - Regular - Growth,112.33959926891126,Mutual Fund,100025
2025-02-07,HDFC Short Term Debt Fund - Regular - Growth,112.88411629029298,Mutual Fund,100025
2025-02-10,HDFC Short Term Debt Fund - Regular - Growth,113.29411898817912,Mutual Fund,100025
2025-02-11,HDFC Short Term Debt Fund - Regular - Growth,113.04902933096265,Mutual Fund,100025
2025-02-12,HDFC Short Term Debt Fund - Regular - Growth,112.52921126728495,Mutual Fund,100025
2025-02-13,HDFC Short Term Debt Fund - Regular - Growth,113.2325615859015,Mutual Fund,100025
2025-02-14,HDFC Short Term Debt Fund - Regular - Growth,113.91463280249616,Mutual Fund,100025
2025-02-17,HDFC Short Term Debt Fund - Regular - Growth,114.00126914644244,Mutual Fund,100025
2025-02-18,HDFC Short Term Debt Fund - Regular - Growth,113.66916316131501,Mutual Fund,100025
2025-02-19,HDFC Short Term Debt Fund - Regular - Growth,113.97809012459714,Mutual Fund,100025
2025-02-20,HDFC Short Term Debt Fund - Regular - Growth,113.97961006045585,Mutual Fund,100025
2025-02-21,HDFC Short Term Debt Fund - Regular - Growth,113.97961006045585,Mutual Fund,100025
2025-02-24,HDFC Short Term Debt Fund - Regular - Growth,114.26953782550417,Mutual Fund,100025
2025-02-25,HDFC Short Term Debt Fund - Regular - Growth,114.39835238952958,Mutual Fund,100025
2025-02-26,HDFC Short Term Debt Fund - Regular - Growth,114.0898054102121,Mutual Fund,100025
2025-02-27,HDFC Short Term Debt Fund - Regular - Growth,114.02900797586382,Mutual Fund,100025
2025-02-28,HDFC Short Term Debt Fund - Regular - Growth,114.25167857916436,Mutual Fund,100025
2025-03-03,HDFC Short Term Debt Fund - Regular - Growth,114.43141099445644,Mutual Fund,100025
2025-03-04,HDFC Short Term Debt Fund - Regular - Growth,114.5397064243893,Mutual Fund,100025
2025-03-05,HDFC Short Term Debt Fund - Regular - Growth,114.84217366027192,Mutual Fund,100025
2025-03-06,HDFC Short Term Debt Fund - Regular - Growth,114.77035669094802,Mutual Fund,100025
2025-03-07,HDFC Short Term Debt Fund - Regular - Growth,114.85509311507091,Mutual Fund,100025
2025-03-10,HDFC Short Term Debt Fund - Regular - Growth,113.9146328024961,Mutual Fund,100025
2025-03-11,HDFC Short Term Debt Fund - Regular - Growth,113.8181168754682,Mutual Fund,100025
2025-03-12,HDFC Short Term Debt Fund - Regular - Growth,114.07004624404887,Mutual Fund,100025
2025-03-13,HDFC Short Term Debt Fund - Regular - Growth,113.99062959543143,Mutual Fund,100025
2025-03-14,HDFC Short Term Debt Fund - Regular - Growth,113.88917387686274,Mutual Fund,100025
2025-03-17,HDFC Short Term Debt Fund - Regular - Growth,113.62318510158906,Mutual Fund,100025
2025-03-18,HDFC Short Term Debt Fund - Regular - Growth,113.94351158381151,Mutual Fund,100025
2025-03-19,HDFC Short Term Debt Fund - Regular - Growth,114.13350356614984,Mutual Fund,100025
2025-03-20,HDFC Short Term Debt Fund - Regular - Growth,114.40405214899967,Mutual Fund,100025
2025-03-21,HDFC Short Term Debt Fund - Regular - Growth,113.94009172812942,Mutual Fund,100025
2025-03-24,HDFC Short Term Debt Fund - Regular - Growth,113.92641230540106,Mutual Fund,100025
2025-03-25,HDFC Short Term Debt Fund - Regular - Growth,113.8785343258518,Mutual Fund,100025
2025-03-26,HDFC Short Term Debt Fund - Regular - Growth,113.83065634630253,Mutual Fund,100025
2025-03-27,HDFC Short Term Debt Fund - Regular - Growth,113.68664242369006,Mutual Fund,100025
2025-03-28,HDFC Short Term Debt Fund - Regular - Growth,113.61976524590696,Mutual Fund,100025
2025-03-31,HDFC Short Term Debt Fund - Regular - Growth,113.89601358822692,Mutual Fund,100025
2025-04-01,HDFC Short Term Debt Fund - Regular - Growth,113.38075533212533,Mutual Fund,100025
2025-04-02,HDFC Short Term Debt Fund - Regular - Growth,113.9222324817896,Mutual Fund,100025
2025-04-03,HDFC Short Term Debt Fund - Regular - Growth,114.09360524985881,Mutual Fund,100025
2025-04-04,HDFC Short Term Debt Fund - Regular - Growth,114.11412438395136,Mutual Fund,100025
2025-04-07,HDFC Short Term Debt Fund - Regular - Growth,114.40785198864644,Mutual Fund,100025
2025-04-08,HDFC Short Term Debt Fund - Regular - Growth,114.02254824846429,Mutual Fund,100025
2025-04-09,HDFC Short Term Debt Fund - Regular - Growth,113.86447491915878,Mutual Fund,100025
2025-04-10,HDFC Short Term Debt Fund - Regular - Growth,113.86219501537072,Mutual Fund,100025
2025-04-11,HDFC Short Term Debt Fund - Regular - Growth,114.28739707184394,Mutual Fund,100025
2025-04-14,HDFC Short Term Debt Fund - Regular - Growth,114.3063962700778,Mutual Fund,100025
2025-04-15,HDFC Short Term Debt Fund - Regular - Growth,114.46902940695942,Mutual Fund,100025
2025-04-16,HDFC Short Term Debt Fund - Regular - Growth,114.33147521174645,Mutual Fund,100025
2025-04-17,HDFC Short Term Debt Fund - Regular - Growth,114.50474789963903,Mutual Fund,100025
2025-04-18,HDFC Short Term Debt Fund - Regular - Growth,115.02266604349336,Mutual Fund,100025
2025-04-21,HDFC Short Term Debt Fund - Regular - Growth,115.34451246157454,Mutual Fund,100025
2025-04-22,HDFC Short Term Debt Fund - Regular - Growth,115.35363207672677,Mutual Fund,100025
2025-04-23,HDFC Short Term Debt Fund - Regular - Growth,115.58314239139149,Mutual Fund,100025
2025-04-24,HDFC Short Term Debt Fund - Regular - Growth,115.78453389267014,Mutual Fund,100025
2025-04-25,HDFC Short Term Debt Fund - Regular - Growth,115.96540625985622,Mutual Fund,100025
2025-04-28,HDFC Short Term Debt Fund - Regular - Growth,116.32411112251104,Mutual Fund,100025
2025-04-29,HDFC Short Term Debt Fund - Regular - Growth,116.6816760332718,Mutual Fund,100025
2025-04-30,HDFC Short Term Debt Fund - Regular - Growth,116.67749620966035,Mutual Fund,100025
2025-05-01,HDFC Short Term Debt Fund - Regular - Growth,116.8997868289962,Mutual Fund,100025
2025-05-02,HDFC Short Term Debt Fund - Regular - Growth,116.82037018037879,Mutual Fund,100025
2025-05-05,HDFC Short Term Debt Fund - Regular - Growth,116.58250021849119,Mutual Fund,100025
2025-05-06,HDFC Short Term Debt Fund - Regular - Growth,116.53652215876531,Mutual Fund,100025
2025-05-07,HDFC Short Term Debt Fund - Regular - Growth,116.54754169374092,Mutual Fund,100025
2025-05-08,HDFC Short Term Debt Fund - Regular - Growth,116.09384083991694,Mutual Fund,100025
2025-05-09,HDFC Short Term Debt Fund - Regular - Growth,116.37882881342445,Mutual Fund,100025
2025-05-12,HDFC Short Term Debt Fund - Regular - Growth,115.60328154151931,Mutual Fund,100025
2025-05-13,HDFC Short Term Debt Fund - Regular - Growth,116.4301266486558,Mutual Fund,100025
2025-05-14,HDFC Short Term Debt Fund - Regular - Growth,116.90472662053699,Mutual Fund,100025
2025-05-15,HDFC Short Term Debt Fund - Regular - Growth,116.86140844856385,Mutual Fund,100025
2025-05-16,HDFC Short Term Debt Fund - Regular - Growth,116.89750692520813,Mutual Fund,100025
2025-05-19,HDFC Short Term Debt Fund - Regular - Growth,117.0202417457987,Mutual Fund,100025
2025-05-20,HDFC Short Term Debt Fund - Regular - Growth,116.88002766283302,Mutual Fund,100025
2025-05-21,HDFC Short Term Debt Fund - Regular - Growth,116.9700838624614,Mutual Fund,100025
2025-05-22,HDFC Short Term Debt Fund - Regular - Growth,116.96134423127383,Mutual Fund,100025
2025-05-23,HDFC Short Term Debt Fund - Regular - Growth,116.96666400677928,Mutual Fund,100025
2025-05-26,HDFC Short Term Debt Fund - Regular - Growth,117.05368033469026,Mutual Fund,100025
2025-05-27,HDFC Short Term Debt Fund - Regular - Growth,116.70029524754094,Mutual Fund,100025
2025-05-28,HDFC Short Term Debt Fund - Regular - Growth,116.7451333553728,Mutual Fund,100025
2025-05-29,HDFC Short Term Debt Fund - Regular - Growth,116.8268299077783,Mutual Fund,100025
2025-05-30,HDFC Short Term Debt Fund - Regular - Growth,116.89788690917284,Mutual Fund,100025
2025-06-02,HDFC Short Term Debt Fund - Regular - Growth,116.86786817596338,Mutual Fund,100025
2025-06-03,HDFC Short Term Debt Fund - Regular - Growth,117.23683260566446,Mutual Fund,100025
2025-06-04,HDFC Short Term Debt Fund - Regular - Growth,117.1661555882346,Mutual Fund,100025
2025-06-05,HDFC Short Term Debt Fund - Regular - Growth,117.26647135490926,Mutual Fund,100025
2025-06-06,HDFC Short Term Debt Fund - Regular - Growth,117.68407373208893,Mutual Fund,100025
2025-06-09,HDFC Short Term Debt Fund - Regular - Growth,117.69433329913521,Mutual Fund,100025
2025-06-10,HDFC Short Term Debt Fund - Regular - Growth,117.79160919409244,Mutual Fund,100025
2025-06-11,HDFC Short Term Debt Fund - Regular - Growth,117.79654898563325,Mutual Fund,100025
2025-06-12,HDFC Short Term Debt Fund - Regular - Growth,118.19819203629653,Mutual Fund,100025
2025-06-13,HDFC Short Term Debt Fund - Regular - Growth,118.15525384828807,Mutual Fund,100025
2025-06-16,HDFC Short Term Debt Fund - Regular - Growth,118.57171627357373,Mutual Fund,100025
2025-06-17,HDFC Short Term Debt Fund - Regular - Growth,118.57475614529113,Mutual Fund,100025
2025-06-18,HDFC Short Term Debt Fund - Regular - Growth,118.35208554199059,Mutual Fund,100025
2025-06-19,HDFC Short Term Debt Fund - Regular - Growth,118.58881555198417,Mutual Fund,100025
2025-06-20,HDFC Short Term Debt Fund - Regular - Growth,118.53143797331798,Mutual Fund,100025
2025-06-23,HDFC Short Term Debt Fund - Regular - Growth,118.75106870490112,Mutual Fund,100025
2025-06-24,HDFC Short Term Debt Fund - Regular - Growth,117.97058164145517,Mutual Fund,100025
2025-06-25,HDFC Short Term Debt Fund - Regular - Growth,118.00592015017011,Mutual Fund,100025
2025-06-26,HDFC Short Term Debt Fund - Regular - Growth,117.90294449574273,Mutual Fund,100025
2025-06-27,HDFC Short Term Debt Fund - Regular - Growth,117.6213763779173,Mutual Fund,100025
2025-06-30,HDFC Short Term Debt Fund - Regular - Growth,117.49104187803319,Mutual Fund,100025
2025-07-01,HDFC Short Term Debt Fund - Regular - Growth,117.35462763471425,Mutual Fund,100025
2025-07-02,HDFC Short Term Debt Fund - Regular - Growth,117.37400681691274,Mutual Fund,100025
2025-07-03,HDFC Short Term Debt Fund - Regular - Growth,117.00390243531764,Mutual Fund,100025
2025-07-04,HDFC Short Term Debt Fund - Regular - Growth,117.13043709555497,Mutual Fund,100025
2025-07-07,HDFC Short Term Debt Fund - Regular - Growth,117.56817862286255,Mutual Fund,100025
2025-07-08,HDFC Short Term Debt Fund - Regular - Growth,117.68483370001827,Mutual Fund,100025
2025-07-09,HDFC Short Term Debt Fund - Regular - Growth,117.95880213855017,Mutual Fund,100025
2025-07-10,HDFC Short Term Debt Fund - Regular - Growth,118.3182669691343,Mutual Fund,100025
2025-07-11,HDFC Short Term Debt Fund - Regular - Growth,118.72142995565629,Mutual Fund,100025
2025-07-14,HDFC Short Term Debt Fund - Regular - Growth,119.31648484433998,Mutual Fund,100025
2025-07-15,HDFC Short Term Debt Fund - Regular - Growth,119.20058973511358,Mutual Fund,100025
2025-07-16,HDFC Short Term Debt Fund - Regular - Growth,119.0189573999981,Mutual Fund,100025
2025-07-17,HDFC Short Term Debt Fund - Regular - Growth,119.28798604698923,Mutual Fund,100025
2025-07-18,HDFC Short Term Debt Fund - Regular - Growth,119.53535560799374,Mutual Fund,100025
2025-07-21,HDFC Short Term Debt Fund - Regular - Growth,119.80324430309082,Mutual Fund,100025
2025-07-22,HDFC Short Term Debt Fund - Regular - Growth,120.40931872675014,Mutual Fund,100025
2025-07-23,HDFC Short Term Debt Fund - Regular - Growth,120.44731712321781,Mutual Fund,100025
2025-07-24,HDFC Short Term Debt Fund - Regular - Growth,120.61109021199347,Mutual Fund,100025
2025-07-25,HDFC Short Term Debt Fund - Regular - Growth,120.3481413084372,Mutual Fund,100025
2025-07-28,HDFC Short Term Debt Fund - Regular - Growth,121.03173246089057,Mutual Fund,100025
2025-07-29,HDFC Short Term Debt Fund - Regular - Growth,120.96371533121344,Mutual Fund,100025
2025-07-30,HDFC Short Term Debt Fund - Regular - Growth,120.90443783272389,Mutual Fund,100025
2025-07-31,HDFC Short Term Debt Fund - Regular - Growth,120.83338083132935,Mutual Fund,100025
2025-08-01,HDFC Short Term Debt Fund - Regular - Growth,120.67150766237708,Mutual Fund,100025
2025-08-04,HDFC Short Term Debt Fund - Regular - Growth,120.48455555175615,Mutual Fund,100025
2025-08-05,HDFC Short Term Debt Fund - Regular - Growth,120.35992081134219,Mutual Fund,100025
2025-08-06,HDFC Short Term Debt Fund - Regular - Growth,119.98069681459485,Mutual Fund,100025
2025-08-07,HDFC Short Term Debt Fund - Regular - Growth,119.77778537745749,Mutual Fund,100025
2025-08-08,HDFC Short Term Debt Fund - Regular - Growth,120.40171904745662,Mutual Fund,100025
2025-08-11,HDFC Short Term Debt Fund - Regular - Growth,120.6597281594721,Mutual Fund,100025
2025-08-12,HDFC Short Term Debt Fund - Regular - Growth,120.97625480204779,Mutual Fund,100025
2025-08-13,HDFC Short Term Debt Fund - Regular - Growth,121.37029817341751,Mutual Fund,100025
2025-08-14,HDFC Short Term Debt Fund - Regular - Growth,121.96725298192459,Mutual Fund,100025
2025-08-15,HDFC Short Term Debt Fund - Regular - Growth,121.45883443718719,Mutual Fund,100025
2025-08-18,HDFC Short Term Debt Fund - Regular - Growth,121.11760883690752,Mutual Fund,100025
2025-08-19,HDFC Short Term Debt Fund - Regular - Growth,120.90709772047663,Mutual Fund,100025
2025-08-20,HDFC Short Term Debt Fund - Regular - Growth,120.79842230657911,Mutual Fund,100025
2025-08-21,HDFC Short Term Debt Fund - Regular - Growth,120.74142471187761,Mutual Fund,100025
2025-08-22,HDFC Short Term Debt Fund - Regular - Growth,120.63996899330891,Mutual Fund,100025
2025-08-25,HDFC Short Term Debt Fund - Regular - Growth,120.74142471187758,Mutual Fund,100025
2025-08-26,HDFC Short Term Debt Fund - Regular - Growth,120.7866428036741,Mutual Fund,100025
2025-08-27,HDFC Short Term Debt Fund - Regular - Growth,120.60121062891187,Mutual Fund,100025
2025-08-28,HDFC Short Term Debt Fund - Regular - Growth,119.97613700701872,Mutual Fund,100025
2025-08-29,HDFC Short Term Debt Fund - Regular - Growth,119.71052821570972,Mutual Fund,100025
2025-09-01,HDFC Short Term Debt Fund - Regular - Growth,119.57905376393157,Mutual Fund,100025
2025-09-02,HDFC Short Term Debt Fund - Regular - Growth,119.53877546367582,Mutual Fund,100025
2025-09-03,HDFC Short Term Debt Fund - Regular - Growth,119.23326835607575,Mutual Fund,100025
2025-09-04,HDFC Short Term Debt Fund - Regular - Growth,119.11965315063743,Mutual Fund,100025
2025-09-05,HDFC Short Term Debt Fund - Regular - Growth,118.81490601096674,Mutual Fund,100025
2025-09-08,HDFC Short Term Debt Fund - Regular - Growth,118.81110617131996,Mutual Fund,100025
2025-09-09,HDFC Short Term Debt Fund - Regular - Growth,118.52421827798906,Mutual Fund,100025
2025-09-10,HDFC Short Term Debt Fund - Regular - Growth,118.30458754640594,Mutual Fund,100025
2025-09-11,HDFC Short Term Debt Fund - Regular - Growth,117.94892255546856,Mutual Fund,100025
2025-09-12,HDFC Short Term Debt Fund - Regular - Growth,117.93676306859888,Mutual Fund,100025
2025-09-15,HDFC Short Term Debt Fund - Regular - Growth,117.713332497369,Mutual Fund,100025
2025-09-16,HDFC Short Term Debt Fund - Regular - Growth,118.01617971721632,Mutual Fund,100025
2025-09-17,HDFC Short Term Debt Fund - Regular - Growth,118.17083319083972,Mutual Fund,100025
2025-09-18,HDFC Short Term Debt Fund - Regular - Growth,118.18375264563873,Mutual Fund,100025
2025-09-19,HDFC Short Term Debt Fund - Regular - Growth,117.98008124057205,Mutual Fund,100025
2025-09-22,HDFC Short Term Debt Fund - Regular - Growth,118.12713503490193,Mutual Fund,100025
2025-09-23,HDFC Short Term Debt Fund - Regular - Growth,118.36690491661295,Mutual Fund,100025
2025-09-24,HDFC Short Term Debt Fund - Regular - Growth,118.44328169351294,Mutual Fund,100025
2025-09-25,HDFC Short Term Debt Fund - Regular - Growth,118.95664002979116,Mutual Fund,100025
2025-09-26,HDFC Short Term Debt Fund - Regular - Growth,119.12877276578968,Mutual Fund,100025
2025-09-29,HDFC Short Term Debt Fund - Regular - Growth,119.43731974510719,Mutual Fund,100025
2025-09-30,HDFC Short Term Debt Fund - Regular - Growth,119.51179660218381,Mutual Fund,100025
2025-10-01,HDFC Short Term Debt Fund - Regular - Growth,119.7496665640714,Mutual Fund,100025
2025-10-02,HDFC Short Term Debt Fund - Regular - Growth,119.54333527125196,Mutual Fund,100025
2025-10-03,HDFC Short Term Debt Fund - Regular - Growth,119.43959964889521,Mutual Fund,100025
2025-10-06,HDFC Short Term Debt Fund - Regular - Growth,119.57905376393154,Mutual Fund,100025
2025-10-07,HDFC Short Term Debt Fund - Regular - Growth,119.71622797517982,Mutual Fund,100025
2025-10-08,HDFC Short Term Debt Fund - Regular - Growth,119.90356006976543,Mutual Fund,100025
2025-10-09,HDFC Short Term Debt Fund - Regular - Growth,120.2710045636078,Mutual Fund,100025
2025-10-10,HDFC Short Term Debt Fund - Regular - Growth,119.87430130448533,Mutual Fund,100025
2025-10-13,HDFC Short Term Debt Fund - Regular - Growth,119.61439227264647,Mutual Fund,100025
2025-10-14,HDFC Short Term Debt Fund - Regular - Growth,119.71774791103856,Mutual Fund,100025
2025-10-15,HDFC Short Term Debt Fund - Regular - Growth,119.53345568817035,Mutual Fund,100025
2025-10-16,HDFC Short Term Debt Fund - Regular - Growth,120.58981110997155,Mutual Fund,100025
2025-10-17,HDFC Short Term Debt Fund - Regular - Growth,120.78094304420395,Mutual Fund,100025
2025-10-20,HDFC Short Term Debt Fund - Regular - Growth,120.79196257917957,Mutual Fund,100025
2025-10-21,HDFC Short Term Debt Fund - Regular - Growth,120.66960774255367,Mutual Fund,100025
2025-10-22,HDFC Short Term Debt Fund - Regular - Growth,120.55789245693873,Mutual Fund,100025
2025-10-23,HDFC Short Term Debt Fund - Regular - Growth,120.60159061287654,Mutual Fund,100025
2025-10-24,HDFC Short Term Debt Fund - Regular - Growth,120.66998772651833,Mutual Fund,100025
2025-10-27,HDFC Short Term Debt Fund - Regular - Growth,120.56587212019691,Mutual Fund,100025
2025-10-28,HDFC Short Term Debt Fund - Regular - Growth,120.51723417271829,Mutual Fund,100025
2025-10-29,HDFC Short Term Debt Fund - Regular - Growth,120.960675459496,Mutual Fund,100025
2025-10-30,HDFC Short Term Debt Fund - Regular - Growth,121.41817615296672,Mutual Fund,100025
2025-10-31,HDFC Short Term Debt Fund - Regular - Growth,121.52989143858169,Mutual Fund,100025
2025-11-03,HDFC Short Term Debt Fund - Regular - Growth,121.15446728148112,Mutual Fund,100025
2025-11-04,HDFC Short Term Debt Fund - Regular - Growth,121.35357887897169,Mutual Fund,100025
2025-11-05,HDFC Short Term Debt Fund - Regular - Growth,121.86465731146183,Mutual Fund,100025
2025-11-06,HDFC Short Term Debt Fund - Regular - Growth,122.32101805303854,Mutual Fund,100025
2025-11-07,HDFC Short Term Debt Fund - Regular - Growth,122.58244702073613,Mutual Fund,100025
2025-11-10,HDFC Short Term Debt Fund - Regular - Growth,123.05780696054664,Mutual Fund,100025
2025-11-11,HDFC Short Term Debt Fund - Regular - Growth,123.10948477974269,Mutual Fund,100025
2025-11-12,HDFC Short Term Debt Fund - Regular - Growth,123.33975506233676,Mutual Fund,100025
2025-11-13,HDFC Short Term Debt Fund - Regular - Growth,123.16382248669144,Mutual Fund,100025
2025-11-14,HDFC Short Term Debt Fund - Regular - Growth,123.28959717899943,Mutual Fund,100025
2025-11-17,HDFC Short Term Debt Fund - Regular - Growth,123.73873822524727,Mutual Fund,100025
2025-11-18,HDFC Short Term Debt Fund - Regular - Growth,123.59054447902335,Mutual Fund,100025
2025-11-19,HDFC Short Term Debt Fund - Regular - Growth,123.35761430867656,Mutual Fund,100025
2025-11-20,HDFC Short Term Debt Fund - Regular - Growth,123.42335153456563,Mutual Fund,100025
2025-11-21,HDFC Short Term Debt Fund - Regular - Growth,123.3880130258507,Mutual Fund,100025
2025-11-24,HDFC Short Term Debt Fund - Regular - Growth,123.62512301980897,Mutual Fund,100025
2025-11-25,HDFC Short Term Debt Fund - Regular - Growth,123.51948747762887,Mutual Fund,100025
2025-11-26,HDFC Short Term Debt Fund - Regular - Growth,124.09098336050262,Mutual Fund,100025
2025-11-27,HDFC Short Term Debt Fund - Regular - Growth,123.72353886666028,Mutual Fund,100025
2025-11-28,HDFC Short Term Debt Fund - Regular - Growth,124.15064084295689,Mutual Fund,100025
2025-12-01,HDFC Short Term Debt Fund - Regular - Growth,123.94696943789016,Mutual Fund,100025
2025-12-02,HDFC Short Term Debt Fund - Regular - Growth,123.42259156663633,Mutual Fund,100025
2025-12-03,HDFC Short Term Debt Fund - Regular - Growth,123.5320269484632,Mutual Fund,100025
2025-12-04,HDFC Short Term Debt Fund - Regular - Growth,123.48794880856069,Mutual Fund,100025
2025-12-05,HDFC Short Term Debt Fund - Regular - Growth,123.1782618773492,Mutual Fund,100025
2025-12-08,HDFC Short Term Debt Fund - Regular - Growth,122.69264237049238,Mutual Fund,100025
2025-12-09,HDFC Short Term Debt Fund - Regular - Growth,122.72494100748992,Mutual Fund,100025
2025-12-10,HDFC Short Term Debt Fund - Regular - Growth,123.06236676812281,Mutual Fund,100025
2025-12-11,HDFC Short Term Debt Fund - Regular - Growth,123.2789576279885,Mutual Fund,100025
2025-12-12,HDFC Short Term Debt Fund - Regular - Growth,123.33215538304326,Mutual Fund,100025
2025-12-15,HDFC Short Term Debt Fund - Regular - Growth,123.51606762194676,Mutual Fund,100025
2025-12-16,HDFC Short Term Debt Fund - Regular - Growth,123.54304648343881,Mutual Fund,100025
2025-12-17,HDFC Short Term Debt Fund - Regular - Growth,123.13380375348201,Mutual Fund,100025
2025-12-18,HDFC Short Term Debt Fund - Regular - Growth,122.72874084713668,Mutual Fund,100025
2025-12-19,HDFC Short Term Debt Fund - Regular - Growth,122.70100201771528,Mutual Fund,100025
2025-12-22,HDFC Short Term Debt Fund - Regular - Growth,122.68656262705757,Mutual Fund,100025
2025-12-23,HDFC Short Term Debt Fund - Regular - Growth,122.98485003932878,Mutual Fund,100025
2025-12-24,HDFC Short Term Debt Fund - Regular - Growth,123.25501863821391,Mutual Fund,100025
2025-12-25,HDFC Short Term Debt Fund - Regular - Growth,123.4784492094438,Mutual Fund,100025
2025-12-26,HDFC Short Term Debt Fund - Regular - Growth,123.42639140628309,Mutual Fund,100025
2025-12-29,HDFC Short Term Debt Fund - Regular - Growth,123.03310800284272,Mutual Fund,100025
2025-12-30,HDFC Short Term Debt Fund - Regular - Growth,123.19612112368903,Mutual Fund,100025
2025-12-31,HDFC Short Term Debt Fund - Regular - Growth,123.39447275325026,Mutual Fund,100025
2026-01-01,HDFC Short Term Debt Fund - Regular - Growth,122.68922251481031,Mutual Fund,100025
2026-01-02,HDFC Short Term Debt Fund - Regular - Growth,122.46655191150977,Mutual Fund,100025
2026-01-05,HDFC Short Term Debt Fund - Regular - Growth,122.2883394320764,Mutual Fund,100025
2026-01-06,HDFC Short Term Debt Fund - Regular - Growth,122.35977641743563,Mutual Fund,100025
2026-01-07,HDFC Short Term Debt Fund - Regular - Growth,122.14698539721667,Mutual Fund,100025
2026-01-08,HDFC Short Term Debt Fund - Regular - Growth,122.17016441906196,Mutual Fund,100025
2026-01-09,HDFC Short Term Debt Fund - Regular - Growth,122.14052566981717,Mutual Fund,100025
2026-01-12,HDFC Short Term Debt Fund - Regular - Growth,122.12646626312413,Mutual Fund,100025
2026-01-13,HDFC Short Term Debt Fund - Regular - Growth,121.9410340883619,Mutual Fund,100025
2026-01-14,HDFC Short Term Debt Fund - Regular - Growth,121.77954090337431,Mutual Fund,100025
2026-01-15,HDFC Short Term Debt Fund - Regular - Growth,121.48315341092648,Mutual Fund,100025
2026-01-16,HDFC Short Term Debt Fund - Regular - Growth,121.63438702886779,Mutual Fund,100025
2026-01-19,HDFC Short Term Debt Fund - Regular - Growth,121.84413817736935,Mutual Fund,100025
2026-01-20,HDFC Short Term Debt Fund - Regular - Growth,121.64274667609067,Mutual Fund,100025
2026-01-21,HDFC Short Term Debt Fund - Regular - Growth,122.14470549342857,Mutual Fund,100025
2026-01-22,HDFC Short Term Debt Fund - Regular - Growth,122.08276810718625,Mutual Fund,100025
2026-01-23,HDFC Short Term Debt Fund - Regular - Growth,122.5892867321003,Mutual Fund,100025
2026-01-26,HDFC Short Term Debt Fund - Regular - Growth,122.42589362728933,Mutual Fund,100025
2026-01-27,HDFC Short Term Debt Fund - Regular - Growth,121.83729846600515,Mutual Fund,100025
2026-01-28,HDFC Short Term Debt Fund - Regular - Growth,121.99575177927532,Mutual Fund,100025
2026-01-29,HDFC Short Term Debt Fund - Regular - Growth,122.10708708092561,Mutual Fund,100025
2026-01-30,HDFC Short Term Debt Fund - Regular - Growth,122.15230517272218,Mutual Fund,100025
2026-02-02,HDFC Short Term Debt Fund - Regular - Growth,121.98967203584054,Mutual Fund,100025
2026-02-03,HDFC Short Term Debt Fund - Regular - Growth,122.01399100957985,Mutual Fund,100025
2026-02-04,HDFC Short Term Debt Fund - Regular - Growth,121.89163617295395,Mutual Fund,100025
2026-02-05,HDFC Short Term Debt Fund - Regular - Growth,121.83387861032308,Mutual Fund,100025
2026-02-06,HDFC Short Term Debt Fund - Regular - Growth,122.1272262310535,Mutual Fund,100025
2026-02-09,HDFC Short Term Debt Fund - Regular - Growth,122.21880236654059,Mutual Fund,100025
2026-02-10,HDFC Short Term Debt Fund - Regular - Growth,122.44185295380584,Mutual Fund,100025
2026-02-11,HDFC Short Term Debt Fund - Regular - Growth,122.40537449319685,Mutual Fund,100025
2026-02-12,HDFC Short Term Debt Fund - Regular - Growth,122.33469747576697,Mutual Fund,100025
2026-02-13,HDFC Short Term Debt Fund - Regular - Growth,122.0147509775092,Mutual Fund,100025
2026-02-16,HDFC Short Term Debt Fund - Regular - Growth,121.93571431285643,Mutual Fund,100025
2026-02-17,HDFC Short Term Debt Fund - Regular - Growth,120.95421573209653,Mutual Fund,100025
2026-02-18,HDFC Short Term Debt Fund - Regular - Growth,120.80906185759004,Mutual Fund,100025
2026-02-19,HDFC Short Term Debt Fund - Regular - Growth,120.81856145670696,Mutual Fund,100025
2026-02-20,HDFC Short Term Debt Fund - Regular - Growth,121.02489274952642,Mutual Fund,100025
2026-02-23,HDFC Short Term Debt Fund - Regular - Growth,120.97739475394181,Mutual Fund,100025
2026-02-24,HDFC Short Term Debt Fund - Regular - Growth,121.11798882087218,Mutual Fund,100025
2026-02-25,HDFC Short Term Debt Fund - Regular - Growth,120.48911535933226,Mutual Fund,100025
2026-02-26,HDFC Short Term Debt Fund - Regular - Growth,120.50621463774272,Mutual Fund,100025
2026-02-27,HDFC Short Term Debt Fund - Regular - Growth,120.03161466586153,Mutual Fund,100025
2026-03-02,HDFC Short Term Debt Fund - Regular - Growth,119.7010286165928,Mutual Fund,100025
2026-03-03,HDFC Short Term Debt Fund - Regular - Growth,119.67860956267687,Mutual Fund,100025
2026-03-04,HDFC Short Term Debt Fund - Regular - Growth,120.09849184364462,Mutual Fund,100025
2026-03-05,HDFC Short Term Debt Fund - Regular - Growth,120.24516565400982,Mutual Fund,100025
2026-03-06,HDFC Short Term Debt Fund - Regular - Growth,120.28506397030088,Mutual Fund,100025
2026-03-09,HDFC Short Term Debt Fund - Regular - Growth,120.31356276765163,Mutual Fund,100025
2026-03-10,HDFC Short Term Debt Fund - Regular - Growth,120.13193043253618,Mutual Fund,100025
2026-03-11,HDFC Short Term Debt Fund - Regular - Growth,120.00159593265207,Mutual Fund,100025
2026-03-12,HDFC Short Term Debt Fund - Regular - Growth,120.16498903746304,Mutual Fund,100025
2026-03-13,HDFC Short Term Debt Fund - Regular - Growth,119.78044526521023,Mutual Fund,100025
2026-03-16,HDFC Short Term Debt Fund - Regular - Growth,119.99399625335853,Mutual Fund,100025
2026-03-17,HDFC Short Term Debt Fund - Regular - Growth,119.91077976509435,Mutual Fund,100025
2026-03-18,HDFC Short Term Debt Fund - Regular - Growth,120.19500777067252,Mutual Fund,100025
2026-03-19,HDFC Short Term Debt Fund - Regular - Growth,120.52065402840046,Mutual Fund,100025
2026-03-20,HDFC Short Term Debt Fund - Regular - Growth,120.04795397634265,Mutual Fund,100025
2026-03-23,HDFC Short Term Debt Fund - Regular - Growth,119.90659994148291,Mutual Fund,100025
2026-03-24,HDFC Short Term Debt Fund - Regular - Growth,119.68240940232366,Mutual Fund,100025
2026-03-25,HDFC Short Term Debt Fund - Regular - Growth,119.17095098586883,Mutual Fund,100025
2026-03-26,HDFC Short Term Debt Fund - Regular - Growth,118.89546261147824,Mutual Fund,100025
2026-03-27,HDFC Short Term Debt Fund - Regular - Growth,119.66303022012514,Mutual Fund,100025
2026-03-30,HDFC Short Term Debt Fund - Regular - Growth,119.88152099981426,Mutual Fund,100025
2026-03-31,HDFC Short Term Debt Fund - Regular - Growth,120.49633505466116,Mutual Fund,100025
2026-04-01,HDFC Short Term Debt Fund - Regular - Growth,120.7828429640274,Mutual Fund,100025
2026-04-02,HDFC Short Term Debt Fund - Regular - Growth,120.59171102979502,Mutual Fund,100025
2026-04-03,HDFC Short Term Debt Fund - Regular - Growth,120.51039446135421,Mutual Fund,100025
2026-04-06,HDFC Short Term Debt Fund - Regular - Growth,120.72356546553782,Mutual Fund,100025
2026-04-07,HDFC Short Term Debt Fund - Regular - Growth,120.89113839396023,Mutual Fund,100025
2026-04-08,HDFC Short Term Debt Fund - Regular - Growth,120.74978435910052,Mutual Fund,100025
2026-04-09,HDFC Short Term Debt Fund - Regular - Growth,120.32572225452131,Mutual Fund,100025
2026-04-10,HDFC Short Term Debt Fund - Regular - Growth,121.36155854222996,Mutual Fund,100025
2026-04-13,HDFC Short Term Debt Fund - Regular - Growth,121.35281891104239,Mutual Fund,100025
2026-04-14,HDFC Short Term Debt Fund - Regular - Growth,121.28784165308268,Mutual Fund,100025
2026-04-15,HDFC Short Term Debt Fund - Regular - Growth,121.35737871861852,Mutual Fund,100025
2026-04-16,HDFC Short Term Debt Fund - Regular - Growth,121.31786038629212,Mutual Fund,100025
2026-04-17,HDFC Short Term Debt Fund - Regular - Growth,121.39005733958071,Mutual Fund,100025
2026-04-20,HDFC Short Term Debt Fund - Regular - Growth,121.81905923570066,Mutual Fund,100025
2026-04-21,HDFC Short Term Debt Fund - Regular - Growth,121.81563938001861,Mutual Fund,100025
2026-04-22,HDFC Short Term Debt Fund - Regular - Growth,121.49379296193743,Mutual Fund,100025
2026-04-23,HDFC Short Term Debt Fund - Regular - Growth,121.47935357127973,Mutual Fund,100025
2026-04-24,HDFC Short Term Debt Fund - Regular - Growth,121.37181810927622,Mutual Fund,100025
2026-04-27,HDFC Short Term Debt Fund - Regular - Growth,121.84299822547533,Mutual Fund,100025
2026-04-28,HDFC Short Term Debt Fund - Regular - Growth,122.2378015647744,Mutual Fund,100025
2026-04-29,HDFC Short Term Debt Fund - Regular - Growth,122.30581869445156,Mutual Fund,100025
2026-04-30,HDFC Short Term Debt Fund - Regular - Growth,121.94749381576142,Mutual Fund,100025
2026-05-01,HDFC Short Term Debt Fund - Regular - Growth,121.60588823151708,Mutual Fund,100025
2026-05-04,HDFC Short Term Debt Fund - Regular - Growth,121.64540656384347,Mutual Fund,100025
2026-05-05,HDFC Short Term Debt Fund - Regular - Growth,121.78334074302109,Mutual Fund,100025
2026-05-06,HDFC Short Term Debt Fund - Regular - Growth,121.7031641264743,Mutual Fund,100025
2026-05-07,HDFC Short Term Debt Fund - Regular - Growth,121.59068887293,Mutual Fund,100025
2026-05-08,HDFC Short Term Debt Fund - Regular - Growth,121.44401506256482,Mutual Fund,100025
2026-05-11,HDFC Short Term Debt Fund - Regular - Growth,121.47137390802155,Mutual Fund,100025
2026-05-12,HDFC Short Term Debt Fund - Regular - Growth,120.77866314041592,Mutual Fund,100025
2026-05-13,HDFC Short Term Debt Fund - Regular - Growth,120.47847580832133,Mutual Fund,100025
2026-05-14,HDFC Short Term Debt Fund - Regular - Growth,120.3226823828039,Mutual Fund,100025
2026-05-15,HDFC Short Term Debt Fund - Regular - Growth,120.7239454495025,Mutual Fund,100025
2026-05-18,HDFC Short Term Debt Fund - Regular - Growth,120.51077444531886,Mutual Fund,100025
2026-05-19,HDFC Short Term Debt Fund - Regular - Growth,120.60007067701788,Mutual Fund,100025
2026-05-20,HDFC Short Term Debt Fund - Regular - Growth,120.70342631540993,Mutual Fund,100025
2026-05-21,HDFC Short Term Debt Fund - Regular - Growth,121.13356816342393,Mutual Fund,100025
2026-05-22,HDFC Short Term Debt Fund - Regular - Growth,121.55421041232104,Mutual Fund,100025
2026-05-25,HDFC Short Term Debt Fund - Regular - Growth,121.57130969073148,Mutual Fund,100025
2026-05-26,HDFC Short Term Debt Fund - Regular - Growth,121.4603543730459,Mutual Fund,100025
2026-05-27,HDFC Short Term Debt Fund - Regular - Growth,121.29202147669412,Mutual Fund,100025
2026-05-28,HDFC Short Term Debt Fund - Regular - Growth,121.25326311229709,Mutual Fund,100025
2026-05-29,HDFC Short Term Debt Fund - Regular - Growth,121.1552272494105,Mutual Fund,100025
2022-01-03,ICICI Pru Bluechip Fund - Direct - Growth,100.0,Mutual Fund,120504
2022-01-04,ICICI Pru Bluechip Fund - Direct - Growth,98.85331701785947,Mutual Fund,120504
2022-01-05,ICICI Pru Bluechip Fund - Direct - Growth,100.22960260958911,Mutual Fund,120504
2022-01-06,ICICI Pru Bluechip Fund - Direct - Growth,100.61981066513268,Mutual Fund,120504
2022-01-07,ICICI Pru Bluechip Fund - Direct - Growth,100.81449904734039,Mutual Fund,120504
2022-01-10,ICICI Pru Bluechip Fund - Direct - Growth,102.3133169513562,Mutual Fund,120504
2022-01-11,ICICI Pru Bluechip Fund - Direct - Growth,103.58735373432602,Mutual Fund,120504
2022-01-12,ICICI Pru Bluechip Fund - Direct - Growth,104.2377559129738,Mutual Fund,120504
2022-01-13,ICICI Pru Bluechip Fund - Direct - Growth,104.72771890389276,Mutual Fund,120504
2022-01-14,ICICI Pru Bluechip Fund - Direct - Growth,105.35284983224544,Mutual Fund,120504
2022-01-17,ICICI Pru Bluechip Fund - Direct - Growth,105.03596165420284,Mutual Fund,120504
2022-01-18,ICICI Pru Bluechip Fund - Direct - Growth,105.03912056048972,Mutual Fund,120504
2022-01-19,ICICI Pru Bluechip Fund - Direct - Growth,104.26036703165886,Mutual Fund,120504
2022-01-20,ICICI Pru Bluechip Fund - Direct - Growth,104.00831956161029,Mutual Fund,120504
2022-01-21,ICICI Pru Bluechip Fund - Direct - Growth,103.72601309449783,Mutual Fund,120504
2022-01-24,ICICI Pru Bluechip Fund - Direct - Growth,103.19963955216681,Mutual Fund,120504
2022-01-25,ICICI Pru Bluechip Fund - Direct - Growth,103.37753585358634,Mutual Fund,120504
2022-01-26,ICICI Pru Bluechip Fund - Direct - Growth,103.13579639352655,Mutual Fund,120504
2022-01-27,ICICI Pru Bluechip Fund - Direct - Growth,103.64704043732561,Mutual Fund,120504
2022-01-28,ICICI Pru Bluechip Fund - Direct - Growth,102.22736144870765,Mutual Fund,120504
2022-01-31,ICICI Pru Bluechip Fund - Direct - Growth,102.17798275569683,Mutual Fund,120504
2022-02-01,ICICI Pru Bluechip Fund - Direct - Growth,102.34939498631694,Mutual Fund,120504
2022-02-02,ICICI Pru Bluechip Fund - Direct - Growth,102.12195373366097,Mutual Fund,120504
2022-02-03,ICICI Pru Bluechip Fund - Direct - Growth,102.01953866667554,Mutual Fund,120504
2022-02-04,ICICI Pru Bluechip Fund - Direct - Growth,100.65505740896532,Mutual Fund,120504
2022-02-07,ICICI Pru Bluechip Fund - Direct - Growth,101.02415066985438,Mutual Fund,120504
2022-02-08,ICICI Pru Bluechip Fund - Direct - Growth,101.65510063610395,Mutual Fund,120504
2022-02-09,ICICI Pru Bluechip Fund - Direct - Growth,102.15121518137107,Mutual Fund,120504
2022-02-10,ICICI Pru Bluechip Fund - Direct - Growth,103.14460807948471,Mutual Fund,120504
2022-02-11,ICICI Pru Bluechip Fund - Direct - Growth,103.38135979277571,Mutual Fund,120504
2022-02-14,ICICI Pru Bluechip Fund - Direct - Growth,103.87232033304845,Mutual Fund,120504
2022-02-15,ICICI Pru Bluechip Fund - Direct - Growth,104.06900381396366,Mutual Fund,120504
2022-02-16,ICICI Pru Bluechip Fund - Direct - Growth,104.75598280224914,Mutual Fund,120504
2022-02-17,ICICI Pru Bluechip Fund - Direct - Growth,103.3622400968288,Mutual Fund,120504
2022-02-18,ICICI Pru Bluechip Fund - Direct - Growth,102.60377007152431,Mutual Fund,120504
2022-02-21,ICICI Pru Bluechip Fund - Direct - Growth,104.10358552489384,Mutual Fund,120504
2022-02-22,ICICI Pru Bluechip Fund - Direct - Growth,101.92144631355637,Mutual Fund,120504
2022-02-23,ICICI Pru Bluechip Fund - Direct - Growth,101.84812643605542,Mutual Fund,120504
2022-02-24,ICICI Pru Bluechip Fund - Direct - Growth,102.95956267436333,Mutual Fund,120504
2022-02-25,ICICI Pru Bluechip Fund - Direct - Growth,102.92813986972007,Mutual Fund,120504
2022-02-28,ICICI Pru Bluechip Fund - Direct - Growth,102.61391182328748,Mutual Fund,120504
2022-03-01,ICICI Pru Bluechip Fund - Direct - Growth,102.78416024632821,Mutual Fund,120504
2022-03-02,ICICI Pru Bluechip Fund - Direct - Growth,102.51748205242457,Mutual Fund,120504
2022-03-03,ICICI Pru Bluechip Fund - Direct - Growth,102.59828355007868,Mutual Fund,120504
2022-03-04,ICICI Pru Bluechip Fund - Direct - Growth,102.03433564875625,Mutual Fund,120504
2022-03-07,ICICI Pru Bluechip Fund - Direct - Growth,103.09007538147952,Mutual Fund,120504
2022-03-08,ICICI Pru Bluechip Fund - Direct - Growth,104.44607746968282,Mutual Fund,120504
2022-03-09,ICICI Pru Bluechip Fund - Direct - Growth,104.37724656427379,Mutual Fund,120504
2022-03-10,ICICI Pru Bluechip Fund - Direct - Growth,103.16189893494982,Mutual Fund,120504
2022-03-11,ICICI Pru Bluechip Fund - Direct - Growth,102.73927052540925,Mutual Fund,120504
2022-03-14,ICICI Pru Bluechip Fund - Direct - Growth,102.6257161573069,Mutual Fund,120504
2022-03-15,ICICI Pru Bluechip Fund - Direct - Growth,103.13745897578283,Mutual Fund,120504
2022-03-16,ICICI Pru Bluechip Fund - Direct - Growth,102.27740517462102,Mutual Fund,120504
2022-03-17,ICICI Pru Bluechip Fund - Direct - Growth,101.63830855531579,Mutual Fund,120504
2022-03-18,ICICI Pru Bluechip Fund - Direct - Growth,102.14988511556611,Mutual Fund,120504
2022-03-21,ICICI Pru Bluechip Fund - Direct - Growth,103.05233476426248,Mutual Fund,120504
2022-03-22,ICICI Pru Bluechip Fund - Direct - Growth,102.54192201159154,Mutual Fund,120504
2022-03-23,ICICI Pru Bluechip Fund - Direct - Growth,101.39557154590226,Mutual Fund,120504
2022-03-24,ICICI Pru Bluechip Fund - Direct - Growth,104.42911913066901,Mutual Fund,120504
2022-03-25,ICICI Pru Bluechip Fund - Direct - Growth,105.20720762659737,Mutual Fund,120504
2022-03-28,ICICI Pru Bluechip Fund - Direct - Growth,105.01401556842029,Mutual Fund,120504
2022-03-29,ICICI Pru Bluechip Fund - Direct - Growth,105.87656324296648,Mutual Fund,120504
2022-03-30,ICICI Pru Bluechip Fund - Direct - Growth,105.81488144125935,Mutual Fund,120504
2022-03-31,ICICI Pru Bluechip Fund - Direct - Growth,106.68225060434868,Mutual Fund,120504
2022-04-01,ICICI Pru Bluechip Fund - Direct - Growth,106.88741325477082,Mutual Fund,120504
2022-04-04,ICICI Pru Bluechip Fund - Direct - Growth,107.02873274655266,Mutual Fund,120504
2022-04-05,ICICI Pru Bluechip Fund - Direct - Growth,106.97669392193183,Mutual Fund,120504
2022-04-06,ICICI Pru Bluechip Fund - Direct - Growth,105.67439324060561,Mutual Fund,120504
2022-04-07,ICICI Pru Bluechip Fund - Direct - Growth,107.55161486614553,Mutual Fund,120504
2022-04-08,ICICI Pru Bluechip Fund - Direct - Growth,106.7173310899557,Mutual Fund,120504
2022-04-11,ICICI Pru Bluechip Fund - Direct - Growth,105.49932332902175,Mutual Fund,120504
2022-04-12,ICICI Pru Bluechip Fund - Direct - Growth,105.35584248030676,Mutual Fund,120504
2022-04-13,ICICI Pru Bluechip Fund - Direct - Growth,104.52022863831192,Mutual Fund,120504
2022-04-14,ICICI Pru Bluechip Fund - Direct - Growth,104.52638019266007,Mutual Fund,120504
2022-04-15,ICICI Pru Bluechip Fund - Direct - Growth,105.216684345458,Mutual Fund,120504
2022-04-18,ICICI Pru Bluechip Fund - Direct - Growth,106.19893794245472,Mutual Fund,120504
2022-04-19,ICICI Pru Bluechip Fund - Direct - Growth,107.02008731882012,Mutual Fund,120504
2022-04-20,ICICI Pru Bluechip Fund - Direct - Growth,106.78699328649286,Mutual Fund,120504
2022-04-21,ICICI Pru Bluechip Fund - Direct - Growth,106.88890957880139,Mutual Fund,120504
2022-04-22,ICICI Pru Bluechip Fund - Direct - Growth,107.32949387670953,Mutual Fund,120504
2022-04-25,ICICI Pru Bluechip Fund - Direct - Growth,105.73291613602582,Mutual Fund,120504
2022-04-26,ICICI Pru Bluechip Fund - Direct - Growth,106.32113773828958,Mutual Fund,120504
2022-04-27,ICICI Pru Bluechip Fund - Direct - Growth,105.01767324938398,Mutual Fund,120504
2022-04-28,ICICI Pru Bluechip Fund - Direct - Growth,106.97952031176739,Mutual Fund,120504
2022-04-29,ICICI Pru Bluechip Fund - Direct - Growth,106.653654189541,Mutual Fund,120504
2022-05-02,ICICI Pru Bluechip Fund - Direct - Growth,106.53477955821862,Mutual Fund,120504
2022-05-03,ICICI Pru Bluechip Fund - Direct - Growth,105.86874910636202,Mutual Fund,120504
2022-05-04,ICICI Pru Bluechip Fund - Direct - Growth,105.33639026790848,Mutual Fund,120504
2022-05-05,ICICI Pru Bluechip Fund - Direct - Growth,107.52584484117351,Mutual Fund,120504
2022-05-06,ICICI Pru Bluechip Fund - Direct - Growth,108.47717440820384,Mutual Fund,120504
2022-05-09,ICICI Pru Bluechip Fund - Direct - Growth,107.06048806764711,Mutual Fund,120504
2022-05-10,ICICI Pru Bluechip Fund - Direct - Growth,108.5461715718385,Mutual Fund,120504
2022-05-11,ICICI Pru Bluechip Fund - Direct - Growth,109.75104493294805,Mutual Fund,120504
2022-05-12,ICICI Pru Bluechip Fund - Direct - Growth,109.53574053076277,Mutual Fund,120504
2022-05-13,ICICI Pru Bluechip Fund - Direct - Growth,109.88903926021737,Mutual Fund,120504
2022-05-16,ICICI Pru Bluechip Fund - Direct - Growth,109.93126884952633,Mutual Fund,120504
2022-05-17,ICICI Pru Bluechip Fund - Direct - Growth,111.9180546457536,Mutual Fund,120504
2022-05-18,ICICI Pru Bluechip Fund - Direct - Growth,111.19233749089736,Mutual Fund,120504
2022-05-19,ICICI Pru Bluechip Fund - Direct - Growth,111.39301116922759,Mutual Fund,120504
2022-05-20,ICICI Pru Bluechip Fund - Direct - Growth,111.03040197913792,Mutual Fund,120504
2022-05-23,ICICI Pru Bluechip Fund - Direct - Growth,109.69268829575344,Mutual Fund,120504
2022-05-24,ICICI Pru Bluechip Fund - Direct - Growth,111.89112081320225,Mutual Fund,120504
2022-05-25,ICICI Pru Bluechip Fund - Direct - Growth,110.7883300026269,Mutual Fund,120504
2022-05-26,ICICI Pru Bluechip Fund - Direct - Growth,111.06099349265305,Mutual Fund,120504
2022-05-27,ICICI Pru Bluechip Fund - Direct - Growth,109.42534506894732,Mutual Fund,120504
2022-05-30,ICICI Pru Bluechip Fund - Direct - Growth,109.0973175897878,Mutual Fund,120504
2022-05-31,ICICI Pru Bluechip Fund - Direct - Growth,109.56051300638103,Mutual Fund,120504
2022-06-01,ICICI Pru Bluechip Fund - Direct - Growth,108.8226590010541,Mutual Fund,120504
2022-06-02,ICICI Pru Bluechip Fund - Direct - Growth,109.44363347376616,Mutual Fund,120504
2022-06-03,ICICI Pru Bluechip Fund - Direct - Growth,109.24063218027715,Mutual Fund,120504
2022-06-06,ICICI Pru Bluechip Fund - Direct - Growth,110.42106558221971,Mutual Fund,120504
2022-06-07,ICICI Pru Bluechip Fund - Direct - Growth,111.81281318893255,Mutual Fund,120504
2022-06-08,ICICI Pru Bluechip Fund - Direct - Growth,111.29308997562657,Mutual Fund,120504
2022-06-09,ICICI Pru Bluechip Fund - Direct - Growth,111.42593029790152,Mutual Fund,120504
2022-06-10,ICICI Pru Bluechip Fund - Direct - Growth,111.66384581877189,Mutual Fund,120504
2022-06-13,ICICI Pru Bluechip Fund - Direct - Growth,112.33336769336665,Mutual Fund,120504
2022-06-14,ICICI Pru Bluechip Fund - Direct - Growth,112.40569002151383,Mutual Fund,120504
2022-06-15,ICICI Pru Bluechip Fund - Direct - Growth,112.65241722834239,Mutual Fund,120504
2022-06-16,ICICI Pru Bluechip Fund - Direct - Growth,112.46886814725161,Mutual Fund,120504
2022-06-17,ICICI Pru Bluechip Fund - Direct - Growth,112.64144418545112,Mutual Fund,120504
2022-06-20,ICICI Pru Bluechip Fund - Direct - Growth,113.99694749897753,Mutual Fund,120504
2022-06-21,ICICI Pru Bluechip Fund - Direct - Growth,114.70753515530183,Mutual Fund,120504
2022-06-22,ICICI Pru Bluechip Fund - Direct - Growth,115.4786408057539,Mutual Fund,120504
2022-06-23,ICICI Pru Bluechip Fund - Direct - Growth,116.27734532165981,Mutual Fund,120504
2022-06-24,ICICI Pru Bluechip Fund - Direct - Growth,116.17975174321751,Mutual Fund,120504
2022-06-27,ICICI Pru Bluechip Fund - Direct - Growth,116.56696715069978,Mutual Fund,120504
2022-06-28,ICICI Pru Bluechip Fund - Direct - Growth,115.5162151647453,Mutual Fund,120504
2022-06-29,ICICI Pru Bluechip Fund - Direct - Growth,116.87637370858927,Mutual Fund,120504
2022-06-30,ICICI Pru Bluechip Fund - Direct - Growth,114.10152392289612,Mutual Fund,120504
2022-07-01,ICICI Pru Bluechip Fund - Direct - Growth,114.07276124986288,Mutual Fund,120504
2022-07-04,ICICI Pru Bluechip Fund - Direct - Growth,115.28578126402806,Mutual Fund,120504
2022-07-05,ICICI Pru Bluechip Fund - Direct - Growth,113.9661897272368,Mutual Fund,120504
2022-07-06,ICICI Pru Bluechip Fund - Direct - Growth,114.42772256157376,Mutual Fund,120504
2022-07-07,ICICI Pru Bluechip Fund - Direct - Growth,113.80142782564171,Mutual Fund,120504
2022-07-08,ICICI Pru Bluechip Fund - Direct - Growth,113.49052494372162,Mutual Fund,120504
2022-07-11,ICICI Pru Bluechip Fund - Direct - Growth,114.50021114794657,Mutual Fund,120504
2022-07-12,ICICI Pru Bluechip Fund - Direct - Growth,114.75957397992269,Mutual Fund,120504
2022-07-13,ICICI Pru Bluechip Fund - Direct - Growth,112.77727715578732,Mutual Fund,120504
2022-07-14,ICICI Pru Bluechip Fund - Direct - Growth,111.86784466161468,Mutual Fund,120504
2022-07-15,ICICI Pru Bluechip Fund - Direct - Growth,112.89249410614595,Mutual Fund,120504
2022-07-18,ICICI Pru Bluechip Fund - Direct - Growth,113.3989166614019,Mutual Fund,120504
2022-07-19,ICICI Pru Bluechip Fund - Direct - Growth,115.22010926490593,Mutual Fund,120504
2022-07-20,ICICI Pru Bluechip Fund - Direct - Growth,117.00306247651606,Mutual Fund,120504
2022-07-21,ICICI Pru Bluechip Fund - Direct - Growth,116.71061425764042,Mutual Fund,120504
2022-07-22,ICICI Pru Bluechip Fund - Direct - Growth,119.37739619667687,Mutual Fund,120504
2022-07-25,ICICI Pru Bluechip Fund - Direct - Growth,119.464848023356,Mutual Fund,120504
2022-07-26,ICICI Pru Bluechip Fund - Direct - Growth,118.51601232971005,Mutual Fund,120504
2022-07-27,ICICI Pru Bluechip Fund - Direct - Growth,117.9163189098781,Mutual Fund,120504
2022-07-28,ICICI Pru Bluechip Fund - Direct - Growth,115.65238065153277,Mutual Fund,120504
2022-07-29,ICICI Pru Bluechip Fund - Direct - Growth,117.36367656789825,Mutual Fund,120504
2022-08-01,ICICI Pru Bluechip Fund - Direct - Growth,119.08744185118564,Mutual Fund,120504
2022-08-02,ICICI Pru Bluechip Fund - Direct - Growth,118.08656733291885,Mutual Fund,120504
2022-08-03,ICICI Pru Bluechip Fund - Direct - Growth,117.91016735552998,Mutual Fund,120504
2022-08-04,ICICI Pru Bluechip Fund - Direct - Growth,118.0706065432588,Mutual Fund,120504
2022-08-05,ICICI Pru Bluechip Fund - Direct - Growth,117.13523776588855,Mutual Fund,120504
2022-08-08,ICICI Pru Bluechip Fund - Direct - Growth,115.3956779511667,Mutual Fund,120504
2022-08-09,ICICI Pru Bluechip Fund - Direct - Growth,115.24122405956041,Mutual Fund,120504
2022-08-10,ICICI Pru Bluechip Fund - Direct - Growth,114.97454586565678,Mutual Fund,120504
2022-08-11,ICICI Pru Bluechip Fund - Direct - Growth,114.64053309037472,Mutual Fund,120504
2022-08-12,ICICI Pru Bluechip Fund - Direct - Growth,114.92516717264594,Mutual Fund,120504
2022-08-15,ICICI Pru Bluechip Fund - Direct - Growth,116.44327103083431,Mutual Fund,120504
2022-08-16,ICICI Pru Bluechip Fund - Direct - Growth,116.19238736836512,Mutual Fund,120504
2022-08-17,ICICI Pru Bluechip Fund - Direct - Growth,116.42731024117425,Mutual Fund,120504
2022-08-18,ICICI Pru Bluechip Fund - Direct - Growth,117.2364890252946,Mutual Fund,120504
2022-08-19,ICICI Pru Bluechip Fund - Direct - Growth,117.8715954471848,Mutual Fund,120504
2022-08-22,ICICI Pru Bluechip Fund - Direct - Growth,117.29517817894045,Mutual Fund,120504
2022-08-23,ICICI Pru Bluechip Fund - Direct - Growth,117.45545110844364,Mutual Fund,120504
2022-08-24,ICICI Pru Bluechip Fund - Direct - Growth,118.0849047506626,Mutual Fund,120504
2022-08-25,ICICI Pru Bluechip Fund - Direct - Growth,116.97596238573911,Mutual Fund,120504
2022-08-26,ICICI Pru Bluechip Fund - Direct - Growth,118.34775900537686,Mutual Fund,120504
2022-08-29,ICICI Pru Bluechip Fund - Direct - Growth,119.91324645786861,Mutual Fund,120504
2022-08-30,ICICI Pru Bluechip Fund - Direct - Growth,119.21280055330747,Mutual Fund,120504
2022-08-31,ICICI Pru Bluechip Fund - Direct - Growth,119.47831493963174,Mutual Fund,120504
2022-09-01,ICICI Pru Bluechip Fund - Direct - Growth,120.2189953347943,Mutual Fund,120504
2022-09-02,ICICI Pru Bluechip Fund - Direct - Growth,119.70359483535458,Mutual Fund,120504
2022-09-05,ICICI Pru Bluechip Fund - Direct - Growth,120.27519061505576,Mutual Fund,120504
2022-09-06,ICICI Pru Bluechip Fund - Direct - Growth,120.51061226254176,Mutual Fund,120504
2022-09-07,ICICI Pru Bluechip Fund - Direct - Growth,119.02193611028913,Mutual Fund,120504
2022-09-08,ICICI Pru Bluechip Fund - Direct - Growth,119.56659805743897,Mutual Fund,120504
2022-09-09,ICICI Pru Bluechip Fund - Direct - Growth,118.47311770749864,Mutual Fund,120504
2022-09-12,ICICI Pru Bluechip Fund - Direct - Growth,119.5202120124894,Mutual Fund,120504
2022-09-13,ICICI Pru Bluechip Fund - Direct - Growth,118.87612764641537,Mutual Fund,120504
2022-09-14,ICICI Pru Bluechip Fund - Direct - Growth,118.7683923162099,Mutual Fund,120504
2022-09-15,ICICI Pru Bluechip Fund - Direct - Growth,120.27652068086074,Mutual Fund,120504
2022-09-16,ICICI Pru Bluechip Fund - Direct - Growth,120.86657112360639,Mutual Fund,120504
2022-09-19,ICICI Pru Bluechip Fund - Direct - Growth,119.78306626720364,Mutual Fund,120504
2022-09-20,ICICI Pru Bluechip Fund - Direct - Growth,118.77703774394244,Mutual Fund,120504
2022-09-21,ICICI Pru Bluechip Fund - Direct - Growth,118.21192603504065,Mutual Fund,120504
2022-09-22,ICICI Pru Bluechip Fund - Direct - Growth,118.68526320339707,Mutual Fund,120504
2022-09-23,ICICI Pru Bluechip Fund - Direct - Growth,119.12218982034146,Mutual Fund,120504
2022-09-26,ICICI Pru Bluechip Fund - Direct - Growth,118.30087418575044,Mutual Fund,120504
2022-09-27,ICICI Pru Bluechip Fund - Direct - Growth,117.14970223151802,Mutual Fund,120504
2022-09-28,ICICI Pru Bluechip Fund - Direct - Growth,117.50167089516765,Mutual Fund,120504
2022-09-29,ICICI Pru Bluechip Fund - Direct - Growth,117.3738183196615,Mutual Fund,120504
2022-09-30,ICICI Pru Bluechip Fund - Direct - Growth,119.68996166085329,Mutual Fund,120504
2022-10-03,ICICI Pru Bluechip Fund - Direct - Growth,119.7903816291312,Mutual Fund,120504
2022-10-04,ICICI Pru Bluechip Fund - Direct - Growth,121.78531407841413,Mutual Fund,120504
2022-10-05,ICICI Pru Bluechip Fund - Direct - Growth,120.59690028164154,Mutual Fund,120504
2022-10-06,ICICI Pru Bluechip Fund - Direct - Growth,118.99666485999407,Mutual Fund,120504
2022-10-07,ICICI Pru Bluechip Fund - Direct - Growth,117.88772249507056,Mutual Fund,120504
2022-10-10,ICICI Pru Bluechip Fund - Direct - Growth,119.19201827510429,Mutual Fund,120504
2022-10-11,ICICI Pru Bluechip Fund - Direct - Growth,121.11479465446567,Mutual Fund,120504
2022-10-12,ICICI Pru Bluechip Fund - Direct - Growth,120.34435403691613,Mutual Fund,120504
2022-10-13,ICICI Pru Bluechip Fund - Direct - Growth,119.91823420463743,Mutual Fund,120504
2022-10-14,ICICI Pru Bluechip Fund - Direct - Growth,118.74960513671428,Mutual Fund,120504
2022-10-17,ICICI Pru Bluechip Fund - Direct - Growth,116.9277475003077,Mutual Fund,120504
2022-10-18,ICICI Pru Bluechip Fund - Direct - Growth,117.73160602120802,Mutual Fund,120504
2022-10-19,ICICI Pru Bluechip Fund - Direct - Growth,118.02422049830928,Mutual Fund,120504
2022-10-20,ICICI Pru Bluechip Fund - Direct - Growth,118.09604405177959,Mutual Fund,120504
2022-10-21,ICICI Pru Bluechip Fund - Direct - Growth,116.70712283490236,Mutual Fund,120504
2022-10-24,ICICI Pru Bluechip Fund - Direct - Growth,118.46846247718119,Mutual Fund,120504
2022-10-25,ICICI Pru Bluechip Fund - Direct - Growth,118.00443576945983,Mutual Fund,120504
2022-10-26,ICICI Pru Bluechip Fund - Direct - Growth,118.62241759411059,Mutual Fund,120504
2022-10-27,ICICI Pru Bluechip Fund - Direct - Growth,117.17081702617249,Mutual Fund,120504
2022-10-28,ICICI Pru Bluechip Fund - Direct - Growth,117.03448528115939,Mutual Fund,120504
2022-10-31,ICICI Pru Bluechip Fund - Direct - Growth,117.39609692189532,Mutual Fund,120504
2022-11-01,ICICI Pru Bluechip Fund - Direct - Growth,117.79594795452519,Mutual Fund,120504
2022-11-02,ICICI Pru Bluechip Fund - Direct - Growth,118.01757016928427,Mutual Fund,120504
2022-11-03,ICICI Pru Bluechip Fund - Direct - Growth,118.5946524704311,Mutual Fund,120504
2022-11-04,ICICI Pru Bluechip Fund - Direct - Growth,117.47872726003132,Mutual Fund,120504
2022-11-07,ICICI Pru Bluechip Fund - Direct - Growth,117.74407538812997,Mutual Fund,120504
2022-11-08,ICICI Pru Bluechip Fund - Direct - Growth,117.92313549712887,Mutual Fund,120504
2022-11-09,ICICI Pru Bluechip Fund - Direct - Growth,118.22522669309079,Mutual Fund,120504
2022-11-10,ICICI Pru Bluechip Fund - Direct - Growth,118.36172469632953,Mutual Fund,120504
2022-11-11,ICICI Pru Bluechip Fund - Direct - Growth,117.10048979673286,Mutual Fund,120504
2022-11-14,ICICI Pru Bluechip Fund - Direct - Growth,115.80716705959044,Mutual Fund,120504
2022-11-15,ICICI Pru Bluechip Fund - Direct - Growth,113.62619165583232,Mutual Fund,120504
2022-11-16,ICICI Pru Bluechip Fund - Direct - Growth,114.50752650987424,Mutual Fund,120504
2022-11-17,ICICI Pru Bluechip Fund - Direct - Growth,115.40581970292996,Mutual Fund,120504
2022-11-18,ICICI Pru Bluechip Fund - Direct - Growth,116.3275553057989,Mutual Fund,120504
2022-11-21,ICICI Pru Bluechip Fund - Direct - Growth,116.70296637926177,Mutual Fund,120504
2022-11-22,ICICI Pru Bluechip Fund - Direct - Growth,114.58716419994894,Mutual Fund,120504
2022-11-23,ICICI Pru Bluechip Fund - Direct - Growth,113.61289099778227,Mutual Fund,120504
2022-11-24,ICICI Pru Bluechip Fund - Direct - Growth,113.84249360737138,Mutual Fund,120504
2022-11-25,ICICI Pru Bluechip Fund - Direct - Growth,114.03734824780472,Mutual Fund,120504
2022-11-28,ICICI Pru Bluechip Fund - Direct - Growth,113.872420087984,Mutual Fund,120504
2022-11-29,ICICI Pru Bluechip Fund - Direct - Growth,114.3023638594521,Mutual Fund,120504
2022-11-30,ICICI Pru Bluechip Fund - Direct - Growth,114.37318986356865,Mutual Fund,120504
2022-12-01,ICICI Pru Bluechip Fund - Direct - Growth,114.55407881304944,Mutual Fund,120504
2022-12-02,ICICI Pru Bluechip Fund - Direct - Growth,113.96901611707256,Mutual Fund,120504
2022-12-05,ICICI Pru Bluechip Fund - Direct - Growth,115.01976810302703,Mutual Fund,120504
2022-12-06,ICICI Pru Bluechip Fund - Direct - Growth,114.64269444730792,Mutual Fund,120504
2022-12-07,ICICI Pru Bluechip Fund - Direct - Growth,113.36366991756933,Mutual Fund,120504
2022-12-08,ICICI Pru Bluechip Fund - Direct - Growth,112.65358103592192,Mutual Fund,120504
2022-12-09,ICICI Pru Bluechip Fund - Direct - Growth,112.3657880473638,Mutual Fund,120504
2022-12-12,ICICI Pru Bluechip Fund - Direct - Growth,113.41371364348267,Mutual Fund,120504
2022-12-13,ICICI Pru Bluechip Fund - Direct - Growth,113.42984069136834,Mutual Fund,120504
2022-12-14,ICICI Pru Bluechip Fund - Direct - Growth,113.30232063231342,Mutual Fund,120504
2022-12-15,ICICI Pru Bluechip Fund - Direct - Growth,112.11922709876086,Mutual Fund,120504
2022-12-16,ICICI Pru Bluechip Fund - Direct - Growth,112.95683603946318,Mutual Fund,120504
2022-12-19,ICICI Pru Bluechip Fund - Direct - Growth,112.36728437139438,Mutual Fund,120504
2022-12-20,ICICI Pru Bluechip Fund - Direct - Growth,112.32605233143921,Mutual Fund,120504
2022-12-21,ICICI Pru Bluechip Fund - Direct - Growth,113.86078201219019,Mutual Fund,120504
2022-12-22,ICICI Pru Bluechip Fund - Direct - Growth,114.43171275898887,Mutual Fund,120504
2022-12-23,ICICI Pru Bluechip Fund - Direct - Growth,112.85841116989275,Mutual Fund,120504
2022-12-26,ICICI Pru Bluechip Fund - Direct - Growth,111.16823004818175,Mutual Fund,120504
2022-12-27,ICICI Pru Bluechip Fund - Direct - Growth,111.16257726851046,Mutual Fund,120504
2022-12-28,ICICI Pru Bluechip Fund - Direct - Growth,110.03667656457314,Mutual Fund,120504
2022-12-29,ICICI Pru Bluechip Fund - Direct - Growth,110.7249856186636,Mutual Fund,120504
2022-12-30,ICICI Pru Bluechip Fund - Direct - Growth,110.823410488234,Mutual Fund,120504
2023-01-02,ICICI Pru Bluechip Fund - Direct - Growth,111.04253882960869,Mutual Fund,120504
2023-01-03,ICICI Pru Bluechip Fund - Direct - Growth,110.409427506426,Mutual Fund,120504
2023-01-04,ICICI Pru Bluechip Fund - Direct - Growth,112.17608741192481,Mutual Fund,120504
2023-01-05,ICICI Pru Bluechip Fund - Direct - Growth,115.08311248699039,Mutual Fund,120504
2023-01-06,ICICI Pru Bluechip Fund - Direct - Growth,114.8599939482007,Mutual Fund,120504
2023-01-09,ICICI Pru Bluechip Fund - Direct - Growth,115.27746835274684,Mutual Fund,120504
2023-01-10,ICICI Pru Bluechip Fund - Direct - Growth,115.4362449582194,Mutual Fund,120504
2023-01-11,ICICI Pru Bluechip Fund - Direct - Growth,115.23158108247418,Mutual Fund,120504
2023-01-12,ICICI Pru Bluechip Fund - Direct - Growth,114.44800606510019,Mutual Fund,120504
2023-01-13,ICICI Pru Bluechip Fund - Direct - Growth,113.4167062915439,Mutual Fund,120504
2023-01-16,ICICI Pru Bluechip Fund - Direct - Growth,112.34434073625803,Mutual Fund,120504
2023-01-17,ICICI Pru Bluechip Fund - Direct - Growth,112.80487602124127,Mutual Fund,120504
2023-01-18,ICICI Pru Bluechip Fund - Direct - Growth,112.34700086786806,Mutual Fund,120504
2023-01-19,ICICI Pru Bluechip Fund - Direct - Growth,109.8778999591006,Mutual Fund,120504
2023-01-20,ICICI Pru Bluechip Fund - Direct - Growth,110.3666991424402,Mutual Fund,120504
2023-01-23,ICICI Pru Bluechip Fund - Direct - Growth,110.38631761306401,Mutual Fund,120504
2023-01-24,ICICI Pru Bluechip Fund - Direct - Growth,111.76293572124492,Mutual Fund,120504
2023-01-25,ICICI Pru Bluechip Fund - Direct - Growth,112.18905555352363,Mutual Fund,120504
2023-01-26,ICICI Pru Bluechip Fund - Direct - Growth,110.79265271649328,Mutual Fund,120504
2023-01-27,ICICI Pru Bluechip Fund - Direct - Growth,108.69148126103552,Mutual Fund,120504
2023-01-30,ICICI Pru Bluechip Fund - Direct - Growth,108.05970000365778,Mutual Fund,120504
2023-01-31,ICICI Pru Bluechip Fund - Direct - Growth,107.5210233526305,Mutual Fund,120504
2023-02-01,ICICI Pru Bluechip Fund - Direct - Growth,108.47501305127085,Mutual Fund,120504
2023-02-02,ICICI Pru Bluechip Fund - Direct - Growth,108.52256290379981,Mutual Fund,120504
2023-02-03,ICICI Pru Bluechip Fund - Direct - Growth,109.6695784023916,Mutual Fund,120504
2023-02-06,ICICI Pru Bluechip Fund - Direct - Growth,108.45157064145765,Mutual Fund,120504
2023-02-07,ICICI Pru Bluechip Fund - Direct - Growth,109.43515430425936,Mutual Fund,120504
2023-02-08,ICICI Pru Bluechip Fund - Direct - Growth,110.19013290682571,Mutual Fund,120504
2023-02-09,ICICI Pru Bluechip Fund - Direct - Growth,108.30210449662012,Mutual Fund,120504
2023-02-10,ICICI Pru Bluechip Fund - Direct - Growth,109.62917765356457,Mutual Fund,120504
2023-02-13,ICICI Pru Bluechip Fund - Direct - Growth,109.77631618324335,Mutual Fund,120504
2023-02-14,ICICI Pru Bluechip Fund - Direct - Growth,110.21324280018771,Mutual Fund,120504
2023-02-15,ICICI Pru Bluechip Fund - Direct - Growth,109.43232791442374,Mutual Fund,120504
2023-02-16,ICICI Pru Bluechip Fund - Direct - Growth,110.72698071737118,Mutual Fund,120504
2023-02-17,ICICI Pru Bluechip Fund - Direct - Growth,109.63167152694896,Mutual Fund,120504
2023-02-20,ICICI Pru Bluechip Fund - Direct - Growth,110.49604804197703,Mutual Fund,120504
2023-02-21,ICICI Pru Bluechip Fund - Direct - Growth,111.35610184313884,Mutual Fund,120504
2023-02-22,ICICI Pru Bluechip Fund - Direct - Growth,110.46046878169314,Mutual Fund,120504
2023-02-23,ICICI Pru Bluechip Fund - Direct - Growth,112.46753808144673,Mutual Fund,120504
2023-02-24,ICICI Pru Bluechip Fund - Direct - Growth,112.7556635864561,Mutual Fund,120504
2023-02-27,ICICI Pru Bluechip Fund - Direct - Growth,113.4662512427804,Mutual Fund,120504
2023-02-28,ICICI Pru Bluechip Fund - Direct - Growth,112.00617150533539,Mutual Fund,120504
2023-03-01,ICICI Pru Bluechip Fund - Direct - Growth,114.17650638265344,Mutual Fund,120504
2023-03-02,ICICI Pru Bluechip Fund - Direct - Growth,113.00837608940716,Mutual Fund,120504
2023-03-03,ICICI Pru Bluechip Fund - Direct - Growth,114.09337726984059,Mutual Fund,120504
2023-03-06,ICICI Pru Bluechip Fund - Direct - Growth,113.15518210263468,Mutual Fund,120504
2023-03-07,ICICI Pru Bluechip Fund - Direct - Growth,112.59721949743479,Mutual Fund,120504
2023-03-08,ICICI Pru Bluechip Fund - Direct - Growth,113.4416450253878,Mutual Fund,120504
2023-03-09,ICICI Pru Bluechip Fund - Direct - Growth,114.53346279307186,Mutual Fund,120504
2023-03-10,ICICI Pru Bluechip Fund - Direct - Growth,113.31495625746102,Mutual Fund,120504
2023-03-13,ICICI Pru Bluechip Fund - Direct - Growth,114.46895460152908,Mutual Fund,120504
2023-03-14,ICICI Pru Bluechip Fund - Direct - Growth,115.588371234667,Mutual Fund,120504
2023-03-15,ICICI Pru Bluechip Fund - Direct - Growth,114.69539830483129,Mutual Fund,120504
2023-03-16,ICICI Pru Bluechip Fund - Direct - Growth,116.38391684428603,Mutual Fund,120504
2023-03-17,ICICI Pru Bluechip Fund - Direct - Growth,114.95742126841742,Mutual Fund,120504
2023-03-20,ICICI Pru Bluechip Fund - Direct - Growth,114.38466168113683,Mutual Fund,120504
2023-03-21,ICICI Pru Bluechip Fund - Direct - Growth,114.9281598207073,Mutual Fund,120504
2023-03-22,ICICI Pru Bluechip Fund - Direct - Growth,114.12513259093511,Mutual Fund,120504
2023-03-23,ICICI Pru Bluechip Fund - Direct - Growth,114.45000116380777,Mutual Fund,120504
2023-03-24,ICICI Pru Bluechip Fund - Direct - Growth,114.75275739267217,Mutual Fund,120504
2023-03-27,ICICI Pru Bluechip Fund - Direct - Growth,114.62274346023287,Mutual Fund,120504
2023-03-28,ICICI Pru Bluechip Fund - Direct - Growth,115.5268556911855,Mutual Fund,120504
2023-03-29,ICICI Pru Bluechip Fund - Direct - Growth,115.35394713653477,Mutual Fund,120504
2023-03-30,ICICI Pru Bluechip Fund - Direct - Growth,115.64938800347167,Mutual Fund,120504
2023-03-31,ICICI Pru Bluechip Fund - Direct - Growth,116.88501913632194,Mutual Fund,120504
2023-04-03,ICICI Pru Bluechip Fund - Direct - Growth,117.76352760052822,Mutual Fund,120504
2023-04-04,ICICI Pru Bluechip Fund - Direct - Growth,118.644031163442,Mutual Fund,120504
2023-04-05,ICICI Pru Bluechip Fund - Direct - Growth,117.50815496596714,Mutual Fund,120504
2023-04-06,ICICI Pru Bluechip Fund - Direct - Growth,118.11416619837283,Mutual Fund,120504
2023-04-07,ICICI Pru Bluechip Fund - Direct - Growth,117.26309034139479,Mutual Fund,120504
2023-04-10,ICICI Pru Bluechip Fund - Direct - Growth,116.00518060631066,Mutual Fund,120504
2023-04-11,ICICI Pru Bluechip Fund - Direct - Growth,115.99171369003498,Mutual Fund,120504
2023-04-12,ICICI Pru Bluechip Fund - Direct - Growth,115.12966479016566,Mutual Fund,120504
2023-04-13,ICICI Pru Bluechip Fund - Direct - Growth,115.99503885454749,Mutual Fund,120504
2023-04-14,ICICI Pru Bluechip Fund - Direct - Growth,116.89166946534695,Mutual Fund,120504
2023-04-17,ICICI Pru Bluechip Fund - Direct - Growth,115.00596867030013,Mutual Fund,120504
2023-04-18,ICICI Pru Bluechip Fund - Direct - Growth,114.22771391614617,Mutual Fund,120504
2023-04-19,ICICI Pru Bluechip Fund - Direct - Growth,112.82482700831639,Mutual Fund,120504
2023-04-20,ICICI Pru Bluechip Fund - Direct - Growth,112.42347965165594,Mutual Fund,120504
2023-04-21,ICICI Pru Bluechip Fund - Direct - Growth,112.93389240432687,Mutual Fund,120504
2023-04-24,ICICI Pru Bluechip Fund - Direct - Growth,112.75100835613858,Mutual Fund,120504
2023-04-25,ICICI Pru Bluechip Fund - Direct - Growth,112.22396978090508,Mutual Fund,120504
2023-04-26,ICICI Pru Bluechip Fund - Direct - Growth,113.57664670459589,Mutual Fund,120504
2023-04-27,ICICI Pru Bluechip Fund - Direct - Growth,111.34878648121132,Mutual Fund,120504
2023-04-28,ICICI Pru Bluechip Fund - Direct - Growth,112.62814352740118,Mutual Fund,120504
2023-05-01,ICICI Pru Bluechip Fund - Direct - Growth,112.14665970598912,Mutual Fund,120504
2023-05-02,ICICI Pru Bluechip Fund - Direct - Growth,112.12720749359089,Mutual Fund,120504
2023-05-03,ICICI Pru Bluechip Fund - Direct - Growth,111.66451085167455,Mutual Fund,120504
2023-05-04,ICICI Pru Bluechip Fund - Direct - Growth,113.25277568107697,Mutual Fund,120504
2023-05-05,ICICI Pru Bluechip Fund - Direct - Growth,112.08763803589197,Mutual Fund,120504
2023-05-08,ICICI Pru Bluechip Fund - Direct - Growth,112.15713397420353,Mutual Fund,120504
2023-05-09,ICICI Pru Bluechip Fund - Direct - Growth,112.73820647276543,Mutual Fund,120504
2023-05-10,ICICI Pru Bluechip Fund - Direct - Growth,111.20513937427073,Mutual Fund,120504
2023-05-11,ICICI Pru Bluechip Fund - Direct - Growth,110.36354023615336,Mutual Fund,120504
2023-05-12,ICICI Pru Bluechip Fund - Direct - Growth,110.27625466769986,Mutual Fund,120504
2023-05-15,ICICI Pru Bluechip Fund - Direct - Growth,109.47372621260453,Mutual Fund,120504
2023-05-16,ICICI Pru Bluechip Fund - Direct - Growth,108.74518266791264,Mutual Fund,120504
2023-05-17,ICICI Pru Bluechip Fund - Direct - Growth,108.46620136531271,Mutual Fund,120504
2023-05-18,ICICI Pru Bluechip Fund - Direct - Growth,109.14569873344502,Mutual Fund,120504
2023-05-19,ICICI Pru Bluechip Fund - Direct - Growth,108.87237021051635,Mutual Fund,120504
2023-05-22,ICICI Pru Bluechip Fund - Direct - Growth,109.96950824142043,Mutual Fund,120504
2023-05-23,ICICI Pru Bluechip Fund - Direct - Growth,109.06240336240654,Mutual Fund,120504
2023-05-24,ICICI Pru Bluechip Fund - Direct - Growth,107.92054186880912,Mutual Fund,120504
2023-05-25,ICICI Pru Bluechip Fund - Direct - Growth,109.82619365093103,Mutual Fund,120504
2023-05-26,ICICI Pru Bluechip Fund - Direct - Growth,109.24711625107668,Mutual Fund,120504
2023-05-29,ICICI Pru Bluechip Fund - Direct - Growth,108.04706437851029,Mutual Fund,120504
2023-05-30,ICICI Pru Bluechip Fund - Direct - Growth,106.45464309346721,Mutual Fund,120504
2023-05-31,ICICI Pru Bluechip Fund - Direct - Growth,107.52434851714305,Mutual Fund,120504
2023-06-01,ICICI Pru Bluechip Fund - Direct - Growth,107.25650651566004,Mutual Fund,120504
2023-06-02,ICICI Pru Bluechip Fund - Direct - Growth,107.07195988521549,Mutual Fund,120504
2023-06-05,ICICI Pru Bluechip Fund - Direct - Growth,106.9768601801576,Mutual Fund,120504
2023-06-06,ICICI Pru Bluechip Fund - Direct - Growth,107.99253168050507,Mutual Fund,120504
2023-06-07,ICICI Pru Bluechip Fund - Direct - Growth,107.87731473014645,Mutual Fund,120504
2023-06-08,ICICI Pru Bluechip Fund - Direct - Growth,110.18747277521574,Mutual Fund,120504
2023-06-09,ICICI Pru Bluechip Fund - Direct - Growth,110.37451327904466,Mutual Fund,120504
2023-06-12,ICICI Pru Bluechip Fund - Direct - Growth,111.4703212441437,Mutual Fund,120504
2023-06-13,ICICI Pru Bluechip Fund - Direct - Growth,112.32272716692677,Mutual Fund,120504
2023-06-14,ICICI Pru Bluechip Fund - Direct - Growth,112.34450699448372,Mutual Fund,120504
2023-06-15,ICICI Pru Bluechip Fund - Direct - Growth,111.82212364956774,Mutual Fund,120504
2023-06-16,ICICI Pru Bluechip Fund - Direct - Growth,112.2078427330194,Mutual Fund,120504
2023-06-19,ICICI Pru Bluechip Fund - Direct - Growth,112.77195689256747,Mutual Fund,120504
2023-06-20,ICICI Pru Bluechip Fund - Direct - Growth,112.26187665634777,Mutual Fund,120504
2023-06-21,ICICI Pru Bluechip Fund - Direct - Growth,112.48466267868622,Mutual Fund,120504
2023-06-22,ICICI Pru Bluechip Fund - Direct - Growth,113.77632283357238,Mutual Fund,120504
2023-06-23,ICICI Pru Bluechip Fund - Direct - Growth,115.93235950348664,Mutual Fund,120504
2023-06-26,ICICI Pru Bluechip Fund - Direct - Growth,116.86939086311314,Mutual Fund,120504
2023-06-27,ICICI Pru Bluechip Fund - Direct - Growth,118.86648466932921,Mutual Fund,120504
2023-06-28,ICICI Pru Bluechip Fund - Direct - Growth,118.26945138110727,Mutual Fund,120504
2023-06-29,ICICI Pru Bluechip Fund - Direct - Growth,119.06532950717757,Mutual Fund,120504
2023-06-30,ICICI Pru Bluechip Fund - Direct - Growth,120.54137003428265,Mutual Fund,120504
2023-07-03,ICICI Pru Bluechip Fund - Direct - Growth,119.6538836258926,Mutual Fund,120504
2023-07-04,ICICI Pru Bluechip Fund - Direct - Growth,119.20398886734942,Mutual Fund,120504
2023-07-05,ICICI Pru Bluechip Fund - Direct - Growth,121.10764555076385,Mutual Fund,120504
2023-07-06,ICICI Pru Bluechip Fund - Direct - Growth,120.13254105746904,Mutual Fund,120504
2023-07-07,ICICI Pru Bluechip Fund - Direct - Growth,118.78136045780884,Mutual Fund,120504
2023-07-10,ICICI Pru Bluechip Fund - Direct - Growth,120.4549157569573,Mutual Fund,120504
2023-07-11,ICICI Pru Bluechip Fund - Direct - Growth,121.79578834662867,Mutual Fund,120504
2023-07-12,ICICI Pru Bluechip Fund - Direct - Growth,122.32399072944156,Mutual Fund,120504
2023-07-13,ICICI Pru Bluechip Fund - Direct - Growth,122.33779016216846,Mutual Fund,120504
2023-07-14,ICICI Pru Bluechip Fund - Direct - Growth,121.92846241067794,Mutual Fund,120504
2023-07-17,ICICI Pru Bluechip Fund - Direct - Growth,122.29506179818263,Mutual Fund,120504
2023-07-18,ICICI Pru Bluechip Fund - Direct - Growth,124.07485610350588,Mutual Fund,120504
2023-07-19,ICICI Pru Bluechip Fund - Direct - Growth,124.4002234510554,Mutual Fund,120504
2023-07-20,ICICI Pru Bluechip Fund - Direct - Growth,126.86599919531037,Mutual Fund,120504
2023-07-21,ICICI Pru Bluechip Fund - Direct - Growth,125.93029790148884,Mutual Fund,120504
2023-07-24,ICICI Pru Bluechip Fund - Direct - Growth,125.97335878192591,Mutual Fund,120504
2023-07-25,ICICI Pru Bluechip Fund - Direct - Growth,125.62438276633752,Mutual Fund,120504
2023-07-26,ICICI Pru Bluechip Fund - Direct - Growth,124.4919979916008,Mutual Fund,120504
2023-07-27,ICICI Pru Bluechip Fund - Direct - Growth,124.38825285881036,Mutual Fund,120504
2023-07-28,ICICI Pru Bluechip Fund - Direct - Growth,124.91130123662886,Mutual Fund,120504
2023-07-31,ICICI Pru Bluechip Fund - Direct - Growth,125.554886828026,Mutual Fund,120504
2023-08-01,ICICI Pru Bluechip Fund - Direct - Growth,128.0474301466067,Mutual Fund,120504
2023-08-02,ICICI Pru Bluechip Fund - Direct - Growth,128.6393094298342,Mutual Fund,120504
2023-08-03,ICICI Pru Bluechip Fund - Direct - Growth,130.01792263672266,Mutual Fund,120504
2023-08-04,ICICI Pru Bluechip Fund - Direct - Growth,130.16073845253516,Mutual Fund,120504
2023-08-07,ICICI Pru Bluechip Fund - Direct - Growth,132.16963659277064,Mutual Fund,120504
2023-08-08,ICICI Pru Bluechip Fund - Direct - Growth,135.06469107559118,Mutual Fund,120504
2023-08-09,ICICI Pru Bluechip Fund - Direct - Growth,135.7687946611161,Mutual Fund,120504
2023-08-10,ICICI Pru Bluechip Fund - Direct - Growth,134.65486454942382,Mutual Fund,120504
2023-08-11,ICICI Pru Bluechip Fund - Direct - Growth,134.07379205086195,Mutual Fund,120504
2023-08-14,ICICI Pru Bluechip Fund - Direct - Growth,134.4769682480043,Mutual Fund,120504
2023-08-15,ICICI Pru Bluechip Fund - Direct - Growth,135.08913103475817,Mutual Fund,120504
2023-08-16,ICICI Pru Bluechip Fund - Direct - Growth,135.99390829861332,Mutual Fund,120504
2023-08-17,ICICI Pru Bluechip Fund - Direct - Growth,136.6173766447097,Mutual Fund,120504
2023-08-18,ICICI Pru Bluechip Fund - Direct - Growth,136.69634930188192,Mutual Fund,120504
2023-08-21,ICICI Pru Bluechip Fund - Direct - Growth,136.00172243521772,Mutual Fund,120504
2023-08-22,ICICI Pru Bluechip Fund - Direct - Growth,136.5540322607463,Mutual Fund,120504
2023-08-23,ICICI Pru Bluechip Fund - Direct - Growth,138.8779897385425,Mutual Fund,120504
2023-08-24,ICICI Pru Bluechip Fund - Direct - Growth,140.2052291537126,Mutual Fund,120504
2023-08-25,ICICI Pru Bluechip Fund - Direct - Growth,140.94058928565514,Mutual Fund,120504
2023-08-28,ICICI Pru Bluechip Fund - Direct - Growth,142.2995840219197,Mutual Fund,120504
2023-08-29,ICICI Pru Bluechip Fund - Direct - Growth,141.90787964234553,Mutual Fund,120504
2023-08-30,ICICI Pru Bluechip Fund - Direct - Growth,141.34609309795624,Mutual Fund,120504
2023-08-31,ICICI Pru Bluechip Fund - Direct - Growth,140.48936446130693,Mutual Fund,120504
2023-09-01,ICICI Pru Bluechip Fund - Direct - Growth,140.40673412317096,Mutual Fund,120504
2023-09-04,ICICI Pru Bluechip Fund - Direct - Growth,139.95733813930465,Mutual Fund,120504
2023-09-05,ICICI Pru Bluechip Fund - Direct - Growth,141.52964217904704,Mutual Fund,120504
2023-09-06,ICICI Pru Bluechip Fund - Direct - Growth,141.0102514821923,Mutual Fund,120504
2023-09-07,ICICI Pru Bluechip Fund - Direct - Growth,140.08785084642088,Mutual Fund,120504
2023-09-08,ICICI Pru Bluechip Fund - Direct - Growth,142.5820567472578,Mutual Fund,120504
2023-09-11,ICICI Pru Bluechip Fund - Direct - Growth,142.08876859182632,Mutual Fund,120504
2023-09-12,ICICI Pru Bluechip Fund - Direct - Growth,142.35478175282748,Mutual Fund,120504
2023-09-13,ICICI Pru Bluechip Fund - Direct - Growth,142.9962059872915,Mutual Fund,120504
2023-09-14,ICICI Pru Bluechip Fund - Direct - Growth,141.6430302889238,Mutual Fund,120504
2023-09-15,ICICI Pru Bluechip Fund - Direct - Growth,143.26870321909203,Mutual Fund,120504
2023-09-18,ICICI Pru Bluechip Fund - Direct - Growth,144.15020433135956,Mutual Fund,120504
2023-09-19,ICICI Pru Bluechip Fund - Direct - Growth,146.22045175685093,Mutual Fund,120504
2023-09-20,ICICI Pru Bluechip Fund - Direct - Growth,145.42224601562188,Mutual Fund,120504
2023-09-21,ICICI Pru Bluechip Fund - Direct - Growth,145.62458227620837,Mutual Fund,120504
2023-09-22,ICICI Pru Bluechip Fund - Direct - Growth,145.75027349478145,Mutual Fund,120504
2023-09-25,ICICI Pru Bluechip Fund - Direct - Growth,146.1652540259432,Mutual Fund,120504
2023-09-26,ICICI Pru Bluechip Fund - Direct - Growth,144.37664803466183,Mutual Fund,120504
2023-09-27,ICICI Pru Bluechip Fund - Direct - Growth,144.59228495329836,Mutual Fund,120504
2023-09-28,ICICI Pru Bluechip Fund - Direct - Growth,142.85837791824778,Mutual Fund,120504
2023-09-29,ICICI Pru Bluechip Fund - Direct - Growth,143.38458520235315,Mutual Fund,120504
2023-10-02,ICICI Pru Bluechip Fund - Direct - Growth,140.79045810791516,Mutual Fund,120504
2023-10-03,ICICI Pru Bluechip Fund - Direct - Growth,138.58155132225193,Mutual Fund,120504
2023-10-04,ICICI Pru Bluechip Fund - Direct - Growth,139.6577408167272,Mutual Fund,120504
2023-10-05,ICICI Pru Bluechip Fund - Direct - Growth,139.05754862221838,Mutual Fund,120504
2023-10-06,ICICI Pru Bluechip Fund - Direct - Growth,137.92233745764602,Mutual Fund,120504
2023-10-09,ICICI Pru Bluechip Fund - Direct - Growth,139.54884167894238,Mutual Fund,120504
2023-10-10,ICICI Pru Bluechip Fund - Direct - Growth,140.02483897890878,Mutual Fund,120504
2023-10-11,ICICI Pru Bluechip Fund - Direct - Growth,141.17883732297688,Mutual Fund,120504
2023-10-12,ICICI Pru Bluechip Fund - Direct - Growth,141.0446669348969,Mutual Fund,120504
2023-10-13,ICICI Pru Bluechip Fund - Direct - Growth,144.49203124324606,Mutual Fund,120504
2023-10-16,ICICI Pru Bluechip Fund - Direct - Growth,143.79806940948433,Mutual Fund,120504
2023-10-17,ICICI Pru Bluechip Fund - Direct - Growth,146.10274093310795,Mutual Fund,120504
2023-10-18,ICICI Pru Bluechip Fund - Direct - Growth,146.09908325214417,Mutual Fund,120504
2023-10-19,ICICI Pru Bluechip Fund - Direct - Growth,144.0570997250092,Mutual Fund,120504
2023-10-20,ICICI Pru Bluechip Fund - Direct - Growth,144.7464063284534,Mutual Fund,120504
2023-10-23,ICICI Pru Bluechip Fund - Direct - Growth,145.22373369422482,Mutual Fund,120504
2023-10-24,ICICI Pru Bluechip Fund - Direct - Growth,143.957677306085,Mutual Fund,120504
2023-10-25,ICICI Pru Bluechip Fund - Direct - Growth,142.86536076372408,Mutual Fund,120504
2023-10-26,ICICI Pru Bluechip Fund - Direct - Growth,142.90792286948425,Mutual Fund,120504
2023-10-27,ICICI Pru Bluechip Fund - Direct - Growth,143.42332336892395,Mutual Fund,120504
2023-10-30,ICICI Pru Bluechip Fund - Direct - Growth,140.40440650801224,Mutual Fund,120504
2023-10-31,ICICI Pru Bluechip Fund - Direct - Growth,141.78767494521816,Mutual Fund,120504
2023-11-01,ICICI Pru Bluechip Fund - Direct - Growth,141.2435117727452,Mutual Fund,120504
2023-11-02,ICICI Pru Bluechip Fund - Direct - Growth,139.6663862444597,Mutual Fund,120504
2023-11-03,ICICI Pru Bluechip Fund - Direct - Growth,140.90301492666373,Mutual Fund,120504
2023-11-06,ICICI Pru Bluechip Fund - Direct - Growth,140.94640832355202,Mutual Fund,120504
2023-11-07,ICICI Pru Bluechip Fund - Direct - Growth,142.53982715794885,Mutual Fund,120504
2023-11-08,ICICI Pru Bluechip Fund - Direct - Growth,143.1651243445272,Mutual Fund,120504
2023-11-09,ICICI Pru Bluechip Fund - Direct - Growth,143.2371141562231,Mutual Fund,120504
2023-11-10,ICICI Pru Bluechip Fund - Direct - Growth,143.11823952490073,Mutual Fund,120504
2023-11-13,ICICI Pru Bluechip Fund - Direct - Growth,143.8028908980274,Mutual Fund,120504
2023-11-14,ICICI Pru Bluechip Fund - Direct - Growth,143.35332865593543,Mutual Fund,120504
2023-11-15,ICICI Pru Bluechip Fund - Direct - Growth,142.35295291234556,Mutual Fund,120504
2023-11-16,ICICI Pru Bluechip Fund - Direct - Growth,143.1945520504629,Mutual Fund,120504
2023-11-17,ICICI Pru Bluechip Fund - Direct - Growth,143.08598542912932,Mutual Fund,120504
2023-11-20,ICICI Pru Bluechip Fund - Direct - Growth,143.20219992884168,Mutual Fund,120504
2023-11-21,ICICI Pru Bluechip Fund - Direct - Growth,144.65928701822543,Mutual Fund,120504
2023-11-22,ICICI Pru Bluechip Fund - Direct - Growth,144.5886272723345,Mutual Fund,120504
2023-11-23,ICICI Pru Bluechip Fund - Direct - Growth,144.68239691158743,Mutual Fund,120504
2023-11-24,ICICI Pru Bluechip Fund - Direct - Growth,143.9935890828201,Mutual Fund,120504
2023-11-27,ICICI Pru Bluechip Fund - Direct - Growth,144.61622613778837,Mutual Fund,120504
2023-11-28,ICICI Pru Bluechip Fund - Direct - Growth,145.1379444498019,Mutual Fund,120504
2023-11-29,ICICI Pru Bluechip Fund - Direct - Growth,146.3709154510422,Mutual Fund,120504
2023-11-30,ICICI Pru Bluechip Fund - Direct - Growth,145.7003960270937,Mutual Fund,120504
2023-12-01,ICICI Pru Bluechip Fund - Direct - Growth,145.18815443394084,Mutual Fund,120504
2023-12-04,ICICI Pru Bluechip Fund - Direct - Growth,146.28146852565553,Mutual Fund,120504
2023-12-05,ICICI Pru Bluechip Fund - Direct - Growth,146.682815882316,Mutual Fund,120504
2023-12-06,ICICI Pru Bluechip Fund - Direct - Growth,145.59033308172943,Mutual Fund,120504
2023-12-07,ICICI Pru Bluechip Fund - Direct - Growth,147.35366782271578,Mutual Fund,120504
2023-12-08,ICICI Pru Bluechip Fund - Direct - Growth,145.23786564340296,Mutual Fund,120504
2023-12-11,ICICI Pru Bluechip Fund - Direct - Growth,146.3213704998057,Mutual Fund,120504
2023-12-12,ICICI Pru Bluechip Fund - Direct - Growth,144.77234261165097,Mutual Fund,120504
2023-12-13,ICICI Pru Bluechip Fund - Direct - Growth,147.27619148957422,Mutual Fund,120504
2023-12-14,ICICI Pru Bluechip Fund - Direct - Growth,145.35856911520722,Mutual Fund,120504
2023-12-15,ICICI Pru Bluechip Fund - Direct - Growth,146.91890256270452,Mutual Fund,120504
2023-12-18,ICICI Pru Bluechip Fund - Direct - Growth,146.88897608209192,Mutual Fund,120504
2023-12-19,ICICI Pru Bluechip Fund - Direct - Growth,146.49045511526705,Mutual Fund,120504
2023-12-20,ICICI Pru Bluechip Fund - Direct - Growth,146.80584696927903,Mutual Fund,120504
2023-12-21,ICICI Pru Bluechip Fund - Direct - Growth,147.7024775800785,Mutual Fund,120504
2023-12-22,ICICI Pru Bluechip Fund - Direct - Growth,146.6046745162719,Mutual Fund,120504
2023-12-25,ICICI Pru Bluechip Fund - Direct - Growth,145.62873873184896,Mutual Fund,120504
2023-12-26,ICICI Pru Bluechip Fund - Direct - Growth,146.54099761585726,Mutual Fund,120504
2023-12-27,ICICI Pru Bluechip Fund - Direct - Growth,144.42552795299568,Mutual Fund,120504
2023-12-28,ICICI Pru Bluechip Fund - Direct - Growth,143.75750240243156,Mutual Fund,120504
2023-12-29,ICICI Pru Bluechip Fund - Direct - Growth,147.74088323019805,Mutual Fund,120504
2024-01-01,ICICI Pru Bluechip Fund - Direct - Growth,146.56044982825546,Mutual Fund,120504
2024-01-02,ICICI Pru Bluechip Fund - Direct - Growth,148.12809863768032,Mutual Fund,120504
2024-01-03,ICICI Pru Bluechip Fund - Direct - Growth,147.440620874718,Mutual Fund,120504
2024-01-04,ICICI Pru Bluechip Fund - Direct - Growth,148.18046997875243,Mutual Fund,120504
2024-01-05,ICICI Pru Bluechip Fund - Direct - Growth,149.11484120676892,Mutual Fund,120504
2024-01-08,ICICI Pru Bluechip Fund - Direct - Growth,150.6846513731269,Mutual Fund,120504
2024-01-09,ICICI Pru Bluechip Fund - Direct - Growth,150.4964470617186,Mutual Fund,120504
2024-01-10,ICICI Pru Bluechip Fund - Direct - Growth,153.2385439769635,Mutual Fund,120504
2024-01-11,ICICI Pru Bluechip Fund - Direct - Growth,152.5228023156448,Mutual Fund,120504
2024-01-12,ICICI Pru Bluechip Fund - Direct - Growth,152.91700056860338,Mutual Fund,120504
2024-01-15,ICICI Pru Bluechip Fund - Direct - Growth,153.3273258694476,Mutual Fund,120504
2024-01-16,ICICI Pru Bluechip Fund - Direct - Growth,151.89584254681023,Mutual Fund,120504
2024-01-17,ICICI Pru Bluechip Fund - Direct - Growth,151.59158999391516,Mutual Fund,120504
2024-01-18,ICICI Pru Bluechip Fund - Direct - Growth,151.88603331149832,Mutual Fund,120504
2024-01-19,ICICI Pru Bluechip Fund - Direct - Growth,151.38642734349307,Mutual Fund,120504
2024-01-22,ICICI Pru Bluechip Fund - Direct - Growth,154.76047177434126,Mutual Fund,120504
2024-01-23,ICICI Pru Bluechip Fund - Direct - Growth,153.69924552017233,Mutual Fund,120504
2024-01-24,ICICI Pru Bluechip Fund - Direct - Growth,155.38643399382204,Mutual Fund,120504
2024-01-25,ICICI Pru Bluechip Fund - Direct - Growth,156.64534127825996,Mutual Fund,120504
2024-01-26,ICICI Pru Bluechip Fund - Direct - Growth,156.7070230799671,Mutual Fund,120504
2024-01-29,ICICI Pru Bluechip Fund - Direct - Growth,155.5960856163361,Mutual Fund,120504
2024-01-30,ICICI Pru Bluechip Fund - Direct - Growth,154.62530383690756,Mutual Fund,120504
2024-01-31,ICICI Pru Bluechip Fund - Direct - Growth,154.00000665032923,Mutual Fund,120504
2024-02-01,ICICI Pru Bluechip Fund - Direct - Growth,151.67189271689236,Mutual Fund,120504
2024-02-02,ICICI Pru Bluechip Fund - Direct - Growth,150.4131516906801,Mutual Fund,120504
2024-02-05,ICICI Pru Bluechip Fund - Direct - Growth,148.53593006514018,Mutual Fund,120504
2024-02-06,ICICI Pru Bluechip Fund - Direct - Growth,150.38704914925688,Mutual Fund,120504
2024-02-07,ICICI Pru Bluechip Fund - Direct - Growth,151.28766995747134,Mutual Fund,120504
2024-02-08,ICICI Pru Bluechip Fund - Direct - Growth,152.41855840817743,Mutual Fund,120504
2024-02-09,ICICI Pru Bluechip Fund - Direct - Growth,153.29108157626118,Mutual Fund,120504
2024-02-12,ICICI Pru Bluechip Fund - Direct - Growth,153.59616542028436,Mutual Fund,120504
2024-02-13,ICICI Pru Bluechip Fund - Direct - Growth,155.66790916980636,Mutual Fund,120504
2024-02-14,ICICI Pru Bluechip Fund - Direct - Growth,154.91160050143498,Mutual Fund,120504
2024-02-15,ICICI Pru Bluechip Fund - Direct - Growth,155.1373791718347,Mutual Fund,120504
2024-02-16,ICICI Pru Bluechip Fund - Direct - Growth,156.24349514692256,Mutual Fund,120504
2024-02-19,ICICI Pru Bluechip Fund - Direct - Growth,154.51324579283573,Mutual Fund,120504
2024-02-20,ICICI Pru Bluechip Fund - Direct - Growth,158.8728689851932,Mutual Fund,120504
2024-02-21,ICICI Pru Bluechip Fund - Direct - Growth,158.99490252280245,Mutual Fund,120504
2024-02-22,ICICI Pru Bluechip Fund - Direct - Growth,159.2763776987868,Mutual Fund,120504
2024-02-23,ICICI Pru Bluechip Fund - Direct - Growth,161.13481214483102,Mutual Fund,120504
2024-02-26,ICICI Pru Bluechip Fund - Direct - Growth,162.5240658781595,Mutual Fund,120504
2024-02-27,ICICI Pru Bluechip Fund - Direct - Growth,162.6625589801057,Mutual Fund,120504
2024-02-28,ICICI Pru Bluechip Fund - Direct - Growth,162.93339362964997,Mutual Fund,120504
2024-02-29,ICICI Pru Bluechip Fund - Direct - Growth,160.86929775850675,Mutual Fund,120504
2024-03-01,ICICI Pru Bluechip Fund - Direct - Growth,160.16436288185372,Mutual Fund,120504
2024-03-04,ICICI Pru Bluechip Fund - Direct - Growth,160.9795269620966,Mutual Fund,120504
2024-03-05,ICICI Pru Bluechip Fund - Direct - Growth,161.69443733228718,Mutual Fund,120504
2024-03-06,ICICI Pru Bluechip Fund - Direct - Growth,163.5295956267438,Mutual Fund,120504
2024-03-07,ICICI Pru Bluechip Fund - Direct - Growth,163.44014870135717,Mutual Fund,120504
2024-03-08,ICICI Pru Bluechip Fund - Direct - Growth,161.53599324326586,Mutual Fund,120504
2024-03-11,ICICI Pru Bluechip Fund - Direct - Growth,163.1325709839496,Mutual Fund,120504
2024-03-12,ICICI Pru Bluechip Fund - Direct - Growth,165.29708682337073,Mutual Fund,120504
2024-03-13,ICICI Pru Bluechip Fund - Direct - Growth,166.69764611604177,Mutual Fund,120504
2024-03-14,ICICI Pru Bluechip Fund - Direct - Growth,166.54319222443547,Mutual Fund,120504
2024-03-15,ICICI Pru Bluechip Fund - Direct - Growth,168.17102651153678,Mutual Fund,120504
2024-03-18,ICICI Pru Bluechip Fund - Direct - Growth,173.42362263372993,Mutual Fund,120504
2024-03-19,ICICI Pru Bluechip Fund - Direct - Growth,173.6894695365055,Mutual Fund,120504
2024-03-20,ICICI Pru Bluechip Fund - Direct - Growth,171.78032633164543,Mutual Fund,120504
2024-03-21,ICICI Pru Bluechip Fund - Direct - Growth,170.98245310686764,Mutual Fund,120504
2024-03-22,ICICI Pru Bluechip Fund - Direct - Growth,172.01707804493645,Mutual Fund,120504
2024-03-25,ICICI Pru Bluechip Fund - Direct - Growth,169.6871352710177,Mutual Fund,120504
2024-03-26,ICICI Pru Bluechip Fund - Direct - Growth,170.02846340822734,Mutual Fund,120504
2024-03-27,ICICI Pru Bluechip Fund - Direct - Growth,170.6878435310589,Mutual Fund,120504
2024-03-28,ICICI Pru Bluechip Fund - Direct - Growth,173.10374180762616,Mutual Fund,120504
2024-03-29,ICICI Pru Bluechip Fund - Direct - Growth,175.20574455421203,Mutual Fund,120504
2024-04-01,ICICI Pru Bluechip Fund - Direct - Growth,176.6378929097519,Mutual Fund,120504
2024-04-02,ICICI Pru Bluechip Fund - Direct - Growth,173.39020473037925,Mutual Fund,120504
2024-04-03,ICICI Pru Bluechip Fund - Direct - Growth,174.8946754140663,Mutual Fund,120504
2024-04-04,ICICI Pru Bluechip Fund - Direct - Growth,176.0771039147164,Mutual Fund,120504
2024-04-05,ICICI Pru Bluechip Fund - Direct - Growth,176.56606935628162,Mutual Fund,120504
2024-04-08,ICICI Pru Bluechip Fund - Direct - Growth,173.98191775538118,Mutual Fund,120504
2024-04-09,ICICI Pru Bluechip Fund - Direct - Growth,172.8832834004465,Mutual Fund,120504
2024-04-10,ICICI Pru Bluechip Fund - Direct - Growth,171.201747706468,Mutual Fund,120504
2024-04-11,ICICI Pru Bluechip Fund - Direct - Growth,168.27294280384547,Mutual Fund,120504
2024-04-12,ICICI Pru Bluechip Fund - Direct - Growth,168.35540688375582,Mutual Fund,120504
2024-04-15,ICICI Pru Bluechip Fund - Direct - Growth,167.261261500913,Mutual Fund,120504
2024-04-16,ICICI Pru Bluechip Fund - Direct - Growth,171.26741970559019,Mutual Fund,120504
2024-04-17,ICICI Pru Bluechip Fund - Direct - Growth,171.10099522173886,Mutual Fund,120504
2024-04-18,ICICI Pru Bluechip Fund - Direct - Growth,173.1536192753139,Mutual Fund,120504
2024-04-19,ICICI Pru Bluechip Fund - Direct - Growth,170.86224840974032,Mutual Fund,120504
2024-04-22,ICICI Pru Bluechip Fund - Direct - Growth,170.15299081922103,Mutual Fund,120504
2024-04-23,ICICI Pru Bluechip Fund - Direct - Growth,170.3864173679995,Mutual Fund,120504
2024-04-24,ICICI Pru Bluechip Fund - Direct - Growth,169.11437568373717,Mutual Fund,120504
2024-04-25,ICICI Pru Bluechip Fund - Direct - Growth,168.57287264287424,Mutual Fund,120504
2024-04-26,ICICI Pru Bluechip Fund - Direct - Growth,168.3359546713576,Mutual Fund,120504
2024-04-29,ICICI Pru Bluechip Fund - Direct - Growth,168.07576054825336,Mutual Fund,120504
2024-04-30,ICICI Pru Bluechip Fund - Direct - Growth,170.93623332014377,Mutual Fund,120504
2024-05-01,ICICI Pru Bluechip Fund - Direct - Growth,171.5959459594266,Mutual Fund,120504
2024-05-02,ICICI Pru Bluechip Fund - Direct - Growth,172.4121075890232,Mutual Fund,120504
2024-05-03,ICICI Pru Bluechip Fund - Direct - Growth,173.3238676983546,Mutual Fund,120504
2024-05-06,ICICI Pru Bluechip Fund - Direct - Growth,174.35283985675218,Mutual Fund,120504
2024-05-07,ICICI Pru Bluechip Fund - Direct - Growth,174.31526549776078,Mutual Fund,120504
2024-05-08,ICICI Pru Bluechip Fund - Direct - Growth,173.91258807529528,Mutual Fund,120504
2024-05-09,ICICI Pru Bluechip Fund - Direct - Growth,174.25857144282242,Mutual Fund,120504
2024-05-10,ICICI Pru Bluechip Fund - Direct - Growth,176.13629184303923,Mutual Fund,120504
2024-05-13,ICICI Pru Bluechip Fund - Direct - Growth,177.98624711957655,Mutual Fund,120504
2024-05-14,ICICI Pru Bluechip Fund - Direct - Growth,177.70094800440282,Mutual Fund,120504
2024-05-15,ICICI Pru Bluechip Fund - Direct - Growth,179.00075481234467,Mutual Fund,120504
2024-05-16,ICICI Pru Bluechip Fund - Direct - Growth,178.78594918483623,Mutual Fund,120504
2024-05-17,ICICI Pru Bluechip Fund - Direct - Growth,178.93175764870998,Mutual Fund,120504
2024-05-20,ICICI Pru Bluechip Fund - Direct - Growth,178.27803030554966,Mutual Fund,120504
2024-05-21,ICICI Pru Bluechip Fund - Direct - Growth,178.08450573092134,Mutual Fund,120504
2024-05-22,ICICI Pru Bluechip Fund - Direct - Growth,180.29657142287147,Mutual Fund,120504
2024-05-23,ICICI Pru Bluechip Fund - Direct - Growth,180.53664830067498,Mutual Fund,120504
2024-05-24,ICICI Pru Bluechip Fund - Direct - Growth,180.84555608388754,Mutual Fund,120504
2024-05-27,ICICI Pru Bluechip Fund - Direct - Growth,178.64413091837747,Mutual Fund,120504
2024-05-28,ICICI Pru Bluechip Fund - Direct - Growth,178.24943389074204,Mutual Fund,120504
2024-05-29,ICICI Pru Bluechip Fund - Direct - Growth,177.96230593508642,Mutual Fund,120504
2024-05-30,ICICI Pru Bluechip Fund - Direct - Growth,176.7569337993,Mutual Fund,120504
2024-05-31,ICICI Pru Bluechip Fund - Direct - Growth,176.8819599849705,Mutual Fund,120504
2024-06-03,ICICI Pru Bluechip Fund - Direct - Growth,176.3045451673724,Mutual Fund,120504
2024-06-04,ICICI Pru Bluechip Fund - Direct - Growth,176.52001582778334,Mutual Fund,120504
2024-06-05,ICICI Pru Bluechip Fund - Direct - Growth,176.8004934544139,Mutual Fund,120504
2024-06-06,ICICI Pru Bluechip Fund - Direct - Growth,175.40691700721916,Mutual Fund,120504
2024-06-07,ICICI Pru Bluechip Fund - Direct - Growth,174.88154101424192,Mutual Fund,120504
2024-06-10,ICICI Pru Bluechip Fund - Direct - Growth,175.09119263675592,Mutual Fund,120504
2024-06-11,ICICI Pru Bluechip Fund - Direct - Growth,177.02078560336793,Mutual Fund,120504
2024-06-12,ICICI Pru Bluechip Fund - Direct - Growth,177.51357498412256,Mutual Fund,120504
2024-06-13,ICICI Pru Bluechip Fund - Direct - Growth,176.57138961950167,Mutual Fund,120504
2024-06-14,ICICI Pru Bluechip Fund - Direct - Growth,177.28530244033846,Mutual Fund,120504
2024-06-17,ICICI Pru Bluechip Fund - Direct - Growth,180.06813262086163,Mutual Fund,120504
2024-06-18,ICICI Pru Bluechip Fund - Direct - Growth,181.62347832159017,Mutual Fund,120504
2024-06-19,ICICI Pru Bluechip Fund - Direct - Growth,182.5967539744031,Mutual Fund,120504
2024-06-20,ICICI Pru Bluechip Fund - Direct - Growth,183.86380791189663,Mutual Fund,120504
2024-06-21,ICICI Pru Bluechip Fund - Direct - Growth,186.3096326690765,Mutual Fund,120504
2024-06-24,ICICI Pru Bluechip Fund - Direct - Growth,188.18253158075015,Mutual Fund,120504
2024-06-25,ICICI Pru Bluechip Fund - Direct - Growth,189.2231418149415,Mutual Fund,120504
2024-06-26,ICICI Pru Bluechip Fund - Direct - Growth,191.1133315820802,Mutual Fund,120504
2024-06-27,ICICI Pru Bluechip Fund - Direct - Growth,189.3967154024947,Mutual Fund,120504
2024-06-28,ICICI Pru Bluechip Fund - Direct - Growth,187.00043559655128,Mutual Fund,120504
2024-07-01,ICICI Pru Bluechip Fund - Direct - Growth,187.3562281993903,Mutual Fund,120504
2024-07-02,ICICI Pru Bluechip Fund - Direct - Growth,187.56654485480686,Mutual Fund,120504
2024-07-03,ICICI Pru Bluechip Fund - Direct - Growth,186.76534646551656,Mutual Fund,120504
2024-07-04,ICICI Pru Bluechip Fund - Direct - Growth,188.2275875598947,Mutual Fund,120504
2024-07-05,ICICI Pru Bluechip Fund - Direct - Growth,185.2560542932863,Mutual Fund,120504
2024-07-08,ICICI Pru Bluechip Fund - Direct - Growth,184.47946212138862,Mutual Fund,120504
2024-07-09,ICICI Pru Bluechip Fund - Direct - Growth,183.78699661165751,Mutual Fund,120504
2024-07-10,ICICI Pru Bluechip Fund - Direct - Growth,181.24723595699913,Mutual Fund,120504
2024-07-11,ICICI Pru Bluechip Fund - Direct - Growth,183.74709463750736,Mutual Fund,120504
2024-07-12,ICICI Pru Bluechip Fund - Direct - Growth,181.65140970349526,Mutual Fund,120504
2024-07-15,ICICI Pru Bluechip Fund - Direct - Growth,180.80449030215792,Mutual Fund,120504
2024-07-16,ICICI Pru Bluechip Fund - Direct - Growth,182.35218812450768,Mutual Fund,120504
2024-07-17,ICICI Pru Bluechip Fund - Direct - Growth,183.48872935488504,Mutual Fund,120504
2024-07-18,ICICI Pru Bluechip Fund - Direct - Growth,181.79804945849716,Mutual Fund,120504
2024-07-19,ICICI Pru Bluechip Fund - Direct - Growth,182.9899546780079,Mutual Fund,120504
2024-07-22,ICICI Pru Bluechip Fund - Direct - Growth,183.55290502997656,Mutual Fund,120504
2024-07-23,ICICI Pru Bluechip Fund - Direct - Growth,187.46529359540082,Mutual Fund,120504
2024-07-24,ICICI Pru Bluechip Fund - Direct - Growth,188.23141149908415,Mutual Fund,120504
2024-07-25,ICICI Pru Bluechip Fund - Direct - Growth,188.0940822047173,Mutual Fund,120504
2024-07-26,ICICI Pru Bluechip Fund - Direct - Growth,186.7749894426029,Mutual Fund,120504
2024-07-29,ICICI Pru Bluechip Fund - Direct - Growth,185.64892248043995,Mutual Fund,120504
2024-07-30,ICICI Pru Bluechip Fund - Direct - Growth,184.39683178325268,Mutual Fund,120504
2024-07-31,ICICI Pru Bluechip Fund - Direct - Growth,186.7364175342577,Mutual Fund,120504
2024-08-01,ICICI Pru Bluechip Fund - Direct - Growth,186.862441269282,Mutual Fund,120504
2024-08-02,ICICI Pru Bluechip Fund - Direct - Growth,187.89307600993578,Mutual Fund,120504
2024-08-05,ICICI Pru Bluechip Fund - Direct - Growth,190.5174621014377,Mutual Fund,120504
2024-08-06,ICICI Pru Bluechip Fund - Direct - Growth,186.69186032979005,Mutual Fund,120504
2024-08-07,ICICI Pru Bluechip Fund - Direct - Growth,188.9069186698014,Mutual Fund,120504
2024-08-08,ICICI Pru Bluechip Fund - Direct - Growth,189.09678556346597,Mutual Fund,120504
2024-08-09,ICICI Pru Bluechip Fund - Direct - Growth,189.92159262079517,Mutual Fund,120504
2024-08-12,ICICI Pru Bluechip Fund - Direct - Growth,188.6364165367084,Mutual Fund,120504
2024-08-13,ICICI Pru Bluechip Fund - Direct - Growth,187.48108812683532,Mutual Fund,120504
2024-08-14,ICICI Pru Bluechip Fund - Direct - Growth,188.3881930058492,Mutual Fund,120504
2024-08-15,ICICI Pru Bluechip Fund - Direct - Growth,192.49127975606615,Mutual Fund,120504
2024-08-16,ICICI Pru Bluechip Fund - Direct - Growth,194.30233060780705,Mutual Fund,120504
2024-08-19,ICICI Pru Bluechip Fund - Direct - Growth,196.58439101274558,Mutual Fund,120504
2024-08-20,ICICI Pru Bluechip Fund - Direct - Growth,196.35312582090023,Mutual Fund,120504
2024-08-21,ICICI Pru Bluechip Fund - Direct - Growth,195.4172582688531,Mutual Fund,120504
2024-08-22,ICICI Pru Bluechip Fund - Direct - Growth,194.1763068727828,Mutual Fund,120504
2024-08-23,ICICI Pru Bluechip Fund - Direct - Growth,193.44177803196837,Mutual Fund,120504
2024-08-26,ICICI Pru Bluechip Fund - Direct - Growth,190.06922992515078,Mutual Fund,120504
2024-08-27,ICICI Pru Bluechip Fund - Direct - Growth,188.95546607168413,Mutual Fund,120504
2024-08-28,ICICI Pru Bluechip Fund - Direct - Growth,188.12101603726867,Mutual Fund,120504
2024-08-29,ICICI Pru Bluechip Fund - Direct - Growth,187.92715894618908,Mutual Fund,120504
2024-08-30,ICICI Pru Bluechip Fund - Direct - Growth,188.2427170584267,Mutual Fund,120504
2024-09-02,ICICI Pru Bluechip Fund - Direct - Growth,188.94283044653656,Mutual Fund,120504
2024-09-03,ICICI Pru Bluechip Fund - Direct - Growth,189.01548529113498,Mutual Fund,120504
2024-09-04,ICICI Pru Bluechip Fund - Direct - Growth,188.14578851288687,Mutual Fund,120504
2024-09-05,ICICI Pru Bluechip Fund - Direct - Growth,185.01148844339093,Mutual Fund,120504
2024-09-06,ICICI Pru Bluechip Fund - Direct - Growth,184.1700555634992,Mutual Fund,120504
2024-09-09,ICICI Pru Bluechip Fund - Direct - Growth,182.69168742123534,Mutual Fund,120504
2024-09-10,ICICI Pru Bluechip Fund - Direct - Growth,183.53877308079836,Mutual Fund,120504
2024-09-11,ICICI Pru Bluechip Fund - Direct - Growth,185.11190841166888,Mutual Fund,120504
2024-09-12,ICICI Pru Bluechip Fund - Direct - Growth,186.74689180247213,Mutual Fund,120504
2024-09-13,ICICI Pru Bluechip Fund - Direct - Growth,188.0947472376198,Mutual Fund,120504
2024-09-16,ICICI Pru Bluechip Fund - Direct - Growth,187.97021982662613,Mutual Fund,120504
2024-09-17,ICICI Pru Bluechip Fund - Direct - Growth,187.20360314826596,Mutual Fund,120504
2024-09-18,ICICI Pru Bluechip Fund - Direct - Growth,186.07005456594985,Mutual Fund,120504
2024-09-19,ICICI Pru Bluechip Fund - Direct - Growth,183.70752517980847,Mutual Fund,120504
2024-09-20,ICICI Pru Bluechip Fund - Direct - Growth,185.41715851391766,Mutual Fund,120504
2024-09-23,ICICI Pru Bluechip Fund - Direct - Growth,185.22712536202746,Mutual Fund,120504
2024-09-24,ICICI Pru Bluechip Fund - Direct - Growth,183.29686736251293,Mutual Fund,120504
2024-09-25,ICICI Pru Bluechip Fund - Direct - Growth,182.05957364740638,Mutual Fund,120504
2024-09-26,ICICI Pru Bluechip Fund - Direct - Growth,180.76608465203833,Mutual Fund,120504
2024-09-27,ICICI Pru Bluechip Fund - Direct - Growth,180.92802016379775,Mutual Fund,120504
2024-09-30,ICICI Pru Bluechip Fund - Direct - Growth,182.733584494093,Mutual Fund,120504
2024-10-01,ICICI Pru Bluechip Fund - Direct - Growth,182.26756268766414,Mutual Fund,120504
2024-10-02,ICICI Pru Bluechip Fund - Direct - Growth,178.77480988371917,Mutual Fund,120504
2024-10-03,ICICI Pru Bluechip Fund - Direct - Growth,178.56881594216892,Mutual Fund,120504
2024-10-04,ICICI Pru Bluechip Fund - Direct - Growth,178.41502708346513,Mutual Fund,120504
2024-10-07,ICICI Pru Bluechip Fund - Direct - Growth,178.15333663633027,Mutual Fund,120504
2024-10-08,ICICI Pru Bluechip Fund - Direct - Growth,177.26169377229957,Mutual Fund,120504
2024-10-09,ICICI Pru Bluechip Fund - Direct - Growth,177.69346638424952,Mutual Fund,120504
2024-10-10,ICICI Pru Bluechip Fund - Direct - Growth,177.88898605758536,Mutual Fund,120504
2024-10-11,ICICI Pru Bluechip Fund - Direct - Growth,177.94185617333434,Mutual Fund,120504
2024-10-14,ICICI Pru Bluechip Fund - Direct - Growth,178.6827028267225,Mutual Fund,120504
2024-10-15,ICICI Pru Bluechip Fund - Direct - Growth,178.09847142187377,Mutual Fund,120504
2024-10-16,ICICI Pru Bluechip Fund - Direct - Growth,177.42728696502277,Mutual Fund,120504
2024-10-17,ICICI Pru Bluechip Fund - Direct - Growth,179.69272154739875,Mutual Fund,120504
2024-10-18,ICICI Pru Bluechip Fund - Direct - Growth,180.6746426279442,Mutual Fund,120504
2024-10-21,ICICI Pru Bluechip Fund - Direct - Growth,182.09099645204964,Mutual Fund,120504
2024-10-22,ICICI Pru Bluechip Fund - Direct - Growth,184.1655665914073,Mutual Fund,120504
2024-10-23,ICICI Pru Bluechip Fund - Direct - Growth,185.11722867488888,Mutual Fund,120504
2024-10-24,ICICI Pru Bluechip Fund - Direct - Growth,186.73541998490396,Mutual Fund,120504
2024-10-25,ICICI Pru Bluechip Fund - Direct - Growth,184.2475318966408,Mutual Fund,120504
2024-10-28,ICICI Pru Bluechip Fund - Direct - Growth,184.6748155364989,Mutual Fund,120504
2024-10-29,ICICI Pru Bluechip Fund - Direct - Growth,184.47264553413802,Mutual Fund,120504
2024-10-30,ICICI Pru Bluechip Fund - Direct - Growth,187.31898635685025,Mutual Fund,120504
2024-10-31,ICICI Pru Bluechip Fund - Direct - Growth,188.9551335552329,Mutual Fund,120504
2024-11-01,ICICI Pru Bluechip Fund - Direct - Growth,188.00446902110508,Mutual Fund,120504
2024-11-04,ICICI Pru Bluechip Fund - Direct - Growth,188.72087571532626,Mutual Fund,120504
2024-11-05,ICICI Pru Bluechip Fund - Direct - Growth,189.09778311281974,Mutual Fund,120504
2024-11-06,ICICI Pru Bluechip Fund - Direct - Growth,189.95484426592031,Mutual Fund,120504
2024-11-07,ICICI Pru Bluechip Fund - Direct - Growth,188.3529462620166,Mutual Fund,120504
2024-11-08,ICICI Pru Bluechip Fund - Direct - Growth,189.0494019691627,Mutual Fund,120504
2024-11-11,ICICI Pru Bluechip Fund - Direct - Growth,188.766762985599,Mutual Fund,120504
2024-11-12,ICICI Pru Bluechip Fund - Direct - Growth,189.3351998590133,Mutual Fund,120504
2024-11-13,ICICI Pru Bluechip Fund - Direct - Growth,188.22659001054103,Mutual Fund,120504
2024-11-14,ICICI Pru Bluechip Fund - Direct - Growth,187.35439935890855,Mutual Fund,120504
2024-11-15,ICICI Pru Bluechip Fund - Direct - Growth,189.40170314926357,Mutual Fund,120504
2024-11-18,ICICI Pru Bluechip Fund - Direct - Growth,187.75026019412337,Mutual Fund,120504
2024-11-19,ICICI Pru Bluechip Fund - Direct - Growth,186.2343176928681,Mutual Fund,120504
2024-11-20,ICICI Pru Bluechip Fund - Direct - Growth,186.24562325221066,Mutual Fund,120504
2024-11-21,ICICI Pru Bluechip Fund - Direct - Growth,185.0774929589644,Mutual Fund,120504
2024-11-22,ICICI Pru Bluechip Fund - Direct - Growth,183.73329520478052,Mutual Fund,120504
2024-11-25,ICICI Pru Bluechip Fund - Direct - Growth,183.99864333287917,Mutual Fund,120504
2024-11-26,ICICI Pru Bluechip Fund - Direct - Growth,181.66620668557604,Mutual Fund,120504
2024-11-27,ICICI Pru Bluechip Fund - Direct - Growth,180.15126173367457,Mutual Fund,120504
2024-11-28,ICICI Pru Bluechip Fund - Direct - Growth,183.5392718554753,Mutual Fund,120504
2024-11-29,ICICI Pru Bluechip Fund - Direct - Growth,184.3795409277877,Mutual Fund,120504
2024-12-02,ICICI Pru Bluechip Fund - Direct - Growth,183.26411449206478,Mutual Fund,120504
2024-12-03,ICICI Pru Bluechip Fund - Direct - Growth,184.0362176918706,Mutual Fund,120504
2024-12-04,ICICI Pru Bluechip Fund - Direct - Growth,185.05471558205372,Mutual Fund,120504
2024-12-05,ICICI Pru Bluechip Fund - Direct - Growth,186.78114099695114,Mutual Fund,120504
2024-12-06,ICICI Pru Bluechip Fund - Direct - Growth,186.66808540352565,Mutual Fund,120504
2024-12-09,ICICI Pru Bluechip Fund - Direct - Growth,188.37971383634238,Mutual Fund,120504
2024-12-10,ICICI Pru Bluechip Fund - Direct - Growth,185.1188912571453,Mutual Fund,120504
2024-12-11,ICICI Pru Bluechip Fund - Direct - Growth,183.4970422661665,Mutual Fund,120504
2024-12-12,ICICI Pru Bluechip Fund - Direct - Growth,183.85715758287176,Mutual Fund,120504
2024-12-13,ICICI Pru Bluechip Fund - Direct - Growth,184.48760877444445,Mutual Fund,120504
2024-12-16,ICICI Pru Bluechip Fund - Direct - Growth,183.10450659546413,Mutual Fund,120504
2024-12-17,ICICI Pru Bluechip Fund - Direct - Growth,183.61857702909884,Mutual Fund,120504
2024-12-18,ICICI Pru Bluechip Fund - Direct - Growth,182.7053205957368,Mutual Fund,120504
2024-12-19,ICICI Pru Bluechip Fund - Direct - Growth,182.3536844485384,Mutual Fund,120504
2024-12-20,ICICI Pru Bluechip Fund - Direct - Growth,184.10421730615153,Mutual Fund,120504
2024-12-23,ICICI Pru Bluechip Fund - Direct - Growth,185.68167535088824,Mutual Fund,120504
2024-12-24,ICICI Pru Bluechip Fund - Direct - Growth,184.15110212577795,Mutual Fund,120504
2024-12-25,ICICI Pru Bluechip Fund - Direct - Growth,182.53606972204977,Mutual Fund,120504
2024-12-26,ICICI Pru Bluechip Fund - Direct - Growth,181.9692954308917,Mutual Fund,120504
2024-12-27,ICICI Pru Bluechip Fund - Direct - Growth,182.02017044793317,Mutual Fund,120504
2024-12-30,ICICI Pru Bluechip Fund - Direct - Growth,181.06052796962155,Mutual Fund,120504
2024-12-31,ICICI Pru Bluechip Fund - Direct - Growth,182.8241952270591,Mutual Fund,120504
2025-01-01,ICICI Pru Bluechip Fund - Direct - Growth,183.47975141070128,Mutual Fund,120504
2025-01-02,ICICI Pru Bluechip Fund - Direct - Growth,184.23306743101142,Mutual Fund,120504
2025-01-03,ICICI Pru Bluechip Fund - Direct - Growth,182.28069708748868,Mutual Fund,120504
2025-01-06,ICICI Pru Bluechip Fund - Direct - Growth,184.26199636227028,Mutual Fund,120504
2025-01-07,ICICI Pru Bluechip Fund - Direct - Growth,179.82822200128376,Mutual Fund,120504
2025-01-08,ICICI Pru Bluechip Fund - Direct - Growth,181.24939731393235,Mutual Fund,120504
2025-01-09,ICICI Pru Bluechip Fund - Direct - Growth,182.84331492300606,Mutual Fund,120504
2025-01-10,ICICI Pru Bluechip Fund - Direct - Growth,182.241460146241,Mutual Fund,120504
2025-01-13,ICICI Pru Bluechip Fund - Direct - Growth,184.39383913519148,Mutual Fund,120504
2025-01-14,ICICI Pru Bluechip Fund - Direct - Growth,184.3863575150383,Mutual Fund,120504
2025-01-15,ICICI Pru Bluechip Fund - Direct - Growth,184.58320725417917,Mutual Fund,120504
2025-01-16,ICICI Pru Bluechip Fund - Direct - Growth,185.23227936702193,Mutual Fund,120504
2025-01-17,ICICI Pru Bluechip Fund - Direct - Growth,190.60990167488563,Mutual Fund,120504
2025-01-20,ICICI Pru Bluechip Fund - Direct - Growth,192.98290532924145,Mutual Fund,120504
2025-01-21,ICICI Pru Bluechip Fund - Direct - Growth,194.28005200557322,Mutual Fund,120504
2025-01-22,ICICI Pru Bluechip Fund - Direct - Growth,192.8218011086101,Mutual Fund,120504
2025-01-23,ICICI Pru Bluechip Fund - Direct - Growth,193.16578937742972,Mutual Fund,120504
2025-01-24,ICICI Pru Bluechip Fund - Direct - Growth,191.88443723253232,Mutual Fund,120504
2025-01-27,ICICI Pru Bluechip Fund - Direct - Growth,193.3805950049381,Mutual Fund,120504
2025-01-28,ICICI Pru Bluechip Fund - Direct - Growth,193.7200943016658,Mutual Fund,120504
2025-01-29,ICICI Pru Bluechip Fund - Direct - Growth,191.90738086766862,Mutual Fund,120504
2025-01-30,ICICI Pru Bluechip Fund - Direct - Growth,192.14380006450838,Mutual Fund,120504
2025-01-31,ICICI Pru Bluechip Fund - Direct - Growth,190.80824773805702,Mutual Fund,120504
2025-02-03,ICICI Pru Bluechip Fund - Direct - Growth,191.1615464675117,Mutual Fund,120504
2025-02-04,ICICI Pru Bluechip Fund - Direct - Growth,189.81651742219967,Mutual Fund,120504
2025-02-05,ICICI Pru Bluechip Fund - Direct - Growth,189.96049704559152,Mutual Fund,120504
2025-02-06,ICICI Pru Bluechip Fund - Direct - Growth,191.32065558943546,Mutual Fund,120504
2025-02-07,ICICI Pru Bluechip Fund - Direct - Growth,191.3297997918449,Mutual Fund,120504
2025-02-10,ICICI Pru Bluechip Fund - Direct - Growth,190.7698420879375,Mutual Fund,120504
2025-02-11,ICICI Pru Bluechip Fund - Direct - Growth,191.2107589022969,Mutual Fund,120504
2025-02-12,ICICI Pru Bluechip Fund - Direct - Growth,192.4892846573586,Mutual Fund,120504
2025-02-13,ICICI Pru Bluechip Fund - Direct - Growth,190.71730448863977,Mutual Fund,120504
2025-02-14,ICICI Pru Bluechip Fund - Direct - Growth,191.2548173320877,Mutual Fund,120504
2025-02-17,ICICI Pru Bluechip Fund - Direct - Growth,193.58991411100084,Mutual Fund,120504
2025-02-18,ICICI Pru Bluechip Fund - Direct - Growth,194.67225515982423,Mutual Fund,120504
2025-02-19,ICICI Pru Bluechip Fund - Direct - Growth,194.8719312888007,Mutual Fund,120504
2025-02-20,ICICI Pru Bluechip Fund - Direct - Growth,196.07564084233087,Mutual Fund,120504
2025-02-21,ICICI Pru Bluechip Fund - Direct - Growth,196.96113215201342,Mutual Fund,120504
2025-02-24,ICICI Pru Bluechip Fund - Direct - Growth,198.37682094321636,Mutual Fund,120504
2025-02-25,ICICI Pru Bluechip Fund - Direct - Growth,194.96786228498675,Mutual Fund,120504
2025-02-26,ICICI Pru Bluechip Fund - Direct - Growth,192.41430219760142,Mutual Fund,120504
2025-02-27,ICICI Pru Bluechip Fund - Direct - Growth,194.2271818898242,Mutual Fund,120504
2025-02-28,ICICI Pru Bluechip Fund - Direct - Growth,191.76473131008177,Mutual Fund,120504
2025-03-03,ICICI Pru Bluechip Fund - Direct - Growth,192.54431613004076,Mutual Fund,120504
2025-03-04,ICICI Pru Bluechip Fund - Direct - Growth,192.04637274429174,Mutual Fund,120504
2025-03-05,ICICI Pru Bluechip Fund - Direct - Growth,190.46475824391433,Mutual Fund,120504
2025-03-06,ICICI Pru Bluechip Fund - Direct - Growth,191.15157097397417,Mutual Fund,120504
2025-03-07,ICICI Pru Bluechip Fund - Direct - Growth,191.58966139849792,Mutual Fund,120504
2025-03-10,ICICI Pru Bluechip Fund - Direct - Growth,195.28957195157253,Mutual Fund,120504
2025-03-11,ICICI Pru Bluechip Fund - Direct - Growth,194.31662881521086,Mutual Fund,120504
2025-03-12,ICICI Pru Bluechip Fund - Direct - Growth,196.90177796546507,Mutual Fund,120504
2025-03-13,ICICI Pru Bluechip Fund - Direct - Growth,197.61668833565562,Mutual Fund,120504
2025-03-14,ICICI Pru Bluechip Fund - Direct - Growth,196.56942777243927,Mutual Fund,120504
2025-03-17,ICICI Pru Bluechip Fund - Direct - Growth,198.0619278638813,Mutual Fund,120504
2025-03-18,ICICI Pru Bluechip Fund - Direct - Growth,199.15540821382163,Mutual Fund,120504
2025-03-19,ICICI Pru Bluechip Fund - Direct - Growth,199.32116766477046,Mutual Fund,120504
2025-03-20,ICICI Pru Bluechip Fund - Direct - Growth,199.89292970269733,Mutual Fund,120504
2025-03-21,ICICI Pru Bluechip Fund - Direct - Growth,198.94575659130766,Mutual Fund,120504
2025-03-24,ICICI Pru Bluechip Fund - Direct - Growth,197.60405271050814,Mutual Fund,120504
2025-03-25,ICICI Pru Bluechip Fund - Direct - Growth,199.0347047420174,Mutual Fund,120504
2025-03-26,ICICI Pru Bluechip Fund - Direct - Growth,198.74441788007488,Mutual Fund,120504
2025-03-27,ICICI Pru Bluechip Fund - Direct - Growth,198.70667726285785,Mutual Fund,120504
2025-03-28,ICICI Pru Bluechip Fund - Direct - Growth,199.30038538656726,Mutual Fund,120504
2025-03-31,ICICI Pru Bluechip Fund - Direct - Growth,199.87031858401224,Mutual Fund,120504
2025-04-01,ICICI Pru Bluechip Fund - Direct - Growth,197.46855225662316,Mutual Fund,120504
2025-04-02,ICICI Pru Bluechip Fund - Direct - Growth,199.82426505551388,Mutual Fund,120504
2025-04-03,ICICI Pru Bluechip Fund - Direct - Growth,200.14115323355645,Mutual Fund,120504
2025-04-04,ICICI Pru Bluechip Fund - Direct - Growth,199.88694440657474,Mutual Fund,120504
2025-04-07,ICICI Pru Bluechip Fund - Direct - Growth,200.75148717982842,Mutual Fund,120504
2025-04-08,ICICI Pru Bluechip Fund - Direct - Growth,201.27453555764694,Mutual Fund,120504
2025-04-09,ICICI Pru Bluechip Fund - Direct - Growth,202.745255821532,Mutual Fund,120504
2025-04-10,ICICI Pru Bluechip Fund - Direct - Growth,203.8146287287566,Mutual Fund,120504
2025-04-11,ICICI Pru Bluechip Fund - Direct - Growth,205.21485550497633,Mutual Fund,120504
2025-04-14,ICICI Pru Bluechip Fund - Direct - Growth,207.78171625041173,Mutual Fund,120504
2025-04-15,ICICI Pru Bluechip Fund - Direct - Growth,209.51529076901102,Mutual Fund,120504
2025-04-16,ICICI Pru Bluechip Fund - Direct - Growth,209.3269201993771,Mutual Fund,120504
2025-04-17,ICICI Pru Bluechip Fund - Direct - Growth,207.3710584331162,Mutual Fund,120504
2025-04-18,ICICI Pru Bluechip Fund - Direct - Growth,210.5524095804642,Mutual Fund,120504
2025-04-21,ICICI Pru Bluechip Fund - Direct - Growth,210.21989312921278,Mutual Fund,120504
2025-04-22,ICICI Pru Bluechip Fund - Direct - Growth,209.4526114179501,Mutual Fund,120504
2025-04-23,ICICI Pru Bluechip Fund - Direct - Growth,206.37533791984376,Mutual Fund,120504
2025-04-24,ICICI Pru Bluechip Fund - Direct - Growth,207.0990599759925,Mutual Fund,120504
2025-04-25,ICICI Pru Bluechip Fund - Direct - Growth,207.47829498864476,Mutual Fund,120504
2025-04-28,ICICI Pru Bluechip Fund - Direct - Growth,204.82996771265277,Mutual Fund,120504
2025-04-29,ICICI Pru Bluechip Fund - Direct - Growth,205.75652480406487,Mutual Fund,120504
2025-04-30,ICICI Pru Bluechip Fund - Direct - Growth,204.9601479033177,Mutual Fund,120504
2025-05-01,ICICI Pru Bluechip Fund - Direct - Growth,209.98962548672117,Mutual Fund,120504
2025-05-02,ICICI Pru Bluechip Fund - Direct - Growth,209.04561128161836,Mutual Fund,120504
2025-05-05,ICICI Pru Bluechip Fund - Direct - Growth,208.35231448075913,Mutual Fund,120504
2025-05-06,ICICI Pru Bluechip Fund - Direct - Growth,206.8578192906096,Mutual Fund,120504
2025-05-07,ICICI Pru Bluechip Fund - Direct - Growth,209.31012811858886,Mutual Fund,120504
2025-05-08,ICICI Pru Bluechip Fund - Direct - Growth,208.73088446050886,Mutual Fund,120504
2025-05-09,ICICI Pru Bluechip Fund - Direct - Growth,207.5077226945805,Mutual Fund,120504
2025-05-12,ICICI Pru Bluechip Fund - Direct - Growth,208.91326973402028,Mutual Fund,120504
2025-05-13,ICICI Pru Bluechip Fund - Direct - Growth,206.49188493600738,Mutual Fund,120504
2025-05-14,ICICI Pru Bluechip Fund - Direct - Growth,207.74048421045651,Mutual Fund,120504
2025-05-15,ICICI Pru Bluechip Fund - Direct - Growth,211.13896860047174,Mutual Fund,120504
2025-05-16,ICICI Pru Bluechip Fund - Direct - Growth,212.3061013443642,Mutual Fund,120504
2025-05-19,ICICI Pru Bluechip Fund - Direct - Growth,213.61405480536172,Mutual Fund,120504
2025-05-20,ICICI Pru Bluechip Fund - Direct - Growth,215.3705729590974,Mutual Fund,120504
2025-05-21,ICICI Pru Bluechip Fund - Direct - Growth,218.75542417461128,Mutual Fund,120504
2025-05-22,ICICI Pru Bluechip Fund - Direct - Growth,221.21604591387185,Mutual Fund,120504
2025-05-23,ICICI Pru Bluechip Fund - Direct - Growth,222.19015285781296,Mutual Fund,120504
2025-05-26,ICICI Pru Bluechip Fund - Direct - Growth,224.08400030591542,Mutual Fund,120504
2025-05-27,ICICI Pru Bluechip Fund - Direct - Growth,222.45466969478346,Mutual Fund,120504
2025-05-28,ICICI Pru Bluechip Fund - Direct - Growth,224.09846477154488,Mutual Fund,120504
2025-05-29,ICICI Pru Bluechip Fund - Direct - Growth,222.234543804055,Mutual Fund,120504
2025-05-30,ICICI Pru Bluechip Fund - Direct - Growth,221.63069392858245,Mutual Fund,120504
2025-06-02,ICICI Pru Bluechip Fund - Direct - Growth,215.79802285718114,Mutual Fund,120504
2025-06-03,ICICI Pru Bluechip Fund - Direct - Growth,216.6750349973568,Mutual Fund,120504
2025-06-04,ICICI Pru Bluechip Fund - Direct - Growth,215.55944230340828,Mutual Fund,120504
2025-06-05,ICICI Pru Bluechip Fund - Direct - Growth,217.79445163049473,Mutual Fund,120504
2025-06-06,ICICI Pru Bluechip Fund - Direct - Growth,218.6579968543947,Mutual Fund,120504
2025-06-09,ICICI Pru Bluechip Fund - Direct - Growth,220.95036526932202,Mutual Fund,120504
2025-06-10,ICICI Pru Bluechip Fund - Direct - Growth,218.9619168908385,Mutual Fund,120504
2025-06-11,ICICI Pru Bluechip Fund - Direct - Growth,221.09035469529888,Mutual Fund,120504
2025-06-12,ICICI Pru Bluechip Fund - Direct - Growth,225.35088798518342,Mutual Fund,120504
2025-06-13,ICICI Pru Bluechip Fund - Direct - Growth,226.99185667210918,Mutual Fund,120504
2025-06-16,ICICI Pru Bluechip Fund - Direct - Growth,228.69749980880337,Mutual Fund,120504
2025-06-17,ICICI Pru Bluechip Fund - Direct - Growth,229.15803509378665,Mutual Fund,120504
2025-06-18,ICICI Pru Bluechip Fund - Direct - Growth,228.21784482787325,Mutual Fund,120504
2025-06-19,ICICI Pru Bluechip Fund - Direct - Growth,229.8736104968797,Mutual Fund,120504
2025-06-20,ICICI Pru Bluechip Fund - Direct - Growth,226.95760747763032,Mutual Fund,120504
2025-06-23,ICICI Pru Bluechip Fund - Direct - Growth,226.23953820115287,Mutual Fund,120504
2025-06-24,ICICI Pru Bluechip Fund - Direct - Growth,222.84820291483953,Mutual Fund,120504
2025-06-25,ICICI Pru Bluechip Fund - Direct - Growth,221.5839753671816,Mutual Fund,120504
2025-06-26,ICICI Pru Bluechip Fund - Direct - Growth,222.95710205262438,Mutual Fund,120504
2025-06-27,ICICI Pru Bluechip Fund - Direct - Growth,224.06870454915787,Mutual Fund,120504
2025-06-30,ICICI Pru Bluechip Fund - Direct - Growth,224.28500650069688,Mutual Fund,120504
2025-07-01,ICICI Pru Bluechip Fund - Direct - Growth,224.73822642375262,Mutual Fund,120504
2025-07-02,ICICI Pru Bluechip Fund - Direct - Growth,221.14538616798094,Mutual Fund,120504
2025-07-03,ICICI Pru Bluechip Fund - Direct - Growth,220.53372215590392,Mutual Fund,120504
2025-07-04,ICICI Pru Bluechip Fund - Direct - Growth,219.32552363028188,Mutual Fund,120504
2025-07-07,ICICI Pru Bluechip Fund - Direct - Growth,218.16703631412193,Mutual Fund,120504
2025-07-08,ICICI Pru Bluechip Fund - Direct - Growth,219.43691664145112,Mutual Fund,120504
2025-07-09,ICICI Pru Bluechip Fund - Direct - Growth,217.89021636845507,Mutual Fund,120504
2025-07-10,ICICI Pru Bluechip Fund - Direct - Growth,216.84312206346434,Mutual Fund,120504
2025-07-11,ICICI Pru Bluechip Fund - Direct - Growth,212.9982343376441,Mutual Fund,120504
2025-07-14,ICICI Pru Bluechip Fund - Direct - Growth,212.55615371570534,Mutual Fund,120504
2025-07-15,ICICI Pru Bluechip Fund - Direct - Growth,210.63520617682582,Mutual Fund,120504
2025-07-16,ICICI Pru Bluechip Fund - Direct - Growth,210.89124384428945,Mutual Fund,120504
2025-07-17,ICICI Pru Bluechip Fund - Direct - Growth,209.2376395322161,Mutual Fund,120504
2025-07-18,ICICI Pru Bluechip Fund - Direct - Growth,209.5387331788243,Mutual Fund,120504
2025-07-21,ICICI Pru Bluechip Fund - Direct - Growth,209.37945779867485,Mutual Fund,120504
2025-07-22,ICICI Pru Bluechip Fund - Direct - Growth,212.59954711259365,Mutual Fund,120504
2025-07-23,ICICI Pru Bluechip Fund - Direct - Growth,213.64398128597438,Mutual Fund,120504
2025-07-24,ICICI Pru Bluechip Fund - Direct - Growth,210.31416154314263,Mutual Fund,120504
2025-07-25,ICICI Pru Bluechip Fund - Direct - Growth,208.0884626766912,Mutual Fund,120504
2025-07-28,ICICI Pru Bluechip Fund - Direct - Growth,208.2972830080771,Mutual Fund,120504
2025-07-29,ICICI Pru Bluechip Fund - Direct - Growth,206.7027003661009,Mutual Fund,120504
2025-07-30,ICICI Pru Bluechip Fund - Direct - Growth,201.46556625889093,Mutual Fund,120504
2025-07-31,ICICI Pru Bluechip Fund - Direct - Growth,203.98304831131546,Mutual Fund,120504
2025-08-01,ICICI Pru Bluechip Fund - Direct - Growth,205.38876160898084,Mutual Fund,120504
2025-08-04,ICICI Pru Bluechip Fund - Direct - Growth,206.44100991896596,Mutual Fund,120504
2025-08-05,ICICI Pru Bluechip Fund - Direct - Growth,205.44412559811417,Mutual Fund,120504
2025-08-06,ICICI Pru Bluechip Fund - Direct - Growth,206.32695677618673,Mutual Fund,120504
2025-08-07,ICICI Pru Bluechip Fund - Direct - Growth,205.1550025437511,Mutual Fund,120504
2025-08-08,ICICI Pru Bluechip Fund - Direct - Growth,205.6321636512969,Mutual Fund,120504
2025-08-11,ICICI Pru Bluechip Fund - Direct - Growth,204.07465659363518,Mutual Fund,120504
2025-08-12,ICICI Pru Bluechip Fund - Direct - Growth,206.92864529472618,Mutual Fund,120504
2025-08-13,ICICI Pru Bluechip Fund - Direct - Growth,204.18804470351196,Mutual Fund,120504
2025-08-14,ICICI Pru Bluechip Fund - Direct - Growth,206.5258016140351,Mutual Fund,120504
2025-08-15,ICICI Pru Bluechip Fund - Direct - Growth,206.7031991407777,Mutual Fund,120504
2025-08-18,ICICI Pru Bluechip Fund - Direct - Growth,205.91912534872688,Mutual Fund,120504
2025-08-19,ICICI Pru Bluechip Fund - Direct - Growth,206.3291181331199,Mutual Fund,120504
2025-08-20,ICICI Pru Bluechip Fund - Direct - Growth,207.77489966316108,Mutual Fund,120504
2025-08-21,ICICI Pru Bluechip Fund - Direct - Growth,210.40310969385234,Mutual Fund,120504
2025-08-22,ICICI Pru Bluechip Fund - Direct - Growth,211.09374636310153,Mutual Fund,120504
2025-08-25,ICICI Pru Bluechip Fund - Direct - Growth,209.55020499639244,Mutual Fund,120504
2025-08-26,ICICI Pru Bluechip Fund - Direct - Growth,209.76118668471148,Mutual Fund,120504
2025-08-27,ICICI Pru Bluechip Fund - Direct - Growth,213.2592597518765,Mutual Fund,120504
2025-08-28,ICICI Pru Bluechip Fund - Direct - Growth,215.92038891124164,Mutual Fund,120504
2025-08-29,ICICI Pru Bluechip Fund - Direct - Growth,217.77017792955334,Mutual Fund,120504
2025-09-01,ICICI Pru Bluechip Fund - Direct - Growth,219.4167993961504,Mutual Fund,120504
2025-09-02,ICICI Pru Bluechip Fund - Direct - Growth,220.88835095116357,Mutual Fund,120504
2025-09-03,ICICI Pru Bluechip Fund - Direct - Growth,223.2724939066363,Mutual Fund,120504
2025-09-04,ICICI Pru Bluechip Fund - Direct - Growth,222.4899164386161,Mutual Fund,120504
2025-09-05,ICICI Pru Bluechip Fund - Direct - Growth,219.9601312774952,Mutual Fund,120504
2025-09-08,ICICI Pru Bluechip Fund - Direct - Growth,220.20768977545185,Mutual Fund,120504
2025-09-09,ICICI Pru Bluechip Fund - Direct - Growth,218.73846583559745,Mutual Fund,120504
2025-09-10,ICICI Pru Bluechip Fund - Direct - Growth,216.82450114219426,Mutual Fund,120504
2025-09-11,ICICI Pru Bluechip Fund - Direct - Growth,215.56260120969512,Mutual Fund,120504
2025-09-12,ICICI Pru Bluechip Fund - Direct - Growth,220.45325317470113,Mutual Fund,120504
2025-09-15,ICICI Pru Bluechip Fund - Direct - Growth,220.8319894126765,Mutual Fund,120504
2025-09-16,ICICI Pru Bluechip Fund - Direct - Growth,221.65230749791377,Mutual Fund,120504
2025-09-17,ICICI Pru Bluechip Fund - Direct - Growth,219.38886801424536,Mutual Fund,120504
2025-09-18,ICICI Pru Bluechip Fund - Direct - Growth,215.9616209511969,Mutual Fund,120504
2025-09-19,ICICI Pru Bluechip Fund - Direct - Growth,214.51800077808883,Mutual Fund,120504
2025-09-22,ICICI Pru Bluechip Fund - Direct - Growth,217.36833179821608,Mutual Fund,120504
2025-09-23,ICICI Pru Bluechip Fund - Direct - Growth,218.12247910965428,Mutual Fund,120504
2025-09-24,ICICI Pru Bluechip Fund - Direct - Growth,219.39019808005037,Mutual Fund,120504
2025-09-25,ICICI Pru Bluechip Fund - Direct - Growth,220.93789590240013,Mutual Fund,120504
2025-09-26,ICICI Pru Bluechip Fund - Direct - Growth,219.90194089852628,Mutual Fund,120504
2025-09-29,ICICI Pru Bluechip Fund - Direct - Growth,222.72517182787652,Mutual Fund,120504
2025-09-30,ICICI Pru Bluechip Fund - Direct - Growth,221.59993615684166,Mutual Fund,120504
2025-10-01,ICICI Pru Bluechip Fund - Direct - Growth,224.48102494870966,Mutual Fund,120504
2025-10-02,ICICI Pru Bluechip Fund - Direct - Growth,225.47475036327452,Mutual Fund,120504
2025-10-03,ICICI Pru Bluechip Fund - Direct - Growth,222.05964015069677,Mutual Fund,120504
2025-10-06,ICICI Pru Bluechip Fund - Direct - Growth,220.71344729780535,Mutual Fund,120504
2025-10-07,ICICI Pru Bluechip Fund - Direct - Growth,217.37830729175354,Mutual Fund,120504
2025-10-08,ICICI Pru Bluechip Fund - Direct - Growth,219.73318879951614,Mutual Fund,120504
2025-10-09,ICICI Pru Bluechip Fund - Direct - Growth,219.79869454041273,Mutual Fund,120504
2025-10-10,ICICI Pru Bluechip Fund - Direct - Growth,215.63259592268355,Mutual Fund,120504
2025-10-13,ICICI Pru Bluechip Fund - Direct - Growth,216.4598968533971,Mutual Fund,120504
2025-10-14,ICICI Pru Bluechip Fund - Direct - Growth,215.54797048584007,Mutual Fund,120504
2025-10-15,ICICI Pru Bluechip Fund - Direct - Growth,212.85558478005723,Mutual Fund,120504
2025-10-16,ICICI Pru Bluechip Fund - Direct - Growth,216.1403485437445,Mutual Fund,120504
2025-10-17,ICICI Pru Bluechip Fund - Direct - Growth,216.45657168888457,Mutual Fund,120504
2025-10-20,ICICI Pru Bluechip Fund - Direct - Growth,216.00850577082323,Mutual Fund,120504
2025-10-21,ICICI Pru Bluechip Fund - Direct - Growth,215.36009869088298,Mutual Fund,120504
2025-10-22,ICICI Pru Bluechip Fund - Direct - Growth,212.61467661112556,Mutual Fund,120504
2025-10-23,ICICI Pru Bluechip Fund - Direct - Growth,210.29105164978063,Mutual Fund,120504
2025-10-24,ICICI Pru Bluechip Fund - Direct - Growth,212.79722814286268,Mutual Fund,120504
2025-10-27,ICICI Pru Bluechip Fund - Direct - Growth,212.01913964693432,Mutual Fund,120504
2025-10-28,ICICI Pru Bluechip Fund - Direct - Growth,212.16976959935118,Mutual Fund,120504
2025-10-29,ICICI Pru Bluechip Fund - Direct - Growth,208.48631861061352,Mutual Fund,120504
2025-10-30,ICICI Pru Bluechip Fund - Direct - Growth,206.18314341102052,Mutual Fund,120504
2025-10-31,ICICI Pru Bluechip Fund - Direct - Growth,207.40198246308262,Mutual Fund,120504
2025-11-03,ICICI Pru Bluechip Fund - Direct - Growth,208.20135201189106,Mutual Fund,120504
2025-11-04,ICICI Pru Bluechip Fund - Direct - Growth,211.5549466809873,Mutual Fund,120504
2025-11-05,ICICI Pru Bluechip Fund - Direct - Growth,214.1859831015142,Mutual Fund,120504
2025-11-06,ICICI Pru Bluechip Fund - Direct - Growth,213.86094827041595,Mutual Fund,120504
2025-11-07,ICICI Pru Bluechip Fund - Direct - Growth,214.86564672787213,Mutual Fund,120504
2025-11-10,ICICI Pru Bluechip Fund - Direct - Growth,214.37701380275817,Mutual Fund,120504
2025-11-11,ICICI Pru Bluechip Fund - Direct - Growth,218.40993958176105,Mutual Fund,120504
2025-11-12,ICICI Pru Bluechip Fund - Direct - Growth,220.74836152518677,Mutual Fund,120504
2025-11-13,ICICI Pru Bluechip Fund - Direct - Growth,221.19293602050988,Mutual Fund,120504
2025-11-14,ICICI Pru Bluechip Fund - Direct - Growth,221.69869354286328,Mutual Fund,120504
2025-11-17,ICICI Pru Bluechip Fund - Direct - Growth,224.65759118432408,Mutual Fund,120504
2025-11-18,ICICI Pru Bluechip Fund - Direct - Growth,225.92531015472014,Mutual Fund,120504
2025-11-19,ICICI Pru Bluechip Fund - Direct - Growth,229.1705044607084,Mutual Fund,120504
2025-11-20,ICICI Pru Bluechip Fund - Direct - Growth,224.89550670519444,Mutual Fund,120504
2025-11-21,ICICI Pru Bluechip Fund - Direct - Growth,225.92863531923263,Mutual Fund,120504
2025-11-24,ICICI Pru Bluechip Fund - Direct - Growth,225.02003411618813,Mutual Fund,120504
2025-11-25,ICICI Pru Bluechip Fund - Direct - Growth,228.6506149891768,Mutual Fund,120504
2025-11-26,ICICI Pru Bluechip Fund - Direct - Growth,231.90994124434323,Mutual Fund,120504
2025-11-27,ICICI Pru Bluechip Fund - Direct - Growth,232.09681548994655,Mutual Fund,120504
2025-11-28,ICICI Pru Bluechip Fund - Direct - Growth,235.3829093194387,Mutual Fund,120504
2025-12-01,ICICI Pru Bluechip Fund - Direct - Growth,239.23694124766834,Mutual Fund,120504
2025-12-02,ICICI Pru Bluechip Fund - Direct - Growth,239.51758513252454,Mutual Fund,120504
2025-12-03,ICICI Pru Bluechip Fund - Direct - Growth,244.92280630584204,Mutual Fund,120504
2025-12-04,ICICI Pru Bluechip Fund - Direct - Growth,244.98149545948795,Mutual Fund,120504
2025-12-05,ICICI Pru Bluechip Fund - Direct - Growth,244.64465629437026,Mutual Fund,120504
2025-12-08,ICICI Pru Bluechip Fund - Direct - Growth,246.6470703638063,Mutual Fund,120504
2025-12-09,ICICI Pru Bluechip Fund - Direct - Growth,246.00564612934232,Mutual Fund,120504
2025-12-10,ICICI Pru Bluechip Fund - Direct - Growth,246.3178790770674,Mutual Fund,120504
2025-12-11,ICICI Pru Bluechip Fund - Direct - Growth,249.52749412277183,Mutual Fund,120504
2025-12-12,ICICI Pru Bluechip Fund - Direct - Growth,249.69857383694065,Mutual Fund,120504
2025-12-15,ICICI Pru Bluechip Fund - Direct - Growth,246.12053056324973,Mutual Fund,120504
2025-12-16,ICICI Pru Bluechip Fund - Direct - Growth,247.04658887998497,Mutual Fund,120504
2025-12-17,ICICI Pru Bluechip Fund - Direct - Growth,245.66082656939466,Mutual Fund,120504
2025-12-18,ICICI Pru Bluechip Fund - Direct - Growth,247.67038974253265,Mutual Fund,120504
2025-12-19,ICICI Pru Bluechip Fund - Direct - Growth,249.32432657105727,Mutual Fund,120504
2025-12-22,ICICI Pru Bluechip Fund - Direct - Growth,252.71100662705308,Mutual Fund,120504
2025-12-23,ICICI Pru Bluechip Fund - Direct - Growth,254.87319485131547,Mutual Fund,120504
2025-12-24,ICICI Pru Bluechip Fund - Direct - Growth,257.46848575333286,Mutual Fund,120504
2025-12-25,ICICI Pru Bluechip Fund - Direct - Growth,256.08571609080377,Mutual Fund,120504
2025-12-26,ICICI Pru Bluechip Fund - Direct - Growth,258.04107908238785,Mutual Fund,120504
2025-12-29,ICICI Pru Bluechip Fund - Direct - Growth,262.69531185055405,Mutual Fund,120504
2025-12-30,ICICI Pru Bluechip Fund - Direct - Growth,261.2393885687497,Mutual Fund,120504
2025-12-31,ICICI Pru Bluechip Fund - Direct - Growth,265.5559508806701,Mutual Fund,120504
2026-01-01,ICICI Pru Bluechip Fund - Direct - Growth,264.4087691238526,Mutual Fund,120504
2026-01-02,ICICI Pru Bluechip Fund - Direct - Growth,262.5649654016634,Mutual Fund,120504
2026-01-05,ICICI Pru Bluechip Fund - Direct - Growth,263.3876111020595,Mutual Fund,120504
2026-01-06,ICICI Pru Bluechip Fund - Direct - Growth,265.1925103994522,Mutual Fund,120504
2026-01-07,ICICI Pru Bluechip Fund - Direct - Growth,267.47157815632943,Mutual Fund,120504
2026-01-08,ICICI Pru Bluechip Fund - Direct - Growth,265.3492919062173,Mutual Fund,120504
2026-01-09,ICICI Pru Bluechip Fund - Direct - Growth,266.5056178654441,Mutual Fund,120504
2026-01-12,ICICI Pru Bluechip Fund - Direct - Growth,265.03589515091284,Mutual Fund,120504
2026-01-13,ICICI Pru Bluechip Fund - Direct - Growth,261.7133907700086,Mutual Fund,120504
2026-01-14,ICICI Pru Bluechip Fund - Direct - Growth,259.71247302460307,Mutual Fund,120504
2026-01-15,ICICI Pru Bluechip Fund - Direct - Growth,258.13135729890257,Mutual Fund,120504
2026-01-16,ICICI Pru Bluechip Fund - Direct - Growth,259.4552715495601,Mutual Fund,120504
2026-01-19,ICICI Pru Bluechip Fund - Direct - Growth,262.24042934524203,Mutual Fund,120504
2026-01-20,ICICI Pru Bluechip Fund - Direct - Growth,258.98891722668003,Mutual Fund,120504
2026-01-21,ICICI Pru Bluechip Fund - Direct - Growth,259.92810994323963,Mutual Fund,120504
2026-01-22,ICICI Pru Bluechip Fund - Direct - Growth,257.37737624568996,Mutual Fund,120504
2026-01-23,ICICI Pru Bluechip Fund - Direct - Growth,258.94286369818167,Mutual Fund,120504
2026-01-26,ICICI Pru Bluechip Fund - Direct - Growth,257.6575213558693,Mutual Fund,120504
2026-01-27,ICICI Pru Bluechip Fund - Direct - Growth,255.4113727276659,Mutual Fund,120504
2026-01-28,ICICI Pru Bluechip Fund - Direct - Growth,257.35177247894364,Mutual Fund,120504
2026-01-29,ICICI Pru Bluechip Fund - Direct - Growth,256.1552120291153,Mutual Fund,120504
2026-01-30,ICICI Pru Bluechip Fund - Direct - Growth,255.5741395305535,Mutual Fund,120504
2026-02-02,ICICI Pru Bluechip Fund - Direct - Growth,250.74832827354157,Mutual Fund,120504
2026-02-03,ICICI Pru Bluechip Fund - Direct - Growth,252.98084372724355,Mutual Fund,120504
2026-02-04,ICICI Pru Bluechip Fund - Direct - Growth,254.95050492623142,Mutual Fund,120504
2026-02-05,ICICI Pru Bluechip Fund - Direct - Growth,255.09431829139763,Mutual Fund,120504
2026-02-06,ICICI Pru Bluechip Fund - Direct - Growth,251.81055207706416,Mutual Fund,120504
2026-02-09,ICICI Pru Bluechip Fund - Direct - Growth,254.6420959176956,Mutual Fund,120504
2026-02-10,ICICI Pru Bluechip Fund - Direct - Growth,253.28077356627233,Mutual Fund,120504
2026-02-11,ICICI Pru Bluechip Fund - Direct - Growth,252.40027000335851,Mutual Fund,120504
2026-02-12,ICICI Pru Bluechip Fund - Direct - Growth,257.732670073852,Mutual Fund,120504
2026-02-13,ICICI Pru Bluechip Fund - Direct - Growth,256.2704289794739,Mutual Fund,120504
2026-02-16,ICICI Pru Bluechip Fund - Direct - Growth,258.08646757798357,Mutual Fund,120504
2026-02-17,ICICI Pru Bluechip Fund - Direct - Growth,259.502821402089,Mutual Fund,120504
2026-02-18,ICICI Pru Bluechip Fund - Direct - Growth,260.53162730226086,Mutual Fund,120504
2026-02-19,ICICI Pru Bluechip Fund - Direct - Growth,261.3152023196348,Mutual Fund,120504
2026-02-20,ICICI Pru Bluechip Fund - Direct - Growth,262.3194020024141,Mutual Fund,120504
2026-02-23,ICICI Pru Bluechip Fund - Direct - Growth,263.0848548731949,Mutual Fund,120504
2026-02-24,ICICI Pru Bluechip Fund - Direct - Growth,263.10015062995245,Mutual Fund,120504
2026-02-25,ICICI Pru Bluechip Fund - Direct - Growth,266.7678070872557,Mutual Fund,120504
2026-02-26,ICICI Pru Bluechip Fund - Direct - Growth,263.8335156631874,Mutual Fund,120504
2026-02-27,ICICI Pru Bluechip Fund - Direct - Growth,266.35831307753955,Mutual Fund,120504
2026-03-02,ICICI Pru Bluechip Fund - Direct - Growth,268.43554334850717,Mutual Fund,120504
2026-03-03,ICICI Pru Bluechip Fund - Direct - Growth,270.23329354219794,Mutual Fund,120504
2026-03-04,ICICI Pru Bluechip Fund - Direct - Growth,273.0493753678463,Mutual Fund,120504
2026-03-05,ICICI Pru Bluechip Fund - Direct - Growth,272.96724380438724,Mutual Fund,120504
2026-03-06,ICICI Pru Bluechip Fund - Direct - Growth,268.6433661305393,Mutual Fund,120504
2026-03-09,ICICI Pru Bluechip Fund - Direct - Growth,268.61077951831663,Mutual Fund,120504
2026-03-10,ICICI Pru Bluechip Fund - Direct - Growth,266.4103519021603,Mutual Fund,120504
2026-03-11,ICICI Pru Bluechip Fund - Direct - Growth,264.8328938574235,Mutual Fund,120504
2026-03-12,ICICI Pru Bluechip Fund - Direct - Growth,262.08215151444614,Mutual Fund,120504
2026-03-13,ICICI Pru Bluechip Fund - Direct - Growth,261.11585870710945,Mutual Fund,120504
2026-03-16,ICICI Pru Bluechip Fund - Direct - Growth,259.8795625413567,Mutual Fund,120504
2026-03-17,ICICI Pru Bluechip Fund - Direct - Growth,254.61832099143095,Mutual Fund,120504
2026-03-18,ICICI Pru Bluechip Fund - Direct - Growth,256.32778806731454,Mutual Fund,120504
2026-03-19,ICICI Pru Bluechip Fund - Direct - Growth,261.53133801294814,Mutual Fund,120504
2026-03-20,ICICI Pru Bluechip Fund - Direct - Growth,263.06906034176035,Mutual Fund,120504
2026-03-23,ICICI Pru Bluechip Fund - Direct - Growth,262.7342162753502,Mutual Fund,120504
2026-03-24,ICICI Pru Bluechip Fund - Direct - Growth,262.74286170308267,Mutual Fund,120504
2026-03-25,ICICI Pru Bluechip Fund - Direct - Growth,261.9042552130266,Mutual Fund,120504
2026-03-26,ICICI Pru Bluechip Fund - Direct - Growth,262.24757844894367,Mutual Fund,120504
2026-03-27,ICICI Pru Bluechip Fund - Direct - Growth,262.2972896584058,Mutual Fund,120504
2026-03-30,ICICI Pru Bluechip Fund - Direct - Growth,260.4932216521412,Mutual Fund,120504
2026-03-31,ICICI Pru Bluechip Fund - Direct - Growth,264.52465110711347,Mutual Fund,120504
2026-04-01,ICICI Pru Bluechip Fund - Direct - Growth,261.21278725264926,Mutual Fund,120504
2026-04-02,ICICI Pru Bluechip Fund - Direct - Growth,263.00837608940697,Mutual Fund,120504
2026-04-03,ICICI Pru Bluechip Fund - Direct - Growth,262.9094524451597,Mutual Fund,120504
2026-04-06,ICICI Pru Bluechip Fund - Direct - Growth,267.49186165985554,Mutual Fund,120504
2026-04-07,ICICI Pru Bluechip Fund - Direct - Growth,268.43554334850717,Mutual Fund,120504
2026-04-08,ICICI Pru Bluechip Fund - Direct - Growth,267.72296059347536,Mutual Fund,120504
2026-04-09,ICICI Pru Bluechip Fund - Direct - Growth,267.2765572576703,Mutual Fund,120504
2026-04-10,ICICI Pru Bluechip Fund - Direct - Growth,267.5086537406438,Mutual Fund,120504
2026-04-13,ICICI Pru Bluechip Fund - Direct - Growth,264.9627415316373,Mutual Fund,120504
2026-04-14,ICICI Pru Bluechip Fund - Direct - Growth,263.312628642302,Mutual Fund,120504
2026-04-15,ICICI Pru Bluechip Fund - Direct - Growth,259.3339030448531,Mutual Fund,120504
2026-04-16,ICICI Pru Bluechip Fund - Direct - Growth,257.3642418458653,Mutual Fund,120504
2026-04-17,ICICI Pru Bluechip Fund - Direct - Growth,257.71039147161804,Mutual Fund,120504
2026-04-20,ICICI Pru Bluechip Fund - Direct - Growth,258.5268856176659,Mutual Fund,120504
2026-04-21,ICICI Pru Bluechip Fund - Direct - Growth,254.1842207643223,Mutual Fund,120504
2026-04-22,ICICI Pru Bluechip Fund - Direct - Growth,254.00782078693345,Mutual Fund,120504
2026-04-23,ICICI Pru Bluechip Fund - Direct - Growth,255.4047223986407,Mutual Fund,120504
2026-04-24,ICICI Pru Bluechip Fund - Direct - Growth,255.16963326760595,Mutual Fund,120504
2026-04-27,ICICI Pru Bluechip Fund - Direct - Growth,253.878305629171,Mutual Fund,120504
2026-04-28,ICICI Pru Bluechip Fund - Direct - Growth,253.08774776632072,Mutual Fund,120504
2026-04-29,ICICI Pru Bluechip Fund - Direct - Growth,252.01355337055298,Mutual Fund,120504
2026-04-30,ICICI Pru Bluechip Fund - Direct - Growth,250.73170245097876,Mutual Fund,120504
2026-05-01,ICICI Pru Bluechip Fund - Direct - Growth,251.24593914283903,Mutual Fund,120504
2026-05-04,ICICI Pru Bluechip Fund - Direct - Growth,256.543923760628,Mutual Fund,120504
2026-05-05,ICICI Pru Bluechip Fund - Direct - Growth,254.9983872952114,Mutual Fund,120504
2026-05-06,ICICI Pru Bluechip Fund - Direct - Growth,254.41515343971642,Mutual Fund,120504
2026-05-07,ICICI Pru Bluechip Fund - Direct - Growth,254.43028293824835,Mutual Fund,120504
2026-05-08,ICICI Pru Bluechip Fund - Direct - Growth,253.02323957477802,Mutual Fund,120504
2026-05-11,ICICI Pru Bluechip Fund - Direct - Growth,255.61753292744163,Mutual Fund,120504
2026-05-12,ICICI Pru Bluechip Fund - Direct - Growth,250.457542636922,Mutual Fund,120504
2026-05-13,ICICI Pru Bluechip Fund - Direct - Growth,249.4157685951513,Mutual Fund,120504
2026-05-14,ICICI Pru Bluechip Fund - Direct - Growth,251.35201189078836,Mutual Fund,120504
2026-05-15,ICICI Pru Bluechip Fund - Direct - Growth,250.83029357877487,Mutual Fund,120504
2026-05-18,ICICI Pru Bluechip Fund - Direct - Growth,249.14958917592455,Mutual Fund,120504
2026-05-19,ICICI Pru Bluechip Fund - Direct - Growth,250.24888856376174,Mutual Fund,120504
2026-05-20,ICICI Pru Bluechip Fund - Direct - Growth,252.38746811998527,Mutual Fund,120504
2026-05-21,ICICI Pru Bluechip Fund - Direct - Growth,252.98716153981724,Mutual Fund,120504
2026-05-22,ICICI Pru Bluechip Fund - Direct - Growth,251.33538606822574,Mutual Fund,120504
2026-05-25,ICICI Pru Bluechip Fund - Direct - Growth,252.47891014407938,Mutual Fund,120504
2026-05-26,ICICI Pru Bluechip Fund - Direct - Growth,251.71511985555486,Mutual Fund,120504
2026-05-27,ICICI Pru Bluechip Fund - Direct - Growth,253.50555468731818,Mutual Fund,120504
2026-05-28,ICICI Pru Bluechip Fund - Direct - Growth,256.9760288890293,Mutual Fund,120504
2026-05-29,ICICI Pru Bluechip Fund - Direct - Growth,251.26788522862168,Mutual Fund,120504
2022-01-03,ICICI Pru Liquid Fund - Regular - Growth,100.0,Mutual Fund,120507
2022-01-04,ICICI Pru Liquid Fund - Regular - Growth,100.04804988508972,Mutual Fund,120507
2022-01-05,ICICI Pru Liquid Fund - Regular - Growth,100.11380788515064,Mutual Fund,120507
2022-01-06,ICICI Pru Liquid Fund - Regular - Growth,100.12745643226279,Mutual Fund,120507
2022-01-07,ICICI Pru Liquid Fund - Regular - Growth,100.18859492407033,Mutual Fund,120507
2022-01-10,ICICI Pru Liquid Fund - Regular - Growth,100.28458970542586,Mutual Fund,120507
2022-01-11,ICICI Pru Liquid Fund - Regular - Growth,100.31255172886846,Mutual Fund,120507
2022-01-12,ICICI Pru Liquid Fund - Regular - Growth,100.36322633455667,Mutual Fund,120507
2022-01-13,ICICI Pru Liquid Fund - Regular - Growth,100.37043556713385,Mutual Fund,120507
2022-01-14,ICICI Pru Liquid Fund - Regular - Growth,100.39696274331595,Mutual Fund,120507
2022-01-17,ICICI Pru Liquid Fund - Regular - Growth,100.41726058261095,Mutual Fund,120507
2022-01-18,ICICI Pru Liquid Fund - Regular - Growth,100.46839013986957,Mutual Fund,120507
2022-01-19,ICICI Pru Liquid Fund - Regular - Growth,100.53243332247277,Mutual Fund,120507
2022-01-20,ICICI Pru Liquid Fund - Regular - Growth,100.55490093079588,Mutual Fund,120507
2022-01-21,ICICI Pru Liquid Fund - Regular - Growth,100.62944299579306,Mutual Fund,120507
2022-01-24,ICICI Pru Liquid Fund - Regular - Growth,100.70391506824097,Mutual Fund,120507
2022-01-25,ICICI Pru Liquid Fund - Regular - Growth,100.75675944295728,Mutual Fund,120507
2022-01-26,ICICI Pru Liquid Fund - Regular - Growth,100.76638341848508,Mutual Fund,120507
2022-01-27,ICICI Pru Liquid Fund - Regular - Growth,100.77296271811862,Mutual Fund,120507
2022-01-28,ICICI Pru Liquid Fund - Regular - Growth,100.7731726957665,Mutual Fund,120507
2022-01-31,ICICI Pru Liquid Fund - Regular - Growth,100.8293067202996,Mutual Fund,120507
2022-02-01,ICICI Pru Liquid Fund - Regular - Growth,100.81681305025079,Mutual Fund,120507
2022-02-02,ICICI Pru Liquid Fund - Regular - Growth,100.86433799122081,Mutual Fund,120507
2022-02-03,ICICI Pru Liquid Fund - Regular - Growth,100.85600887785493,Mutual Fund,120507
2022-02-04,ICICI Pru Liquid Fund - Regular - Growth,100.90818832335297,Mutual Fund,120507
2022-02-07,ICICI Pru Liquid Fund - Regular - Growth,100.93475049580971,Mutual Fund,120507
2022-02-08,ICICI Pru Liquid Fund - Regular - Growth,101.00323820529302,Mutual Fund,120507
2022-02-09,ICICI Pru Liquid Fund - Regular - Growth,101.0656015667132,Mutual Fund,120507
2022-02-10,ICICI Pru Liquid Fund - Regular - Growth,101.13737892601331,Mutual Fund,120507
2022-02-11,ICICI Pru Liquid Fund - Regular - Growth,101.21003119217957,Mutual Fund,120507
2022-02-14,ICICI Pru Liquid Fund - Regular - Growth,101.24072292504462,Mutual Fund,120507
2022-02-15,ICICI Pru Liquid Fund - Regular - Growth,101.22987407990418,Mutual Fund,120507
2022-02-16,ICICI Pru Liquid Fund - Regular - Growth,101.22241987340446,Mutual Fund,120507
2022-02-17,ICICI Pru Liquid Fund - Regular - Growth,101.18203417246232,Mutual Fund,120507
2022-02-18,ICICI Pru Liquid Fund - Regular - Growth,101.17356507399786,Mutual Fund,120507
2022-02-21,ICICI Pru Liquid Fund - Regular - Growth,101.20187706018693,Mutual Fund,120507
2022-02-22,ICICI Pru Liquid Fund - Regular - Growth,101.21013618100352,Mutual Fund,120507
2022-02-23,ICICI Pru Liquid Fund - Regular - Growth,101.23050401284783,Mutual Fund,120507
2022-02-24,ICICI Pru Liquid Fund - Regular - Growth,101.27232456105047,Mutual Fund,120507
2022-02-25,ICICI Pru Liquid Fund - Regular - Growth,101.28877281013435,Mutual Fund,120507
2022-02-28,ICICI Pru Liquid Fund - Regular - Growth,101.27911383833191,Mutual Fund,120507
2022-03-01,ICICI Pru Liquid Fund - Regular - Growth,101.3035412380352,Mutual Fund,120507
2022-03-02,ICICI Pru Liquid Fund - Regular - Growth,101.300986509986,Mutual Fund,120507
2022-03-03,ICICI Pru Liquid Fund - Regular - Growth,101.31848464730928,Mutual Fund,120507
2022-03-04,ICICI Pru Liquid Fund - Regular - Growth,101.3874973009123,Mutual Fund,120507
2022-03-07,ICICI Pru Liquid Fund - Regular - Growth,101.40499543823557,Mutual Fund,120507
2022-03-08,ICICI Pru Liquid Fund - Regular - Growth,101.48776162777469,Mutual Fund,120507
2022-03-09,ICICI Pru Liquid Fund - Regular - Growth,101.55971396844801,Mutual Fund,120507
2022-03-10,ICICI Pru Liquid Fund - Regular - Growth,101.5673781525956,Mutual Fund,120507
2022-03-11,ICICI Pru Liquid Fund - Regular - Growth,101.55803414726496,Mutual Fund,120507
2022-03-14,ICICI Pru Liquid Fund - Regular - Growth,101.58256653579221,Mutual Fund,120507
2022-03-15,ICICI Pru Liquid Fund - Regular - Growth,101.64566481897997,Mutual Fund,120507
2022-03-16,ICICI Pru Liquid Fund - Regular - Growth,101.65619869764859,Mutual Fund,120507
2022-03-17,ICICI Pru Liquid Fund - Regular - Growth,101.71152780786481,Mutual Fund,120507
2022-03-18,ICICI Pru Liquid Fund - Regular - Growth,101.77648089360882,Mutual Fund,120507
2022-03-21,ICICI Pru Liquid Fund - Regular - Growth,101.77791574086935,Mutual Fund,120507
2022-03-22,ICICI Pru Liquid Fund - Regular - Growth,101.78250025284802,Mutual Fund,120507
2022-03-23,ICICI Pru Liquid Fund - Regular - Growth,101.83160002617717,Mutual Fund,120507
2022-03-24,ICICI Pru Liquid Fund - Regular - Growth,101.86274671061261,Mutual Fund,120507
2022-03-25,ICICI Pru Liquid Fund - Regular - Growth,101.86701625611948,Mutual Fund,120507
2022-03-28,ICICI Pru Liquid Fund - Regular - Growth,101.8819946616682,Mutual Fund,120507
2022-03-29,ICICI Pru Liquid Fund - Regular - Growth,101.90600210607575,Mutual Fund,120507
2022-03-30,ICICI Pru Liquid Fund - Regular - Growth,101.8820646542175,Mutual Fund,120507
2022-03-31,ICICI Pru Liquid Fund - Regular - Growth,101.93294923755359,Mutual Fund,120507
2022-04-01,ICICI Pru Liquid Fund - Regular - Growth,101.94386807524332,Mutual Fund,120507
2022-04-04,ICICI Pru Liquid Fund - Regular - Growth,101.88080478833021,Mutual Fund,120507
2022-04-05,ICICI Pru Liquid Fund - Regular - Growth,101.90631707254754,Mutual Fund,120507
2022-04-06,ICICI Pru Liquid Fund - Regular - Growth,101.90880180804744,Mutual Fund,120507
2022-04-07,ICICI Pru Liquid Fund - Regular - Growth,101.98932823600917,Mutual Fund,120507
2022-04-08,ICICI Pru Liquid Fund - Regular - Growth,101.99681743878352,Mutual Fund,120507
2022-04-11,ICICI Pru Liquid Fund - Regular - Growth,101.98785839247402,Mutual Fund,120507
2022-04-12,ICICI Pru Liquid Fund - Regular - Growth,102.03048385499352,Mutual Fund,120507
2022-04-13,ICICI Pru Liquid Fund - Regular - Growth,102.03559331109193,Mutual Fund,120507
2022-04-14,ICICI Pru Liquid Fund - Regular - Growth,102.0368531769792,Mutual Fund,120507
2022-04-15,ICICI Pru Liquid Fund - Regular - Growth,102.079548632048,Mutual Fund,120507
2022-04-18,ICICI Pru Liquid Fund - Regular - Growth,102.07244438829477,Mutual Fund,120507
2022-04-19,ICICI Pru Liquid Fund - Regular - Growth,102.05190157507722,Mutual Fund,120507
2022-04-20,ICICI Pru Liquid Fund - Regular - Growth,102.13375786147554,Mutual Fund,120507
2022-04-21,ICICI Pru Liquid Fund - Regular - Growth,102.17876307067102,Mutual Fund,120507
2022-04-22,ICICI Pru Liquid Fund - Regular - Growth,102.1966111707408,Mutual Fund,120507
2022-04-25,ICICI Pru Liquid Fund - Regular - Growth,102.2228583767257,Mutual Fund,120507
2022-04-26,ICICI Pru Liquid Fund - Regular - Growth,102.26551883551987,Mutual Fund,120507
2022-04-27,ICICI Pru Liquid Fund - Regular - Growth,102.3232626886867,Mutual Fund,120507
2022-04-28,ICICI Pru Liquid Fund - Regular - Growth,102.3252924726162,Mutual Fund,120507
2022-04-29,ICICI Pru Liquid Fund - Regular - Growth,102.36350840453024,Mutual Fund,120507
2022-05-02,ICICI Pru Liquid Fund - Regular - Growth,102.3735523353538,Mutual Fund,120507
2022-05-03,ICICI Pru Liquid Fund - Regular - Growth,102.39388517092347,Mutual Fund,120507
2022-05-04,ICICI Pru Liquid Fund - Regular - Growth,102.42548680692931,Mutual Fund,120507
2022-05-05,ICICI Pru Liquid Fund - Regular - Growth,102.45166402036494,Mutual Fund,120507
2022-05-06,ICICI Pru Liquid Fund - Regular - Growth,102.5018486782081,Mutual Fund,120507
2022-05-09,ICICI Pru Liquid Fund - Regular - Growth,102.54401918915721,Mutual Fund,120507
2022-05-10,ICICI Pru Liquid Fund - Regular - Growth,102.52176155848198,Mutual Fund,120507
2022-05-11,ICICI Pru Liquid Fund - Regular - Growth,102.50436840998265,Mutual Fund,120507
2022-05-12,ICICI Pru Liquid Fund - Regular - Growth,102.51885686768634,Mutual Fund,120507
2022-05-13,ICICI Pru Liquid Fund - Regular - Growth,102.60438776292253,Mutual Fund,120507
2022-05-16,ICICI Pru Liquid Fund - Regular - Growth,102.60333787468315,Mutual Fund,120507
2022-05-17,ICICI Pru Liquid Fund - Regular - Growth,102.62307577358378,Mutual Fund,120507
2022-05-18,ICICI Pru Liquid Fund - Regular - Growth,102.63220980126653,Mutual Fund,120507
2022-05-19,ICICI Pru Liquid Fund - Regular - Growth,102.64078388855494,Mutual Fund,120507
2022-05-20,ICICI Pru Liquid Fund - Regular - Growth,102.67301545750442,Mutual Fund,120507
2022-05-23,ICICI Pru Liquid Fund - Regular - Growth,102.74482781307917,Mutual Fund,120507
2022-05-24,ICICI Pru Liquid Fund - Regular - Growth,102.78608842088748,Mutual Fund,120507
2022-05-25,ICICI Pru Liquid Fund - Regular - Growth,102.78657836873253,Mutual Fund,120507
2022-05-26,ICICI Pru Liquid Fund - Regular - Growth,102.90231104898871,Mutual Fund,120507
2022-05-27,ICICI Pru Liquid Fund - Regular - Growth,102.93139295322,Mutual Fund,120507
2022-05-30,ICICI Pru Liquid Fund - Regular - Growth,102.93923211874083,Mutual Fund,120507
2022-05-31,ICICI Pru Liquid Fund - Regular - Growth,103.01160441470994,Mutual Fund,120507
2022-06-01,ICICI Pru Liquid Fund - Regular - Growth,103.02294320769545,Mutual Fund,120507
2022-06-02,ICICI Pru Liquid Fund - Regular - Growth,103.10350463193183,Mutual Fund,120507
2022-06-03,ICICI Pru Liquid Fund - Regular - Growth,103.10182481074881,Mutual Fund,120507
2022-06-06,ICICI Pru Liquid Fund - Regular - Growth,103.17489703221084,Mutual Fund,120507
2022-06-07,ICICI Pru Liquid Fund - Regular - Growth,103.20803850430113,Mutual Fund,120507
2022-06-08,ICICI Pru Liquid Fund - Regular - Growth,103.27666619888305,Mutual Fund,120507
2022-06-09,ICICI Pru Liquid Fund - Regular - Growth,103.36520677373883,Mutual Fund,120507
2022-06-10,ICICI Pru Liquid Fund - Regular - Growth,103.35498786154204,Mutual Fund,120507
2022-06-13,ICICI Pru Liquid Fund - Regular - Growth,103.42319560082822,Mutual Fund,120507
2022-06-14,ICICI Pru Liquid Fund - Regular - Growth,103.40398264604727,Mutual Fund,120507
2022-06-15,ICICI Pru Liquid Fund - Regular - Growth,103.39652843954754,Mutual Fund,120507
2022-06-16,ICICI Pru Liquid Fund - Regular - Growth,103.39705338366723,Mutual Fund,120507
2022-06-17,ICICI Pru Liquid Fund - Regular - Growth,103.44013379775716,Mutual Fund,120507
2022-06-20,ICICI Pru Liquid Fund - Regular - Growth,103.46788584355187,Mutual Fund,120507
2022-06-21,ICICI Pru Liquid Fund - Regular - Growth,103.48912858226234,Mutual Fund,120507
2022-06-22,ICICI Pru Liquid Fund - Regular - Growth,103.5205902331696,Mutual Fund,120507
2022-06-23,ICICI Pru Liquid Fund - Regular - Growth,103.56657533805517,Mutual Fund,120507
2022-06-24,ICICI Pru Liquid Fund - Regular - Growth,103.61511517098998,Mutual Fund,120507
2022-06-27,ICICI Pru Liquid Fund - Regular - Growth,103.67758352123408,Mutual Fund,120507
2022-06-28,ICICI Pru Liquid Fund - Regular - Growth,103.76377934568856,Mutual Fund,120507
2022-06-29,ICICI Pru Liquid Fund - Regular - Growth,103.78985157030026,Mutual Fund,120507
2022-06-30,ICICI Pru Liquid Fund - Regular - Growth,103.79958053465201,Mutual Fund,120507
2022-07-01,ICICI Pru Liquid Fund - Regular - Growth,103.84644054640376,Mutual Fund,120507
2022-07-04,ICICI Pru Liquid Fund - Regular - Growth,103.8358016789112,Mutual Fund,120507
2022-07-05,ICICI Pru Liquid Fund - Regular - Growth,103.84038619088989,Mutual Fund,120507
2022-07-06,ICICI Pru Liquid Fund - Regular - Growth,103.8998448615144,Mutual Fund,120507
2022-07-07,ICICI Pru Liquid Fund - Regular - Growth,103.92259244003466,Mutual Fund,120507
2022-07-08,ICICI Pru Liquid Fund - Regular - Growth,103.9098537960633,Mutual Fund,120507
2022-07-11,ICICI Pru Liquid Fund - Regular - Growth,103.88791113185991,Mutual Fund,120507
2022-07-12,ICICI Pru Liquid Fund - Regular - Growth,103.91629311059828,Mutual Fund,120507
2022-07-13,ICICI Pru Liquid Fund - Regular - Growth,103.98051127457472,Mutual Fund,120507
2022-07-14,ICICI Pru Liquid Fund - Regular - Growth,104.0443094832554,Mutual Fund,120507
2022-07-15,ICICI Pru Liquid Fund - Regular - Growth,104.0747562421979,Mutual Fund,120507
2022-07-18,ICICI Pru Liquid Fund - Regular - Growth,104.1674963700113,Mutual Fund,120507
2022-07-19,ICICI Pru Liquid Fund - Regular - Growth,104.1909438740245,Mutual Fund,120507
2022-07-20,ICICI Pru Liquid Fund - Regular - Growth,104.21327149724901,Mutual Fund,120507
2022-07-21,ICICI Pru Liquid Fund - Regular - Growth,104.15591260310329,Mutual Fund,120507
2022-07-22,ICICI Pru Liquid Fund - Regular - Growth,104.1680913066803,Mutual Fund,120507
2022-07-25,ICICI Pru Liquid Fund - Regular - Growth,104.22293046905146,Mutual Fund,120507
2022-07-26,ICICI Pru Liquid Fund - Regular - Growth,104.30118213916117,Mutual Fund,120507
2022-07-27,ICICI Pru Liquid Fund - Regular - Growth,104.30079718014007,Mutual Fund,120507
2022-07-28,ICICI Pru Liquid Fund - Regular - Growth,104.34289769853989,Mutual Fund,120507
2022-07-29,ICICI Pru Liquid Fund - Regular - Growth,104.40424616799532,Mutual Fund,120507
2022-08-01,ICICI Pru Liquid Fund - Regular - Growth,104.43154326221963,Mutual Fund,120507
2022-08-02,ICICI Pru Liquid Fund - Regular - Growth,104.38338838830596,Mutual Fund,120507
2022-08-03,ICICI Pru Liquid Fund - Regular - Growth,104.41845465550182,Mutual Fund,120507
2022-08-04,ICICI Pru Liquid Fund - Regular - Growth,104.47042412335196,Mutual Fund,120507
2022-08-05,ICICI Pru Liquid Fund - Regular - Growth,104.46622457039439,Mutual Fund,120507
2022-08-08,ICICI Pru Liquid Fund - Regular - Growth,104.48480759223169,Mutual Fund,120507
2022-08-09,ICICI Pru Liquid Fund - Regular - Growth,104.47371377316873,Mutual Fund,120507
2022-08-10,ICICI Pru Liquid Fund - Regular - Growth,104.41610990510046,Mutual Fund,120507
2022-08-11,ICICI Pru Liquid Fund - Regular - Growth,104.47682844161224,Mutual Fund,120507
2022-08-12,ICICI Pru Liquid Fund - Regular - Growth,104.50367058426617,Mutual Fund,120507
2022-08-15,ICICI Pru Liquid Fund - Regular - Growth,104.58325211281247,Mutual Fund,120507
2022-08-16,ICICI Pru Liquid Fund - Regular - Growth,104.63847623420475,Mutual Fund,120507
2022-08-17,ICICI Pru Liquid Fund - Regular - Growth,104.65376960622528,Mutual Fund,120507
2022-08-18,ICICI Pru Liquid Fund - Regular - Growth,104.67802202455533,Mutual Fund,120507
2022-08-19,ICICI Pru Liquid Fund - Regular - Growth,104.72372715924377,Mutual Fund,120507
2022-08-22,ICICI Pru Liquid Fund - Regular - Growth,104.78262588947393,Mutual Fund,120507
2022-08-23,ICICI Pru Liquid Fund - Regular - Growth,104.8203168772683,Mutual Fund,120507
2022-08-24,ICICI Pru Liquid Fund - Regular - Growth,104.88387011202647,Mutual Fund,120507
2022-08-25,ICICI Pru Liquid Fund - Regular - Growth,104.90112327542722,Mutual Fund,120507
2022-08-26,ICICI Pru Liquid Fund - Regular - Growth,104.89524390128662,Mutual Fund,120507
2022-08-29,ICICI Pru Liquid Fund - Regular - Growth,104.92016124883499,Mutual Fund,120507
2022-08-30,ICICI Pru Liquid Fund - Regular - Growth,104.9540026464182,Mutual Fund,120507
2022-08-31,ICICI Pru Liquid Fund - Regular - Growth,104.94136899127078,Mutual Fund,120507
2022-09-01,ICICI Pru Liquid Fund - Regular - Growth,104.9242558129686,Mutual Fund,120507
2022-09-02,ICICI Pru Liquid Fund - Regular - Growth,104.9661113574459,Mutual Fund,120507
2022-09-05,ICICI Pru Liquid Fund - Regular - Growth,104.97975990455805,Mutual Fund,120507
2022-09-06,ICICI Pru Liquid Fund - Regular - Growth,105.00135260601498,Mutual Fund,120507
2022-09-07,ICICI Pru Liquid Fund - Regular - Growth,105.0165409892116,Mutual Fund,120507
2022-09-08,ICICI Pru Liquid Fund - Regular - Growth,105.09395274872982,Mutual Fund,120507
2022-09-09,ICICI Pru Liquid Fund - Regular - Growth,105.16282541723425,Mutual Fund,120507
2022-09-12,ICICI Pru Liquid Fund - Regular - Growth,105.14896689247422,Mutual Fund,120507
2022-09-13,ICICI Pru Liquid Fund - Regular - Growth,105.15845088290341,Mutual Fund,120507
2022-09-14,ICICI Pru Liquid Fund - Regular - Growth,105.213744996845,Mutual Fund,120507
2022-09-15,ICICI Pru Liquid Fund - Regular - Growth,105.26084998251928,Mutual Fund,120507
2022-09-16,ICICI Pru Liquid Fund - Regular - Growth,105.2866422369338,Mutual Fund,120507
2022-09-19,ICICI Pru Liquid Fund - Regular - Growth,105.27607336199054,Mutual Fund,120507
2022-09-20,ICICI Pru Liquid Fund - Regular - Growth,105.28058788141993,Mutual Fund,120507
2022-09-21,ICICI Pru Liquid Fund - Regular - Growth,105.29059681596887,Mutual Fund,120507
2022-09-22,ICICI Pru Liquid Fund - Regular - Growth,105.32695794532665,Mutual Fund,120507
2022-09-23,ICICI Pru Liquid Fund - Regular - Growth,105.41066903428123,Mutual Fund,120507
2022-09-26,ICICI Pru Liquid Fund - Regular - Growth,105.41504356861202,Mutual Fund,120507
2022-09-27,ICICI Pru Liquid Fund - Regular - Growth,105.4081842987813,Mutual Fund,120507
2022-09-28,ICICI Pru Liquid Fund - Regular - Growth,105.43177178789307,Mutual Fund,120507
2022-09-29,ICICI Pru Liquid Fund - Regular - Growth,105.49326024244708,Mutual Fund,120507
2022-09-30,ICICI Pru Liquid Fund - Regular - Growth,105.47236746648309,Mutual Fund,120507
2022-10-03,ICICI Pru Liquid Fund - Regular - Growth,105.54788942717039,Mutual Fund,120507
2022-10-04,ICICI Pru Liquid Fund - Regular - Growth,105.56941213607803,Mutual Fund,120507
2022-10-05,ICICI Pru Liquid Fund - Regular - Growth,105.57221183804972,Mutual Fund,120507
2022-10-06,ICICI Pru Liquid Fund - Regular - Growth,105.54624460226198,Mutual Fund,120507
2022-10-07,ICICI Pru Liquid Fund - Regular - Growth,105.5969892004995,Mutual Fund,120507
2022-10-10,ICICI Pru Liquid Fund - Regular - Growth,105.61851190940715,Mutual Fund,120507
2022-10-11,ICICI Pru Liquid Fund - Regular - Growth,105.65144340384956,Mutual Fund,120507
2022-10-12,ICICI Pru Liquid Fund - Regular - Growth,105.64871369442714,Mutual Fund,120507
2022-10-13,ICICI Pru Liquid Fund - Regular - Growth,105.66537192115892,Mutual Fund,120507
2022-10-14,ICICI Pru Liquid Fund - Regular - Growth,105.67643074394726,Mutual Fund,120507
2022-10-17,ICICI Pru Liquid Fund - Regular - Growth,105.70033319953085,Mutual Fund,120507
2022-10-18,ICICI Pru Liquid Fund - Regular - Growth,105.70530267053068,Mutual Fund,120507
2022-10-19,ICICI Pru Liquid Fund - Regular - Growth,105.68150520377104,Mutual Fund,120507
2022-10-20,ICICI Pru Liquid Fund - Regular - Growth,105.79965262697782,Mutual Fund,120507
2022-10-21,ICICI Pru Liquid Fund - Regular - Growth,105.78148956043624,Mutual Fund,120507
2022-10-24,ICICI Pru Liquid Fund - Regular - Growth,105.81484101017442,Mutual Fund,120507
2022-10-25,ICICI Pru Liquid Fund - Regular - Growth,105.78306439279534,Mutual Fund,120507
2022-10-26,ICICI Pru Liquid Fund - Regular - Growth,105.74383356891654,Mutual Fund,120507
2022-10-27,ICICI Pru Liquid Fund - Regular - Growth,105.77435032040835,Mutual Fund,120507
2022-10-28,ICICI Pru Liquid Fund - Regular - Growth,105.807456796224,Mutual Fund,120507
2022-10-31,ICICI Pru Liquid Fund - Regular - Growth,105.87681941257347,Mutual Fund,120507
2022-11-01,ICICI Pru Liquid Fund - Regular - Growth,105.91745008743816,Mutual Fund,120507
2022-11-02,ICICI Pru Liquid Fund - Regular - Growth,105.93977771066267,Mutual Fund,120507
2022-11-03,ICICI Pru Liquid Fund - Regular - Growth,105.9354381726065,Mutual Fund,120507
2022-11-04,ICICI Pru Liquid Fund - Regular - Growth,106.01277993957541,Mutual Fund,120507
2022-11-07,ICICI Pru Liquid Fund - Regular - Growth,106.07115372568587,Mutual Fund,120507
2022-11-08,ICICI Pru Liquid Fund - Regular - Growth,106.05687524563008,Mutual Fund,120507
2022-11-09,ICICI Pru Liquid Fund - Regular - Growth,106.08550219829095,Mutual Fund,120507
2022-11-10,ICICI Pru Liquid Fund - Regular - Growth,106.11769877096582,Mutual Fund,120507
2022-11-11,ICICI Pru Liquid Fund - Regular - Growth,106.13351708710606,Mutual Fund,120507
2022-11-14,ICICI Pru Liquid Fund - Regular - Growth,106.18671142456886,Mutual Fund,120507
2022-11-15,ICICI Pru Liquid Fund - Regular - Growth,106.24193554596111,Mutual Fund,120507
2022-11-16,ICICI Pru Liquid Fund - Regular - Growth,106.26296830702371,Mutual Fund,120507
2022-11-17,ICICI Pru Liquid Fund - Regular - Growth,106.28095639219204,Mutual Fund,120507
2022-11-18,ICICI Pru Liquid Fund - Regular - Growth,106.35857812935812,Mutual Fund,120507
2022-11-21,ICICI Pru Liquid Fund - Regular - Growth,106.41730187821506,Mutual Fund,120507
2022-11-22,ICICI Pru Liquid Fund - Regular - Growth,106.44715370048858,Mutual Fund,120507
2022-11-23,ICICI Pru Liquid Fund - Regular - Growth,106.41999659136286,Mutual Fund,120507
2022-11-24,ICICI Pru Liquid Fund - Regular - Growth,106.45898244131912,Mutual Fund,120507
2022-11-25,ICICI Pru Liquid Fund - Regular - Growth,106.50986702465524,Mutual Fund,120507
2022-11-28,ICICI Pru Liquid Fund - Regular - Growth,106.44494893518586,Mutual Fund,120507
2022-11-29,ICICI Pru Liquid Fund - Regular - Growth,106.48085511297323,Mutual Fund,120507
2022-11-30,ICICI Pru Liquid Fund - Regular - Growth,106.49436367498681,Mutual Fund,120507
2022-12-01,ICICI Pru Liquid Fund - Regular - Growth,106.51441654035929,Mutual Fund,120507
2022-12-02,ICICI Pru Liquid Fund - Regular - Growth,106.51144185701433,Mutual Fund,120507
2022-12-05,ICICI Pru Liquid Fund - Regular - Growth,106.53394446161208,Mutual Fund,120507
2022-12-06,ICICI Pru Liquid Fund - Regular - Growth,106.60817156013746,Mutual Fund,120507
2022-12-07,ICICI Pru Liquid Fund - Regular - Growth,106.62066523018628,Mutual Fund,120507
2022-12-08,ICICI Pru Liquid Fund - Regular - Growth,106.68061384865584,Mutual Fund,120507
2022-12-09,ICICI Pru Liquid Fund - Regular - Growth,106.68103380395158,Mutual Fund,120507
2022-12-12,ICICI Pru Liquid Fund - Regular - Growth,106.73408815631578,Mutual Fund,120507
2022-12-13,ICICI Pru Liquid Fund - Regular - Growth,106.76166522073727,Mutual Fund,120507
2022-12-14,ICICI Pru Liquid Fund - Regular - Growth,106.80103602971465,Mutual Fund,120507
2022-12-15,ICICI Pru Liquid Fund - Regular - Growth,106.82882307178403,Mutual Fund,120507
2022-12-16,ICICI Pru Liquid Fund - Regular - Growth,106.87799283766243,Mutual Fund,120507
2022-12-19,ICICI Pru Liquid Fund - Regular - Growth,106.81912910370693,Mutual Fund,120507
2022-12-20,ICICI Pru Liquid Fund - Regular - Growth,106.79893625323584,Mutual Fund,120507
2022-12-21,ICICI Pru Liquid Fund - Regular - Growth,106.84051182751595,Mutual Fund,120507
2022-12-22,ICICI Pru Liquid Fund - Regular - Growth,106.79932121225697,Mutual Fund,120507
2022-12-23,ICICI Pru Liquid Fund - Regular - Growth,106.80901518033406,Mutual Fund,120507
2022-12-26,ICICI Pru Liquid Fund - Regular - Growth,106.83473744219927,Mutual Fund,120507
2022-12-27,ICICI Pru Liquid Fund - Regular - Growth,106.83442247572745,Mutual Fund,120507
2022-12-28,ICICI Pru Liquid Fund - Regular - Growth,106.83872701750899,Mutual Fund,120507
2022-12-29,ICICI Pru Liquid Fund - Regular - Growth,106.87540311333859,Mutual Fund,120507
2022-12-30,ICICI Pru Liquid Fund - Regular - Growth,106.9369615604419,Mutual Fund,120507
2023-01-02,ICICI Pru Liquid Fund - Regular - Growth,106.93227205963925,Mutual Fund,120507
2023-01-03,ICICI Pru Liquid Fund - Regular - Growth,106.94049618418117,Mutual Fund,120507
2023-01-04,ICICI Pru Liquid Fund - Regular - Growth,106.94343587125148,Mutual Fund,120507
2023-01-05,ICICI Pru Liquid Fund - Regular - Growth,106.88947161574649,Mutual Fund,120507
2023-01-06,ICICI Pru Liquid Fund - Regular - Growth,106.92180817351993,Mutual Fund,120507
2023-01-09,ICICI Pru Liquid Fund - Regular - Growth,106.98088188512334,Mutual Fund,120507
2023-01-10,ICICI Pru Liquid Fund - Regular - Growth,107.04275529869847,Mutual Fund,120507
2023-01-11,ICICI Pru Liquid Fund - Regular - Growth,107.0410054849661,Mutual Fund,120507
2023-01-12,ICICI Pru Liquid Fund - Regular - Growth,107.02641203843851,Mutual Fund,120507
2023-01-13,ICICI Pru Liquid Fund - Regular - Growth,107.05475902090225,Mutual Fund,120507
2023-01-16,ICICI Pru Liquid Fund - Regular - Growth,107.11036810131564,Mutual Fund,120507
2023-01-17,ICICI Pru Liquid Fund - Regular - Growth,107.14322960320877,Mutual Fund,120507
2023-01-18,ICICI Pru Liquid Fund - Regular - Growth,107.18060562453131,Mutual Fund,120507
2023-01-19,ICICI Pru Liquid Fund - Regular - Growth,107.24681857616261,Mutual Fund,120507
2023-01-20,ICICI Pru Liquid Fund - Regular - Growth,107.24951328931039,Mutual Fund,120507
2023-01-23,ICICI Pru Liquid Fund - Regular - Growth,107.26977613233075,Mutual Fund,120507
2023-01-24,ICICI Pru Liquid Fund - Regular - Growth,107.35268230696846,Mutual Fund,120507
2023-01-25,ICICI Pru Liquid Fund - Regular - Growth,107.37371506803106,Mutual Fund,120507
2023-01-26,ICICI Pru Liquid Fund - Regular - Growth,107.35856168110911,Mutual Fund,120507
2023-01-27,ICICI Pru Liquid Fund - Regular - Growth,107.36363614093287,Mutual Fund,120507
2023-01-30,ICICI Pru Liquid Fund - Regular - Growth,107.35957657307387,Mutual Fund,120507
2023-01-31,ICICI Pru Liquid Fund - Regular - Growth,107.399367337347,Mutual Fund,120507
2023-02-01,ICICI Pru Liquid Fund - Regular - Growth,107.39677761302318,Mutual Fund,120507
2023-02-02,ICICI Pru Liquid Fund - Regular - Growth,107.43362869022602,Mutual Fund,120507
2023-02-03,ICICI Pru Liquid Fund - Regular - Growth,107.43642839219774,Mutual Fund,120507
2023-02-06,ICICI Pru Liquid Fund - Regular - Growth,107.3922980898684,Mutual Fund,120507
2023-02-07,ICICI Pru Liquid Fund - Regular - Growth,107.43037403668387,Mutual Fund,120507
2023-02-08,ICICI Pru Liquid Fund - Regular - Growth,107.46313054975307,Mutual Fund,120507
2023-02-09,ICICI Pru Liquid Fund - Regular - Growth,107.50838073287107,Mutual Fund,120507
2023-02-10,ICICI Pru Liquid Fund - Regular - Growth,107.51331520759624,Mutual Fund,120507
2023-02-13,ICICI Pru Liquid Fund - Regular - Growth,107.51464506603281,Mutual Fund,120507
2023-02-14,ICICI Pru Liquid Fund - Regular - Growth,107.55597566639041,Mutual Fund,120507
2023-02-15,ICICI Pru Liquid Fund - Regular - Growth,107.63520723219023,Mutual Fund,120507
2023-02-16,ICICI Pru Liquid Fund - Regular - Growth,107.66337923328074,Mutual Fund,120507
2023-02-17,ICICI Pru Liquid Fund - Regular - Growth,107.70554974422983,Mutual Fund,120507
2023-02-20,ICICI Pru Liquid Fund - Regular - Growth,107.72241794860949,Mutual Fund,120507
2023-02-21,ICICI Pru Liquid Fund - Regular - Growth,107.69781556753296,Mutual Fund,120507
2023-02-22,ICICI Pru Liquid Fund - Regular - Growth,107.75842911522079,Mutual Fund,120507
2023-02-23,ICICI Pru Liquid Fund - Regular - Growth,107.81708287152844,Mutual Fund,120507
2023-02-24,ICICI Pru Liquid Fund - Regular - Growth,107.8690523393786,Mutual Fund,120507
2023-02-27,ICICI Pru Liquid Fund - Regular - Growth,107.8906800371102,Mutual Fund,120507
2023-02-28,ICICI Pru Liquid Fund - Regular - Growth,107.93883491102387,Mutual Fund,120507
2023-03-01,ICICI Pru Liquid Fund - Regular - Growth,107.99706871203574,Mutual Fund,120507
2023-03-02,ICICI Pru Liquid Fund - Regular - Growth,108.08004487922275,Mutual Fund,120507
2023-03-03,ICICI Pru Liquid Fund - Regular - Growth,108.14160332632605,Mutual Fund,120507
2023-03-06,ICICI Pru Liquid Fund - Regular - Growth,108.17166512624745,Mutual Fund,120507
2023-03-07,ICICI Pru Liquid Fund - Regular - Growth,108.15500689951567,Mutual Fund,120507
2023-03-08,ICICI Pru Liquid Fund - Regular - Growth,108.18821836415526,Mutual Fund,120507
2023-03-09,ICICI Pru Liquid Fund - Regular - Growth,108.22485946371019,Mutual Fund,120507
2023-03-10,ICICI Pru Liquid Fund - Regular - Growth,108.2769689166589,Mutual Fund,120507
2023-03-13,ICICI Pru Liquid Fund - Regular - Growth,108.35109102636034,Mutual Fund,120507
2023-03-14,ICICI Pru Liquid Fund - Regular - Growth,108.37579839626079,Mutual Fund,120507
2023-03-15,ICICI Pru Liquid Fund - Regular - Growth,108.47550278272888,Mutual Fund,120507
2023-03-16,ICICI Pru Liquid Fund - Regular - Growth,108.44337620260333,Mutual Fund,120507
2023-03-17,ICICI Pru Liquid Fund - Regular - Growth,108.48568669865104,Mutual Fund,120507
2023-03-20,ICICI Pru Liquid Fund - Regular - Growth,108.48638662414399,Mutual Fund,120507
2023-03-21,ICICI Pru Liquid Fund - Regular - Growth,108.44922058046933,Mutual Fund,120507
2023-03-22,ICICI Pru Liquid Fund - Regular - Growth,108.47028833780654,Mutual Fund,120507
2023-03-23,ICICI Pru Liquid Fund - Regular - Growth,108.44848565870173,Mutual Fund,120507
2023-03-24,ICICI Pru Liquid Fund - Regular - Growth,108.47095326702481,Mutual Fund,120507
2023-03-27,ICICI Pru Liquid Fund - Regular - Growth,108.50010516380539,Mutual Fund,120507
2023-03-28,ICICI Pru Liquid Fund - Regular - Growth,108.56635311171135,Mutual Fund,120507
2023-03-29,ICICI Pru Liquid Fund - Regular - Growth,108.5428006188742,Mutual Fund,120507
2023-03-30,ICICI Pru Liquid Fund - Regular - Growth,108.60187433047759,Mutual Fund,120507
2023-03-31,ICICI Pru Liquid Fund - Regular - Growth,108.6332309925609,Mutual Fund,120507
2023-04-03,ICICI Pru Liquid Fund - Regular - Growth,108.69650425712187,Mutual Fund,120507
2023-04-04,ICICI Pru Liquid Fund - Regular - Growth,108.70973284893827,Mutual Fund,120507
2023-04-05,ICICI Pru Liquid Fund - Regular - Growth,108.69216471906572,Mutual Fund,120507
2023-04-06,ICICI Pru Liquid Fund - Regular - Growth,108.67851617195355,Mutual Fund,120507
2023-04-07,ICICI Pru Liquid Fund - Regular - Growth,108.66234789306684,Mutual Fund,120507
2023-04-10,ICICI Pru Liquid Fund - Regular - Growth,108.70672316931869,Mutual Fund,120507
2023-04-11,ICICI Pru Liquid Fund - Regular - Growth,108.78535979844955,Mutual Fund,120507
2023-04-12,ICICI Pru Liquid Fund - Regular - Growth,108.79407387083653,Mutual Fund,120507
2023-04-13,ICICI Pru Liquid Fund - Regular - Growth,108.84369858828538,Mutual Fund,120507
2023-04-14,ICICI Pru Liquid Fund - Regular - Growth,108.81955115877923,Mutual Fund,120507
2023-04-17,ICICI Pru Liquid Fund - Regular - Growth,108.85381251165822,Mutual Fund,120507
2023-04-18,ICICI Pru Liquid Fund - Regular - Growth,108.90480208381828,Mutual Fund,120507
2023-04-19,ICICI Pru Liquid Fund - Regular - Growth,108.883244378636,Mutual Fund,120507
2023-04-20,ICICI Pru Liquid Fund - Regular - Growth,108.90434713224788,Mutual Fund,120507
2023-04-21,ICICI Pru Liquid Fund - Regular - Growth,108.95698152931632,Mutual Fund,120507
2023-04-24,ICICI Pru Liquid Fund - Regular - Growth,108.884434251974,Mutual Fund,120507
2023-04-25,ICICI Pru Liquid Fund - Regular - Growth,108.95834638402755,Mutual Fund,120507
2023-04-26,ICICI Pru Liquid Fund - Regular - Growth,108.99859209987109,Mutual Fund,120507
2023-04-27,ICICI Pru Liquid Fund - Regular - Growth,109.05133148576347,Mutual Fund,120507
2023-04-28,ICICI Pru Liquid Fund - Regular - Growth,109.06529499934743,Mutual Fund,120507
2023-05-01,ICICI Pru Liquid Fund - Regular - Growth,109.03425330373591,Mutual Fund,120507
2023-05-02,ICICI Pru Liquid Fund - Regular - Growth,109.08072835646657,Mutual Fund,120507
2023-05-03,ICICI Pru Liquid Fund - Regular - Growth,109.10603066303604,Mutual Fund,120507
2023-05-04,ICICI Pru Liquid Fund - Regular - Growth,109.13525255236591,Mutual Fund,120507
2023-05-05,ICICI Pru Liquid Fund - Regular - Growth,109.20083557105357,Mutual Fund,120507
2023-05-08,ICICI Pru Liquid Fund - Regular - Growth,109.25521978185432,Mutual Fund,120507
2023-05-09,ICICI Pru Liquid Fund - Regular - Growth,109.34953474202685,Mutual Fund,120507
2023-05-10,ICICI Pru Liquid Fund - Regular - Growth,109.38306117313826,Mutual Fund,120507
2023-05-11,ICICI Pru Liquid Fund - Regular - Growth,109.38747070374373,Mutual Fund,120507
2023-05-12,ICICI Pru Liquid Fund - Regular - Growth,109.40916839402462,Mutual Fund,120507
2023-05-15,ICICI Pru Liquid Fund - Regular - Growth,109.45172386399484,Mutual Fund,120507
2023-05-16,ICICI Pru Liquid Fund - Regular - Growth,109.51499712855583,Mutual Fund,120507
2023-05-17,ICICI Pru Liquid Fund - Regular - Growth,109.49266950533134,Mutual Fund,120507
2023-05-18,ICICI Pru Liquid Fund - Regular - Growth,109.52119146916827,Mutual Fund,120507
2023-05-19,ICICI Pru Liquid Fund - Regular - Growth,109.6050075469468,Mutual Fund,120507
2023-05-22,ICICI Pru Liquid Fund - Regular - Growth,109.62499041976996,Mutual Fund,120507
2023-05-23,ICICI Pru Liquid Fund - Regular - Growth,109.6854289860846,Mutual Fund,120507
2023-05-24,ICICI Pru Liquid Fund - Regular - Growth,109.73074916175192,Mutual Fund,120507
2023-05-25,ICICI Pru Liquid Fund - Regular - Growth,109.79209763120734,Mutual Fund,120507
2023-05-26,ICICI Pru Liquid Fund - Regular - Growth,109.7924475939538,Mutual Fund,120507
2023-05-29,ICICI Pru Liquid Fund - Regular - Growth,109.79290254552419,Mutual Fund,120507
2023-05-30,ICICI Pru Liquid Fund - Regular - Growth,109.82191445720618,Mutual Fund,120507
2023-05-31,ICICI Pru Liquid Fund - Regular - Growth,109.79724208358034,Mutual Fund,120507
2023-06-01,ICICI Pru Liquid Fund - Regular - Growth,109.81624506071344,Mutual Fund,120507
2023-06-02,ICICI Pru Liquid Fund - Regular - Growth,109.8533411118388,Mutual Fund,120507
2023-06-05,ICICI Pru Liquid Fund - Regular - Growth,109.94345651905371,Mutual Fund,120507
2023-06-06,ICICI Pru Liquid Fund - Regular - Growth,109.98576701510142,Mutual Fund,120507
2023-06-07,ICICI Pru Liquid Fund - Regular - Growth,110.03581168784598,Mutual Fund,120507
2023-06-08,ICICI Pru Liquid Fund - Regular - Growth,110.10454437125183,Mutual Fund,120507
2023-06-09,ICICI Pru Liquid Fund - Regular - Growth,110.09950490770272,Mutual Fund,120507
2023-06-12,ICICI Pru Liquid Fund - Regular - Growth,110.12218249367369,Mutual Fund,120507
2023-06-13,ICICI Pru Liquid Fund - Regular - Growth,110.2347655092117,Mutual Fund,120507
2023-06-14,ICICI Pru Liquid Fund - Regular - Growth,110.26045277480227,Mutual Fund,120507
2023-06-15,ICICI Pru Liquid Fund - Regular - Growth,110.3276806183983,Mutual Fund,120507
2023-06-16,ICICI Pru Liquid Fund - Regular - Growth,110.38965902079738,Mutual Fund,120507
2023-06-19,ICICI Pru Liquid Fund - Regular - Growth,110.3667364609039,Mutual Fund,120507
2023-06-20,ICICI Pru Liquid Fund - Regular - Growth,110.40600228105734,Mutual Fund,120507
2023-06-21,ICICI Pru Liquid Fund - Regular - Growth,110.43959870471805,Mutual Fund,120507
2023-06-22,ICICI Pru Liquid Fund - Regular - Growth,110.47956445036439,Mutual Fund,120507
2023-06-23,ICICI Pru Liquid Fund - Regular - Growth,110.48180421194178,Mutual Fund,120507
2023-06-26,ICICI Pru Liquid Fund - Regular - Growth,110.47144531464639,Mutual Fund,120507
2023-06-27,ICICI Pru Liquid Fund - Regular - Growth,110.48337904430088,Mutual Fund,120507
2023-06-28,ICICI Pru Liquid Fund - Regular - Growth,110.50847137322248,Mutual Fund,120507
2023-06-29,ICICI Pru Liquid Fund - Regular - Growth,110.57825394486771,Mutual Fund,120507
2023-06-30,ICICI Pru Liquid Fund - Regular - Growth,110.67011916581495,Mutual Fund,120507
2023-07-03,ICICI Pru Liquid Fund - Regular - Growth,110.74735594395992,Mutual Fund,120507
2023-07-04,ICICI Pru Liquid Fund - Regular - Growth,110.80593970771827,Mutual Fund,120507
2023-07-05,ICICI Pru Liquid Fund - Regular - Growth,110.79946539690863,Mutual Fund,120507
2023-07-06,ICICI Pru Liquid Fund - Regular - Growth,110.81377887323909,Mutual Fund,120507
2023-07-07,ICICI Pru Liquid Fund - Regular - Growth,110.84972004730113,Mutual Fund,120507
2023-07-10,ICICI Pru Liquid Fund - Regular - Growth,110.85622935438542,Mutual Fund,120507
2023-07-11,ICICI Pru Liquid Fund - Regular - Growth,110.90497916496807,Mutual Fund,120507
2023-07-12,ICICI Pru Liquid Fund - Regular - Growth,110.95876843909984,Mutual Fund,120507
2023-07-13,ICICI Pru Liquid Fund - Regular - Growth,111.00611839869663,Mutual Fund,120507
2023-07-14,ICICI Pru Liquid Fund - Regular - Growth,111.07061653287025,Mutual Fund,120507
2023-07-17,ICICI Pru Liquid Fund - Regular - Growth,111.06764184952529,Mutual Fund,120507
2023-07-18,ICICI Pru Liquid Fund - Regular - Growth,111.12892032643143,Mutual Fund,120507
2023-07-19,ICICI Pru Liquid Fund - Regular - Growth,111.13325986448758,Mutual Fund,120507
2023-07-20,ICICI Pru Liquid Fund - Regular - Growth,111.12899031898071,Mutual Fund,120507
2023-07-21,ICICI Pru Liquid Fund - Regular - Growth,111.17627028602821,Mutual Fund,120507
2023-07-24,ICICI Pru Liquid Fund - Regular - Growth,111.24755769748329,Mutual Fund,120507
2023-07-25,ICICI Pru Liquid Fund - Regular - Growth,111.29336782099564,Mutual Fund,120507
2023-07-26,ICICI Pru Liquid Fund - Regular - Growth,111.32279968797339,Mutual Fund,120507
2023-07-27,ICICI Pru Liquid Fund - Regular - Growth,111.36238047459865,Mutual Fund,120507
2023-07-28,ICICI Pru Liquid Fund - Regular - Growth,111.39590690571006,Mutual Fund,120507
2023-07-31,ICICI Pru Liquid Fund - Regular - Growth,111.38512805311893,Mutual Fund,120507
2023-08-01,ICICI Pru Liquid Fund - Regular - Growth,111.37025463639414,Mutual Fund,120507
2023-08-02,ICICI Pru Liquid Fund - Regular - Growth,111.3962218721819,Mutual Fund,120507
2023-08-03,ICICI Pru Liquid Fund - Regular - Growth,111.42778851191308,Mutual Fund,120507
2023-08-04,ICICI Pru Liquid Fund - Regular - Growth,111.45690541241902,Mutual Fund,120507
2023-08-07,ICICI Pru Liquid Fund - Regular - Growth,111.50939982438888,Mutual Fund,120507
2023-08-08,ICICI Pru Liquid Fund - Regular - Growth,111.53060756682468,Mutual Fund,120507
2023-08-09,ICICI Pru Liquid Fund - Regular - Growth,111.57914739975949,Mutual Fund,120507
2023-08-10,ICICI Pru Liquid Fund - Regular - Growth,111.60287487396987,Mutual Fund,120507
2023-08-11,ICICI Pru Liquid Fund - Regular - Growth,111.69578998315653,Mutual Fund,120507
2023-08-14,ICICI Pru Liquid Fund - Regular - Growth,111.72742661543703,Mutual Fund,120507
2023-08-15,ICICI Pru Liquid Fund - Regular - Growth,111.83867977253846,Mutual Fund,120507
2023-08-16,ICICI Pru Liquid Fund - Regular - Growth,111.87994038034672,Mutual Fund,120507
2023-08-17,ICICI Pru Liquid Fund - Regular - Growth,111.90125311160648,Mutual Fund,120507
2023-08-18,ICICI Pru Liquid Fund - Regular - Growth,111.89841841336012,Mutual Fund,120507
2023-08-21,ICICI Pru Liquid Fund - Regular - Growth,111.87644075288206,Mutual Fund,120507
2023-08-22,ICICI Pru Liquid Fund - Regular - Growth,111.87035140109356,Mutual Fund,120507
2023-08-23,ICICI Pru Liquid Fund - Regular - Growth,111.86821662834015,Mutual Fund,120507
2023-08-24,ICICI Pru Liquid Fund - Regular - Growth,111.91101707223288,Mutual Fund,120507
2023-08-25,ICICI Pru Liquid Fund - Regular - Growth,111.92130597697894,Mutual Fund,120507
2023-08-28,ICICI Pru Liquid Fund - Regular - Growth,111.95679219947054,Mutual Fund,120507
2023-08-29,ICICI Pru Liquid Fund - Regular - Growth,112.03087931289733,Mutual Fund,120507
2023-08-30,ICICI Pru Liquid Fund - Regular - Growth,112.05670656358649,Mutual Fund,120507
2023-08-31,ICICI Pru Liquid Fund - Regular - Growth,112.15903567065304,Mutual Fund,120507
2023-09-01,ICICI Pru Liquid Fund - Regular - Growth,112.14640201550563,Mutual Fund,120507
2023-09-04,ICICI Pru Liquid Fund - Regular - Growth,112.17002450089207,Mutual Fund,120507
2023-09-05,ICICI Pru Liquid Fund - Regular - Growth,112.17989345034238,Mutual Fund,120507
2023-09-06,ICICI Pru Liquid Fund - Regular - Growth,112.24194184529075,Mutual Fund,120507
2023-09-07,ICICI Pru Liquid Fund - Regular - Growth,112.19172219117294,Mutual Fund,120507
2023-09-08,ICICI Pru Liquid Fund - Regular - Growth,112.16967453814559,Mutual Fund,120507
2023-09-11,ICICI Pru Liquid Fund - Regular - Growth,112.19480186334185,Mutual Fund,120507
2023-09-12,ICICI Pru Liquid Fund - Regular - Growth,112.27861794112037,Mutual Fund,120507
2023-09-13,ICICI Pru Liquid Fund - Regular - Growth,112.31557400714716,Mutual Fund,120507
2023-09-14,ICICI Pru Liquid Fund - Regular - Growth,112.29671101511268,Mutual Fund,120507
2023-09-15,ICICI Pru Liquid Fund - Regular - Growth,112.2833424381977,Mutual Fund,120507
2023-09-18,ICICI Pru Liquid Fund - Regular - Growth,112.37149805403239,Mutual Fund,120507
2023-09-19,ICICI Pru Liquid Fund - Regular - Growth,112.3784973089617,Mutual Fund,120507
2023-09-20,ICICI Pru Liquid Fund - Regular - Growth,112.37412277463088,Mutual Fund,120507
2023-09-21,ICICI Pru Liquid Fund - Regular - Growth,112.45541912063486,Mutual Fund,120507
2023-09-22,ICICI Pru Liquid Fund - Regular - Growth,112.52026721755493,Mutual Fund,120507
2023-09-25,ICICI Pru Liquid Fund - Regular - Growth,112.59445931980565,Mutual Fund,120507
2023-09-26,ICICI Pru Liquid Fund - Regular - Growth,112.58980481527765,Mutual Fund,120507
2023-09-27,ICICI Pru Liquid Fund - Regular - Growth,112.56478247890536,Mutual Fund,120507
2023-09-28,ICICI Pru Liquid Fund - Regular - Growth,112.59851888766464,Mutual Fund,120507
2023-09-29,ICICI Pru Liquid Fund - Regular - Growth,112.63946452900113,Mutual Fund,120507
2023-10-02,ICICI Pru Liquid Fund - Regular - Growth,112.681460058577,Mutual Fund,120507
2023-10-03,ICICI Pru Liquid Fund - Regular - Growth,112.76303637477815,Mutual Fund,120507
2023-10-04,ICICI Pru Liquid Fund - Regular - Growth,112.73052483563151,Mutual Fund,120507
2023-10-05,ICICI Pru Liquid Fund - Regular - Growth,112.79015848762923,Mutual Fund,120507
2023-10-06,ICICI Pru Liquid Fund - Regular - Growth,112.78028953817889,Mutual Fund,120507
2023-10-09,ICICI Pru Liquid Fund - Regular - Growth,112.83978320507806,Mutual Fund,120507
2023-10-10,ICICI Pru Liquid Fund - Regular - Growth,112.85203190120437,Mutual Fund,120507
2023-10-11,ICICI Pru Liquid Fund - Regular - Growth,112.8522068825776,Mutual Fund,120507
2023-10-12,ICICI Pru Liquid Fund - Regular - Growth,112.85962609280269,Mutual Fund,120507
2023-10-13,ICICI Pru Liquid Fund - Regular - Growth,112.83736846212746,Mutual Fund,120507
2023-10-16,ICICI Pru Liquid Fund - Regular - Growth,112.86788521361926,Mutual Fund,120507
2023-10-17,ICICI Pru Liquid Fund - Regular - Growth,112.86953003852767,Mutual Fund,120507
2023-10-18,ICICI Pru Liquid Fund - Regular - Growth,112.9266089624762,Mutual Fund,120507
2023-10-19,ICICI Pru Liquid Fund - Regular - Growth,112.97854343405169,Mutual Fund,120507
2023-10-20,ICICI Pru Liquid Fund - Regular - Growth,113.06778393440042,Mutual Fund,120507
2023-10-23,ICICI Pru Liquid Fund - Regular - Growth,113.10998944162418,Mutual Fund,120507
2023-10-24,ICICI Pru Liquid Fund - Regular - Growth,113.15772436024207,Mutual Fund,120507
2023-10-25,ICICI Pru Liquid Fund - Regular - Growth,113.23685093721795,Mutual Fund,120507
2023-10-26,ICICI Pru Liquid Fund - Regular - Growth,113.24367521077406,Mutual Fund,120507
2023-10-27,ICICI Pru Liquid Fund - Regular - Growth,113.2198077514651,Mutual Fund,120507
2023-10-30,ICICI Pru Liquid Fund - Regular - Growth,113.25613388454823,Mutual Fund,120507
2023-10-31,ICICI Pru Liquid Fund - Regular - Growth,113.23461117564058,Mutual Fund,120507
2023-11-01,ICICI Pru Liquid Fund - Regular - Growth,113.35139374413616,Mutual Fund,120507
2023-11-02,ICICI Pru Liquid Fund - Regular - Growth,113.43262009759083,Mutual Fund,120507
2023-11-03,ICICI Pru Liquid Fund - Regular - Growth,113.5392537464389,Mutual Fund,120507
2023-11-06,ICICI Pru Liquid Fund - Regular - Growth,113.57078538989545,Mutual Fund,120507
2023-11-07,ICICI Pru Liquid Fund - Regular - Growth,113.61978017440066,Mutual Fund,120507
2023-11-08,ICICI Pru Liquid Fund - Regular - Growth,113.63262380719597,Mutual Fund,120507
2023-11-09,ICICI Pru Liquid Fund - Regular - Growth,113.69355232135561,Mutual Fund,120507
2023-11-10,ICICI Pru Liquid Fund - Regular - Growth,113.67937883012378,Mutual Fund,120507
2023-11-13,ICICI Pru Liquid Fund - Regular - Growth,113.61764540164725,Mutual Fund,120507
2023-11-14,ICICI Pru Liquid Fund - Regular - Growth,113.61866029361198,Mutual Fund,120507
2023-11-15,ICICI Pru Liquid Fund - Regular - Growth,113.59587771881708,Mutual Fund,120507
2023-11-16,ICICI Pru Liquid Fund - Regular - Growth,113.67808396796187,Mutual Fund,120507
2023-11-17,ICICI Pru Liquid Fund - Regular - Growth,113.77246892068365,Mutual Fund,120507
2023-11-20,ICICI Pru Liquid Fund - Regular - Growth,113.75154114844501,Mutual Fund,120507
2023-11-21,ICICI Pru Liquid Fund - Regular - Growth,113.82716809795626,Mutual Fund,120507
2023-11-22,ICICI Pru Liquid Fund - Regular - Growth,113.89065134016512,Mutual Fund,120507
2023-11-23,ICICI Pru Liquid Fund - Regular - Growth,113.86373920496192,Mutual Fund,120507
2023-11-24,ICICI Pru Liquid Fund - Regular - Growth,113.87910256953175,Mutual Fund,120507
2023-11-27,ICICI Pru Liquid Fund - Regular - Growth,113.88767665682016,Mutual Fund,120507
2023-11-28,ICICI Pru Liquid Fund - Regular - Growth,113.94388067390253,Mutual Fund,120507
2023-11-29,ICICI Pru Liquid Fund - Regular - Growth,113.929182238551,Mutual Fund,120507
2023-11-30,ICICI Pru Liquid Fund - Regular - Growth,113.95500948924018,Mutual Fund,120507
2023-12-01,ICICI Pru Liquid Fund - Regular - Growth,113.95980397886673,Mutual Fund,120507
2023-12-04,ICICI Pru Liquid Fund - Regular - Growth,114.00620903904807,Mutual Fund,120507
2023-12-05,ICICI Pru Liquid Fund - Regular - Growth,114.027801740505,Mutual Fund,120507
2023-12-06,ICICI Pru Liquid Fund - Regular - Growth,114.03802065270179,Mutual Fund,120507
2023-12-07,ICICI Pru Liquid Fund - Regular - Growth,114.05975333925728,Mutual Fund,120507
2023-12-08,ICICI Pru Liquid Fund - Regular - Growth,114.16236241652102,Mutual Fund,120507
2023-12-11,ICICI Pru Liquid Fund - Regular - Growth,114.17681587795005,Mutual Fund,120507
2023-12-12,ICICI Pru Liquid Fund - Regular - Growth,114.16883672733063,Mutual Fund,120507
2023-12-13,ICICI Pru Liquid Fund - Regular - Growth,114.21930135537097,Mutual Fund,120507
2023-12-14,ICICI Pru Liquid Fund - Regular - Growth,114.24358876997567,Mutual Fund,120507
2023-12-15,ICICI Pru Liquid Fund - Regular - Growth,114.22213605361733,Mutual Fund,120507
2023-12-18,ICICI Pru Liquid Fund - Regular - Growth,114.33191936718362,Mutual Fund,120507
2023-12-19,ICICI Pru Liquid Fund - Regular - Growth,114.34871757901395,Mutual Fund,120507
2023-12-20,ICICI Pru Liquid Fund - Regular - Growth,114.36460588770348,Mutual Fund,120507
2023-12-21,ICICI Pru Liquid Fund - Regular - Growth,114.39988213254719,Mutual Fund,120507
2023-12-22,ICICI Pru Liquid Fund - Regular - Growth,114.49174735349443,Mutual Fund,120507
2023-12-25,ICICI Pru Liquid Fund - Regular - Growth,114.46070565788293,Mutual Fund,120507
2023-12-26,ICICI Pru Liquid Fund - Regular - Growth,114.50021645195889,Mutual Fund,120507
2023-12-27,ICICI Pru Liquid Fund - Regular - Growth,114.60506529079998,Mutual Fund,120507
2023-12-28,ICICI Pru Liquid Fund - Regular - Growth,114.63925665112968,Mutual Fund,120507
2023-12-29,ICICI Pru Liquid Fund - Regular - Growth,114.62424324930629,Mutual Fund,120507
2024-01-01,ICICI Pru Liquid Fund - Regular - Growth,114.63148747815815,Mutual Fund,120507
2024-01-02,ICICI Pru Liquid Fund - Regular - Growth,114.66851353673422,Mutual Fund,120507
2024-01-03,ICICI Pru Liquid Fund - Regular - Growth,114.74617027017496,Mutual Fund,120507
2024-01-04,ICICI Pru Liquid Fund - Regular - Growth,114.76352842239965,Mutual Fund,120507
2024-01-05,ICICI Pru Liquid Fund - Regular - Growth,114.82302208929882,Mutual Fund,120507
2024-01-08,ICICI Pru Liquid Fund - Regular - Growth,114.80072946234894,Mutual Fund,120507
2024-01-09,ICICI Pru Liquid Fund - Regular - Growth,114.77812186892726,Mutual Fund,120507
2024-01-10,ICICI Pru Liquid Fund - Regular - Growth,114.79030057250428,Mutual Fund,120507
2024-01-11,ICICI Pru Liquid Fund - Regular - Growth,114.87191188498007,Mutual Fund,120507
2024-01-12,ICICI Pru Liquid Fund - Regular - Growth,114.9040384651056,Mutual Fund,120507
2024-01-15,ICICI Pru Liquid Fund - Regular - Growth,114.94417919212523,Mutual Fund,120507
2024-01-16,ICICI Pru Liquid Fund - Regular - Growth,114.98389996384905,Mutual Fund,120507
2024-01-17,ICICI Pru Liquid Fund - Regular - Growth,115.05375252804357,Mutual Fund,120507
2024-01-18,ICICI Pru Liquid Fund - Regular - Growth,115.06131172336724,Mutual Fund,120507
2024-01-19,ICICI Pru Liquid Fund - Regular - Growth,115.11594090809052,Mutual Fund,120507
2024-01-22,ICICI Pru Liquid Fund - Regular - Growth,115.11552095279478,Mutual Fund,120507
2024-01-23,ICICI Pru Liquid Fund - Regular - Growth,115.21715013436837,Mutual Fund,120507
2024-01-24,ICICI Pru Liquid Fund - Regular - Growth,115.21785005986129,Mutual Fund,120507
2024-01-25,ICICI Pru Liquid Fund - Regular - Growth,115.21554030573462,Mutual Fund,120507
2024-01-26,ICICI Pru Liquid Fund - Regular - Growth,115.26520001945808,Mutual Fund,120507
2024-01-29,ICICI Pru Liquid Fund - Regular - Growth,115.29785154370333,Mutual Fund,120507
2024-01-30,ICICI Pru Liquid Fund - Regular - Growth,115.3394621142581,Mutual Fund,120507
2024-01-31,ICICI Pru Liquid Fund - Regular - Growth,115.37746806852427,Mutual Fund,120507
2024-02-01,ICICI Pru Liquid Fund - Regular - Growth,115.36759911907393,Mutual Fund,120507
2024-02-02,ICICI Pru Liquid Fund - Regular - Growth,115.4560347051058,Mutual Fund,120507
2024-02-05,ICICI Pru Liquid Fund - Regular - Growth,115.51832807397669,Mutual Fund,120507
2024-02-06,ICICI Pru Liquid Fund - Regular - Growth,115.59759463605117,Mutual Fund,120507
2024-02-07,ICICI Pru Liquid Fund - Regular - Growth,115.60816351099443,Mutual Fund,120507
2024-02-08,ICICI Pru Liquid Fund - Regular - Growth,115.65316872018991,Mutual Fund,120507
2024-02-09,ICICI Pru Liquid Fund - Regular - Growth,115.69019477876597,Mutual Fund,120507
2024-02-12,ICICI Pru Liquid Fund - Regular - Growth,115.76116722374921,Mutual Fund,120507
2024-02-13,ICICI Pru Liquid Fund - Regular - Growth,115.8333295420704,Mutual Fund,120507
2024-02-14,ICICI Pru Liquid Fund - Regular - Growth,115.87025061182253,Mutual Fund,120507
2024-02-15,ICICI Pru Liquid Fund - Regular - Growth,115.84477332387983,Mutual Fund,120507
2024-02-16,ICICI Pru Liquid Fund - Regular - Growth,115.939613228172,Mutual Fund,120507
2024-02-19,ICICI Pru Liquid Fund - Regular - Growth,115.98983288228983,Mutual Fund,120507
2024-02-20,ICICI Pru Liquid Fund - Regular - Growth,115.99753206271205,Mutual Fund,120507
2024-02-21,ICICI Pru Liquid Fund - Regular - Growth,116.04229229798501,Mutual Fund,120507
2024-02-22,ICICI Pru Liquid Fund - Regular - Growth,116.01702498769019,Mutual Fund,120507
2024-02-23,ICICI Pru Liquid Fund - Regular - Growth,116.08551269717353,Mutual Fund,120507
2024-02-26,ICICI Pru Liquid Fund - Regular - Growth,116.06168023413923,Mutual Fund,120507
2024-02-27,ICICI Pru Liquid Fund - Regular - Growth,116.08355290579333,Mutual Fund,120507
2024-02-28,ICICI Pru Liquid Fund - Regular - Growth,116.12243376692564,Mutual Fund,120507
2024-02-29,ICICI Pru Liquid Fund - Regular - Growth,116.19039653228928,Mutual Fund,120507
2024-03-01,ICICI Pru Liquid Fund - Regular - Growth,116.22427292614717,Mutual Fund,120507
2024-03-04,ICICI Pru Liquid Fund - Regular - Growth,116.2775022598846,Mutual Fund,120507
2024-03-05,ICICI Pru Liquid Fund - Regular - Growth,116.30647917529195,Mutual Fund,120507
2024-03-06,ICICI Pru Liquid Fund - Regular - Growth,116.33528110932608,Mutual Fund,120507
2024-03-07,ICICI Pru Liquid Fund - Regular - Growth,116.36842258141635,Mutual Fund,120507
2024-03-08,ICICI Pru Liquid Fund - Regular - Growth,116.3915201226831,Mutual Fund,120507
2024-03-11,ICICI Pru Liquid Fund - Regular - Growth,116.35970850902937,Mutual Fund,120507
2024-03-12,ICICI Pru Liquid Fund - Regular - Growth,116.36156331158564,Mutual Fund,120507
2024-03-13,ICICI Pru Liquid Fund - Regular - Growth,116.40054916154192,Mutual Fund,120507
2024-03-14,ICICI Pru Liquid Fund - Regular - Growth,116.42144193750592,Mutual Fund,120507
2024-03-15,ICICI Pru Liquid Fund - Regular - Growth,116.44576434838527,Mutual Fund,120507
2024-03-18,ICICI Pru Liquid Fund - Regular - Growth,116.46396241120149,Mutual Fund,120507
2024-03-19,ICICI Pru Liquid Fund - Regular - Growth,116.46231758629311,Mutual Fund,120507
2024-03-20,ICICI Pru Liquid Fund - Regular - Growth,116.4742513159476,Mutual Fund,120507
2024-03-21,ICICI Pru Liquid Fund - Regular - Growth,116.49304431543281,Mutual Fund,120507
2024-03-22,ICICI Pru Liquid Fund - Regular - Growth,116.52328109672744,Mutual Fund,120507
2024-03-25,ICICI Pru Liquid Fund - Regular - Growth,116.56779635807789,Mutual Fund,120507
2024-03-26,ICICI Pru Liquid Fund - Regular - Growth,116.59124386209108,Mutual Fund,120507
2024-03-27,ICICI Pru Liquid Fund - Regular - Growth,116.58350968539418,Mutual Fund,120507
2024-03-28,ICICI Pru Liquid Fund - Regular - Growth,116.56223195040907,Mutual Fund,120507
2024-03-29,ICICI Pru Liquid Fund - Regular - Growth,116.68772859129162,Mutual Fund,120507
2024-04-01,ICICI Pru Liquid Fund - Regular - Growth,116.6762848094822,Mutual Fund,120507
2024-04-02,ICICI Pru Liquid Fund - Regular - Growth,116.68734363227054,Mutual Fund,120507
2024-04-03,ICICI Pru Liquid Fund - Regular - Growth,116.73644340559966,Mutual Fund,120507
2024-04-04,ICICI Pru Liquid Fund - Regular - Growth,116.7798387861614,Mutual Fund,120507
2024-04-05,ICICI Pru Liquid Fund - Regular - Growth,116.82911354086379,Mutual Fund,120507
2024-04-08,ICICI Pru Liquid Fund - Regular - Growth,116.8429720656238,Mutual Fund,120507
2024-04-09,ICICI Pru Liquid Fund - Regular - Growth,116.88188792303076,Mutual Fund,120507
2024-04-10,ICICI Pru Liquid Fund - Regular - Growth,116.9142944733535,Mutual Fund,120507
2024-04-11,ICICI Pru Liquid Fund - Regular - Growth,116.93298248401476,Mutual Fund,120507
2024-04-12,ICICI Pru Liquid Fund - Regular - Growth,116.97217831161892,Mutual Fund,120507
2024-04-15,ICICI Pru Liquid Fund - Regular - Growth,117.04126095777126,Mutual Fund,120507
2024-04-16,ICICI Pru Liquid Fund - Regular - Growth,117.07062283219972,Mutual Fund,120507
2024-04-17,ICICI Pru Liquid Fund - Regular - Growth,117.10026467682535,Mutual Fund,120507
2024-04-18,ICICI Pru Liquid Fund - Regular - Growth,117.16987226709736,Mutual Fund,120507
2024-04-19,ICICI Pru Liquid Fund - Regular - Growth,117.23559527088364,Mutual Fund,120507
2024-04-22,ICICI Pru Liquid Fund - Regular - Growth,117.3243458233873,Mutual Fund,120507
2024-04-23,ICICI Pru Liquid Fund - Regular - Growth,117.28973450776185,Mutual Fund,120507
2024-04-24,ICICI Pru Liquid Fund - Regular - Growth,117.35342772761861,Mutual Fund,120507
2024-04-25,ICICI Pru Liquid Fund - Regular - Growth,117.4059571358631,Mutual Fund,120507
2024-04-26,ICICI Pru Liquid Fund - Regular - Growth,117.4034724003632,Mutual Fund,120507
2024-04-29,ICICI Pru Liquid Fund - Regular - Growth,117.44308818326313,Mutual Fund,120507
2024-04-30,ICICI Pru Liquid Fund - Regular - Growth,117.51227581823937,Mutual Fund,120507
2024-05-01,ICICI Pru Liquid Fund - Regular - Growth,117.51189085921825,Mutual Fund,120507
2024-05-02,ICICI Pru Liquid Fund - Regular - Growth,117.55857588959677,Mutual Fund,120507
2024-05-03,ICICI Pru Liquid Fund - Regular - Growth,117.62118422493948,Mutual Fund,120507
2024-05-06,ICICI Pru Liquid Fund - Regular - Growth,117.61184021960884,Mutual Fund,120507
2024-05-07,ICICI Pru Liquid Fund - Regular - Growth,117.63693254853045,Mutual Fund,120507
2024-05-08,ICICI Pru Liquid Fund - Regular - Growth,117.67843813026128,Mutual Fund,120507
2024-05-09,ICICI Pru Liquid Fund - Regular - Growth,117.67927804085281,Mutual Fund,120507
2024-05-10,ICICI Pru Liquid Fund - Regular - Growth,117.67703827927545,Mutual Fund,120507
2024-05-13,ICICI Pru Liquid Fund - Regular - Growth,117.70237558211956,Mutual Fund,120507
2024-05-14,ICICI Pru Liquid Fund - Regular - Growth,117.7624641856877,Mutual Fund,120507
2024-05-15,ICICI Pru Liquid Fund - Regular - Growth,117.8167434076645,Mutual Fund,120507
2024-05-16,ICICI Pru Liquid Fund - Regular - Growth,117.8151685753054,Mutual Fund,120507
2024-05-17,ICICI Pru Liquid Fund - Regular - Growth,117.86976276375405,Mutual Fund,120507
2024-05-20,ICICI Pru Liquid Fund - Regular - Growth,117.86913283081041,Mutual Fund,120507
2024-05-21,ICICI Pru Liquid Fund - Regular - Growth,117.83977095638194,Mutual Fund,120507
2024-05-22,ICICI Pru Liquid Fund - Regular - Growth,117.85653417193767,Mutual Fund,120507
2024-05-23,ICICI Pru Liquid Fund - Regular - Growth,117.92866149398424,Mutual Fund,120507
2024-05-24,ICICI Pru Liquid Fund - Regular - Growth,117.98343066380612,Mutual Fund,120507
2024-05-27,ICICI Pru Liquid Fund - Regular - Growth,118.01380743019936,Mutual Fund,120507
2024-05-28,ICICI Pru Liquid Fund - Regular - Growth,118.0287858357481,Mutual Fund,120507
2024-05-29,ICICI Pru Liquid Fund - Regular - Growth,118.0447091407123,Mutual Fund,120507
2024-05-30,ICICI Pru Liquid Fund - Regular - Growth,118.0792154675138,Mutual Fund,120507
2024-05-31,ICICI Pru Liquid Fund - Regular - Growth,118.06994145473246,Mutual Fund,120507
2024-06-03,ICICI Pru Liquid Fund - Regular - Growth,118.08743959205574,Mutual Fund,120507
2024-06-04,ICICI Pru Liquid Fund - Regular - Growth,118.10990720037884,Mutual Fund,120507
2024-06-05,ICICI Pru Liquid Fund - Regular - Growth,118.09009930892888,Mutual Fund,120507
2024-06-06,ICICI Pru Liquid Fund - Regular - Growth,118.08936438716131,Mutual Fund,120507
2024-06-07,ICICI Pru Liquid Fund - Regular - Growth,118.13510451812436,Mutual Fund,120507
2024-06-10,ICICI Pru Liquid Fund - Regular - Growth,118.165936236088,Mutual Fund,120507
2024-06-11,ICICI Pru Liquid Fund - Regular - Growth,118.18493921322109,Mutual Fund,120507
2024-06-12,ICICI Pru Liquid Fund - Regular - Growth,118.18147458203107,Mutual Fund,120507
2024-06-13,ICICI Pru Liquid Fund - Regular - Growth,118.27071508237982,Mutual Fund,120507
2024-06-14,ICICI Pru Liquid Fund - Regular - Growth,118.26998016061225,Mutual Fund,120507
2024-06-17,ICICI Pru Liquid Fund - Regular - Growth,118.30987591370933,Mutual Fund,120507
2024-06-18,ICICI Pru Liquid Fund - Regular - Growth,118.32222959865955,Mutual Fund,120507
2024-06-19,ICICI Pru Liquid Fund - Regular - Growth,118.35407620858793,Mutual Fund,120507
2024-06-20,ICICI Pru Liquid Fund - Regular - Growth,118.40167114210726,Mutual Fund,120507
2024-06-21,ICICI Pru Liquid Fund - Regular - Growth,118.38112832888974,Mutual Fund,120507
2024-06-24,ICICI Pru Liquid Fund - Regular - Growth,118.41143510273365,Mutual Fund,120507
2024-06-25,ICICI Pru Liquid Fund - Regular - Growth,118.48639712302659,Mutual Fund,120507
2024-06-26,ICICI Pru Liquid Fund - Regular - Growth,118.5827418671286,Mutual Fund,120507
2024-06-27,ICICI Pru Liquid Fund - Regular - Growth,118.60846412899382,Mutual Fund,120507
2024-06-28,ICICI Pru Liquid Fund - Regular - Growth,118.64062570539402,Mutual Fund,120507
2024-07-01,ICICI Pru Liquid Fund - Regular - Growth,118.75390864642496,Mutual Fund,120507
2024-07-02,ICICI Pru Liquid Fund - Regular - Growth,118.82701586416162,Mutual Fund,120507
2024-07-03,ICICI Pru Liquid Fund - Regular - Growth,118.83457505948527,Mutual Fund,120507
2024-07-04,ICICI Pru Liquid Fund - Regular - Growth,118.84206426225965,Mutual Fund,120507
2024-07-05,ICICI Pru Liquid Fund - Regular - Growth,118.90852218781349,Mutual Fund,120507
2024-07-08,ICICI Pru Liquid Fund - Regular - Growth,118.90131295523629,Mutual Fund,120507
2024-07-09,ICICI Pru Liquid Fund - Regular - Growth,118.97274035178992,Mutual Fund,120507
2024-07-10,ICICI Pru Liquid Fund - Regular - Growth,119.0159957472531,Mutual Fund,120507
2024-07-11,ICICI Pru Liquid Fund - Regular - Growth,119.06611041254698,Mutual Fund,120507
2024-07-12,ICICI Pru Liquid Fund - Regular - Growth,119.08717816988421,Mutual Fund,120507
2024-07-15,ICICI Pru Liquid Fund - Regular - Growth,119.09428241363746,Mutual Fund,120507
2024-07-16,ICICI Pru Liquid Fund - Regular - Growth,119.17984830514831,Mutual Fund,120507
2024-07-17,ICICI Pru Liquid Fund - Regular - Growth,119.20133601778132,Mutual Fund,120507
2024-07-18,ICICI Pru Liquid Fund - Regular - Growth,119.21666438607652,Mutual Fund,120507
2024-07-19,ICICI Pru Liquid Fund - Regular - Growth,119.24441643187123,Mutual Fund,120507
2024-07-22,ICICI Pru Liquid Fund - Regular - Growth,119.28242238613743,Mutual Fund,120507
2024-07-23,ICICI Pru Liquid Fund - Regular - Growth,119.27447823179264,Mutual Fund,120507
2024-07-24,ICICI Pru Liquid Fund - Regular - Growth,119.2839972184965,Mutual Fund,120507
2024-07-25,ICICI Pru Liquid Fund - Regular - Growth,119.29155641382016,Mutual Fund,120507
2024-07-26,ICICI Pru Liquid Fund - Regular - Growth,119.35409475661358,Mutual Fund,120507
2024-07-29,ICICI Pru Liquid Fund - Regular - Growth,119.35157502483902,Mutual Fund,120507
2024-07-30,ICICI Pru Liquid Fund - Regular - Growth,119.31636877254459,Mutual Fund,120507
2024-07-31,ICICI Pru Liquid Fund - Regular - Growth,119.27321836590536,Mutual Fund,120507
2024-08-01,ICICI Pru Liquid Fund - Regular - Growth,119.24875596992743,Mutual Fund,120507
2024-08-02,ICICI Pru Liquid Fund - Regular - Growth,119.33068224887504,Mutual Fund,120507
2024-08-05,ICICI Pru Liquid Fund - Regular - Growth,119.362073907233,Mutual Fund,120507
2024-08-06,ICICI Pru Liquid Fund - Regular - Growth,119.41169862468182,Mutual Fund,120507
2024-08-07,ICICI Pru Liquid Fund - Regular - Growth,119.46268819684185,Mutual Fund,120507
2024-08-08,ICICI Pru Liquid Fund - Regular - Growth,119.49561969128428,Mutual Fund,120507
2024-08-09,ICICI Pru Liquid Fund - Regular - Growth,119.52365170727617,Mutual Fund,120507
2024-08-12,ICICI Pru Liquid Fund - Regular - Growth,119.59381923794253,Mutual Fund,120507
2024-08-13,ICICI Pru Liquid Fund - Regular - Growth,119.63018036730031,Mutual Fund,120507
2024-08-14,ICICI Pru Liquid Fund - Regular - Growth,119.71378646743096,Mutual Fund,120507
2024-08-15,ICICI Pru Liquid Fund - Regular - Growth,119.76806568940779,Mutual Fund,120507
2024-08-16,ICICI Pru Liquid Fund - Regular - Growth,119.77565988100606,Mutual Fund,120507
2024-08-19,ICICI Pru Liquid Fund - Regular - Growth,119.78780358830845,Mutual Fund,120507
2024-08-20,ICICI Pru Liquid Fund - Regular - Growth,119.79126821949843,Mutual Fund,120507
2024-08-21,ICICI Pru Liquid Fund - Regular - Growth,119.86812003862231,Mutual Fund,120507
2024-08-22,ICICI Pru Liquid Fund - Regular - Growth,119.88372837711468,Mutual Fund,120507
2024-08-23,ICICI Pru Liquid Fund - Regular - Growth,119.88453329143154,Mutual Fund,120507
2024-08-26,ICICI Pru Liquid Fund - Regular - Growth,119.92750871669753,Mutual Fund,120507
2024-08-27,ICICI Pru Liquid Fund - Regular - Growth,119.95480581092184,Mutual Fund,120507
2024-08-28,ICICI Pru Liquid Fund - Regular - Growth,119.99687133304701,Mutual Fund,120507
2024-08-29,ICICI Pru Liquid Fund - Regular - Growth,120.09927043266286,Mutual Fund,120507
2024-08-30,ICICI Pru Liquid Fund - Regular - Growth,120.16481845507587,Mutual Fund,120507
2024-09-02,ICICI Pru Liquid Fund - Regular - Growth,120.19684004637747,Mutual Fund,120507
2024-09-03,ICICI Pru Liquid Fund - Regular - Growth,120.17451242315296,Mutual Fund,120507
2024-09-04,ICICI Pru Liquid Fund - Regular - Growth,120.18658613790603,Mutual Fund,120507
2024-09-05,ICICI Pru Liquid Fund - Regular - Growth,120.24453996872073,Mutual Fund,120507
2024-09-06,ICICI Pru Liquid Fund - Regular - Growth,120.23120638808041,Mutual Fund,120507
2024-09-09,ICICI Pru Liquid Fund - Regular - Growth,120.34333445204798,Mutual Fund,120507
2024-09-10,ICICI Pru Liquid Fund - Regular - Growth,120.37493608805383,Mutual Fund,120507
2024-09-11,ICICI Pru Liquid Fund - Regular - Growth,120.4078325862216,Mutual Fund,120507
2024-09-12,ICICI Pru Liquid Fund - Regular - Growth,120.41360697153827,Mutual Fund,120507
2024-09-13,ICICI Pru Liquid Fund - Regular - Growth,120.46351165918428,Mutual Fund,120507
2024-09-16,ICICI Pru Liquid Fund - Regular - Growth,120.45066802638897,Mutual Fund,120507
2024-09-17,ICICI Pru Liquid Fund - Regular - Growth,120.56391597114526,Mutual Fund,120507
2024-09-18,ICICI Pru Liquid Fund - Regular - Growth,120.64507233205065,Mutual Fund,120507
2024-09-19,ICICI Pru Liquid Fund - Regular - Growth,120.7135950378086,Mutual Fund,120507
2024-09-20,ICICI Pru Liquid Fund - Regular - Growth,120.69186235125309,Mutual Fund,120507
2024-09-23,ICICI Pru Liquid Fund - Regular - Growth,120.7308132049347,Mutual Fund,120507
2024-09-24,ICICI Pru Liquid Fund - Regular - Growth,120.80797999053037,Mutual Fund,120507
2024-09-25,ICICI Pru Liquid Fund - Regular - Growth,120.86169927211283,Mutual Fund,120507
2024-09-26,ICICI Pru Liquid Fund - Regular - Growth,120.85473501345815,Mutual Fund,120507
2024-09-27,ICICI Pru Liquid Fund - Regular - Growth,120.86117432799313,Mutual Fund,120507
2024-09-30,ICICI Pru Liquid Fund - Regular - Growth,120.87513784157709,Mutual Fund,120507
2024-10-01,ICICI Pru Liquid Fund - Regular - Growth,120.88332696984439,Mutual Fund,120507
2024-10-02,ICICI Pru Liquid Fund - Regular - Growth,120.97274245156635,Mutual Fund,120507
2024-10-03,ICICI Pru Liquid Fund - Regular - Growth,120.93078191826511,Mutual Fund,120507
2024-10-04,ICICI Pru Liquid Fund - Regular - Growth,120.98695093907286,Mutual Fund,120507
2024-10-07,ICICI Pru Liquid Fund - Regular - Growth,120.96892785762986,Mutual Fund,120507
2024-10-08,ICICI Pru Liquid Fund - Regular - Growth,120.96350343505964,Mutual Fund,120507
2024-10-09,ICICI Pru Liquid Fund - Regular - Growth,120.91814826311771,Mutual Fund,120507
2024-10-10,ICICI Pru Liquid Fund - Regular - Growth,120.92840217158913,Mutual Fund,120507
2024-10-11,ICICI Pru Liquid Fund - Regular - Growth,121.01718772036747,Mutual Fund,120507
2024-10-14,ICICI Pru Liquid Fund - Regular - Growth,121.05848332445042,Mutual Fund,120507
2024-10-15,ICICI Pru Liquid Fund - Regular - Growth,121.04402986302136,Mutual Fund,120507
2024-10-16,ICICI Pru Liquid Fund - Regular - Growth,121.11405740858916,Mutual Fund,120507
2024-10-17,ICICI Pru Liquid Fund - Regular - Growth,121.19227408242423,Mutual Fund,120507
2024-10-18,ICICI Pru Liquid Fund - Regular - Growth,121.22751533099331,Mutual Fund,120507
2024-10-21,ICICI Pru Liquid Fund - Regular - Growth,121.33652872651734,Mutual Fund,120507
2024-10-22,ICICI Pru Liquid Fund - Regular - Growth,121.399242050684,Mutual Fund,120507
2024-10-23,ICICI Pru Liquid Fund - Regular - Growth,121.456670937379,Mutual Fund,120507
2024-10-24,ICICI Pru Liquid Fund - Regular - Growth,121.45726587404799,Mutual Fund,120507
2024-10-25,ICICI Pru Liquid Fund - Regular - Growth,121.51262998053885,Mutual Fund,120507
2024-10-28,ICICI Pru Liquid Fund - Regular - Growth,121.55224576343875,Mutual Fund,120507
2024-10-29,ICICI Pru Liquid Fund - Regular - Growth,121.60351530579597,Mutual Fund,120507
2024-10-30,ICICI Pru Liquid Fund - Regular - Growth,121.60865975816901,Mutual Fund,120507
2024-10-31,ICICI Pru Liquid Fund - Regular - Growth,121.64495089497748,Mutual Fund,120507
2024-11-01,ICICI Pru Liquid Fund - Regular - Growth,121.64502088752678,Mutual Fund,120507
2024-11-04,ICICI Pru Liquid Fund - Regular - Growth,121.59413630419067,Mutual Fund,120507
2024-11-05,ICICI Pru Liquid Fund - Regular - Growth,121.66377889073733,Mutual Fund,120507
2024-11-06,ICICI Pru Liquid Fund - Regular - Growth,121.63756668102705,Mutual Fund,120507
2024-11-07,ICICI Pru Liquid Fund - Regular - Growth,121.67305290351868,Mutual Fund,120507
2024-11-08,ICICI Pru Liquid Fund - Regular - Growth,121.71721820212262,Mutual Fund,120507
2024-11-11,ICICI Pru Liquid Fund - Regular - Growth,121.76113852680406,Mutual Fund,120507
2024-11-12,ICICI Pru Liquid Fund - Regular - Growth,121.78168134002159,Mutual Fund,120507
2024-11-13,ICICI Pru Liquid Fund - Regular - Growth,121.82350188822424,Mutual Fund,120507
2024-11-14,ICICI Pru Liquid Fund - Regular - Growth,121.87302161684912,Mutual Fund,120507
2024-11-15,ICICI Pru Liquid Fund - Regular - Growth,121.93269026512152,Mutual Fund,120507
2024-11-18,ICICI Pru Liquid Fund - Regular - Growth,122.0307498266812,Mutual Fund,120507
2024-11-19,ICICI Pru Liquid Fund - Regular - Growth,122.07124051644729,Mutual Fund,120507
2024-11-20,ICICI Pru Liquid Fund - Regular - Growth,122.10518690285448,Mutual Fund,120507
2024-11-21,ICICI Pru Liquid Fund - Regular - Growth,122.10179226421376,Mutual Fund,120507
2024-11-22,ICICI Pru Liquid Fund - Regular - Growth,122.15008712322602,Mutual Fund,120507
2024-11-25,ICICI Pru Liquid Fund - Regular - Growth,122.20727103599852,Mutual Fund,120507
2024-11-26,ICICI Pru Liquid Fund - Regular - Growth,122.23138346923,Mutual Fund,120507
2024-11-27,ICICI Pru Liquid Fund - Regular - Growth,122.28391287747449,Mutual Fund,120507
2024-11-28,ICICI Pru Liquid Fund - Regular - Growth,122.30417572049485,Mutual Fund,120507
2024-11-29,ICICI Pru Liquid Fund - Regular - Growth,122.36160460718983,Mutual Fund,120507
2024-12-02,ICICI Pru Liquid Fund - Regular - Growth,122.42834250294084,Mutual Fund,120507
2024-12-03,ICICI Pru Liquid Fund - Regular - Growth,122.49459045084679,Mutual Fund,120507
2024-12-04,ICICI Pru Liquid Fund - Regular - Growth,122.53074160255667,Mutual Fund,120507
2024-12-05,ICICI Pru Liquid Fund - Regular - Growth,122.52220251154293,Mutual Fund,120507
2024-12-06,ICICI Pru Liquid Fund - Regular - Growth,122.53018166216233,Mutual Fund,120507
2024-12-09,ICICI Pru Liquid Fund - Regular - Growth,122.58477585061098,Mutual Fund,120507
2024-12-10,ICICI Pru Liquid Fund - Regular - Growth,122.71100741326113,Mutual Fund,120507
2024-12-11,ICICI Pru Liquid Fund - Regular - Growth,122.72948544627451,Mutual Fund,120507
2024-12-12,ICICI Pru Liquid Fund - Regular - Growth,122.77879519725153,Mutual Fund,120507
2024-12-13,ICICI Pru Liquid Fund - Regular - Growth,122.78894411689902,Mutual Fund,120507
2024-12-16,ICICI Pru Liquid Fund - Regular - Growth,122.78295975393445,Mutual Fund,120507
2024-12-17,ICICI Pru Liquid Fund - Regular - Growth,122.78845416905395,Mutual Fund,120507
2024-12-18,ICICI Pru Liquid Fund - Regular - Growth,122.73959936964735,Mutual Fund,120507
2024-12-19,ICICI Pru Liquid Fund - Regular - Growth,122.82362542507374,Mutual Fund,120507
2024-12-20,ICICI Pru Liquid Fund - Regular - Growth,122.7690312366251,Mutual Fund,120507
2024-12-23,ICICI Pru Liquid Fund - Regular - Growth,122.79051894925807,Mutual Fund,120507
2024-12-24,ICICI Pru Liquid Fund - Regular - Growth,122.77662542822341,Mutual Fund,120507
2024-12-25,ICICI Pru Liquid Fund - Regular - Growth,122.7740707001742,Mutual Fund,120507
2024-12-26,ICICI Pru Liquid Fund - Regular - Growth,122.85900665874144,Mutual Fund,120507
2024-12-27,ICICI Pru Liquid Fund - Regular - Growth,122.89848245654275,Mutual Fund,120507
2024-12-30,ICICI Pru Liquid Fund - Regular - Growth,122.89281306005002,Mutual Fund,120507
2024-12-31,ICICI Pru Liquid Fund - Regular - Growth,122.90170211381025,Mutual Fund,120507
2025-01-01,ICICI Pru Liquid Fund - Regular - Growth,122.90376689401438,Mutual Fund,120507
2025-01-02,ICICI Pru Liquid Fund - Regular - Growth,122.93379369766113,Mutual Fund,120507
2025-01-03,ICICI Pru Liquid Fund - Regular - Growth,122.9721846109484,Mutual Fund,120507
2025-01-06,ICICI Pru Liquid Fund - Regular - Growth,123.07738341253598,Mutual Fund,120507
2025-01-07,ICICI Pru Liquid Fund - Regular - Growth,123.0348629388404,Mutual Fund,120507
2025-01-08,ICICI Pru Liquid Fund - Regular - Growth,123.06523970523362,Mutual Fund,120507
2025-01-09,ICICI Pru Liquid Fund - Regular - Growth,123.0847676264864,Mutual Fund,120507
2025-01-10,ICICI Pru Liquid Fund - Regular - Growth,123.15322033969507,Mutual Fund,120507
2025-01-13,ICICI Pru Liquid Fund - Regular - Growth,123.19875049301025,Mutual Fund,120507
2025-01-14,ICICI Pru Liquid Fund - Regular - Growth,123.25344967028282,Mutual Fund,120507
2025-01-15,ICICI Pru Liquid Fund - Regular - Growth,123.29866485712616,Mutual Fund,120507
2025-01-16,ICICI Pru Liquid Fund - Regular - Growth,123.2942553265207,Mutual Fund,120507
2025-01-17,ICICI Pru Liquid Fund - Regular - Growth,123.37313692957406,Mutual Fund,120507
2025-01-20,ICICI Pru Liquid Fund - Regular - Growth,123.43599023883927,Mutual Fund,120507
2025-01-21,ICICI Pru Liquid Fund - Regular - Growth,123.50342806008318,Mutual Fund,120507
2025-01-22,ICICI Pru Liquid Fund - Regular - Growth,123.58447943216464,Mutual Fund,120507
2025-01-23,ICICI Pru Liquid Fund - Regular - Growth,123.63263430607832,Mutual Fund,120507
2025-01-24,ICICI Pru Liquid Fund - Regular - Growth,123.7222247691735,Mutual Fund,120507
2025-01-27,ICICI Pru Liquid Fund - Regular - Growth,123.76887480327738,Mutual Fund,120507
2025-01-28,ICICI Pru Liquid Fund - Regular - Growth,123.79225231474126,Mutual Fund,120507
2025-01-29,ICICI Pru Liquid Fund - Regular - Growth,123.82392394329639,Mutual Fund,120507
2025-01-30,ICICI Pru Liquid Fund - Regular - Growth,123.85493064263326,Mutual Fund,120507
2025-01-31,ICICI Pru Liquid Fund - Regular - Growth,123.8666193983652,Mutual Fund,120507
2025-02-03,ICICI Pru Liquid Fund - Regular - Growth,123.96229921324895,Mutual Fund,120507
2025-02-04,ICICI Pru Liquid Fund - Regular - Growth,124.00583457890926,Mutual Fund,120507
2025-02-05,ICICI Pru Liquid Fund - Regular - Growth,124.04153077904874,Mutual Fund,120507
2025-02-06,ICICI Pru Liquid Fund - Regular - Growth,124.08870575727231,Mutual Fund,120507
2025-02-07,ICICI Pru Liquid Fund - Regular - Growth,124.23726494314697,Mutual Fund,120507
2025-02-10,ICICI Pru Liquid Fund - Regular - Growth,124.22501624702069,Mutual Fund,120507
2025-02-11,ICICI Pru Liquid Fund - Regular - Growth,124.22400135505593,Mutual Fund,120507
2025-02-12,ICICI Pru Liquid Fund - Regular - Growth,124.20202369457789,Mutual Fund,120507
2025-02-13,ICICI Pru Liquid Fund - Regular - Growth,124.22498125074604,Mutual Fund,120507
2025-02-14,ICICI Pru Liquid Fund - Regular - Growth,124.26662681757547,Mutual Fund,120507
2025-02-17,ICICI Pru Liquid Fund - Regular - Growth,124.28045034606086,Mutual Fund,120507
2025-02-18,ICICI Pru Liquid Fund - Regular - Growth,124.29140418002522,Mutual Fund,120507
2025-02-19,ICICI Pru Liquid Fund - Regular - Growth,124.32902517527027,Mutual Fund,120507
2025-02-20,ICICI Pru Liquid Fund - Regular - Growth,124.34144885276982,Mutual Fund,120507
2025-02-21,ICICI Pru Liquid Fund - Regular - Growth,124.38568414392306,Mutual Fund,120507
2025-02-24,ICICI Pru Liquid Fund - Regular - Growth,124.46141608225825,Mutual Fund,120507
2025-02-25,ICICI Pru Liquid Fund - Regular - Growth,124.52006983856587,Mutual Fund,120507
2025-02-26,ICICI Pru Liquid Fund - Regular - Growth,124.58677273804221,Mutual Fund,120507
2025-02-27,ICICI Pru Liquid Fund - Regular - Growth,124.66155977696194,Mutual Fund,120507
2025-02-28,ICICI Pru Liquid Fund - Regular - Growth,124.70481517242511,Mutual Fund,120507
2025-03-03,ICICI Pru Liquid Fund - Regular - Growth,124.73074741193821,Mutual Fund,120507
2025-03-04,ICICI Pru Liquid Fund - Regular - Growth,124.73256721821984,Mutual Fund,120507
2025-03-05,ICICI Pru Liquid Fund - Regular - Growth,124.74940042632485,Mutual Fund,120507
2025-03-06,ICICI Pru Liquid Fund - Regular - Growth,124.76098419323287,Mutual Fund,120507
2025-03-07,ICICI Pru Liquid Fund - Regular - Growth,124.82194770366716,Mutual Fund,120507
2025-03-10,ICICI Pru Liquid Fund - Regular - Growth,124.86779282345415,Mutual Fund,120507
2025-03-11,ICICI Pru Liquid Fund - Regular - Growth,124.92739147917726,Mutual Fund,120507
2025-03-12,ICICI Pru Liquid Fund - Regular - Growth,124.91395290971299,Mutual Fund,120507
2025-03-13,ICICI Pru Liquid Fund - Regular - Growth,125.00256347711809,Mutual Fund,120507
2025-03-14,ICICI Pru Liquid Fund - Regular - Growth,125.01799683423722,Mutual Fund,120507
2025-03-17,ICICI Pru Liquid Fund - Regular - Growth,125.00690301517426,Mutual Fund,120507
2025-03-18,ICICI Pru Liquid Fund - Regular - Growth,125.02188142072296,Mutual Fund,120507
2025-03-19,ICICI Pru Liquid Fund - Regular - Growth,125.15199756985889,Mutual Fund,120507
2025-03-20,ICICI Pru Liquid Fund - Regular - Growth,125.16897076306246,Mutual Fund,120507
2025-03-21,ICICI Pru Liquid Fund - Regular - Growth,125.18846368804057,Mutual Fund,120507
2025-03-24,ICICI Pru Liquid Fund - Regular - Growth,125.21317105794105,Mutual Fund,120507
2025-03-25,ICICI Pru Liquid Fund - Regular - Growth,125.23962824157384,Mutual Fund,120507
2025-03-26,ICICI Pru Liquid Fund - Regular - Growth,125.24109808510902,Mutual Fund,120507
2025-03-27,ICICI Pru Liquid Fund - Regular - Growth,125.2790340468259,Mutual Fund,120507
2025-03-28,ICICI Pru Liquid Fund - Regular - Growth,125.3538210857456,Mutual Fund,120507
2025-03-31,ICICI Pru Liquid Fund - Regular - Growth,125.39858132101855,Mutual Fund,120507
2025-04-01,ICICI Pru Liquid Fund - Regular - Growth,125.38703255038519,Mutual Fund,120507
2025-04-02,ICICI Pru Liquid Fund - Regular - Growth,125.40579055359575,Mutual Fund,120507
2025-04-03,ICICI Pru Liquid Fund - Regular - Growth,125.41635942853904,Mutual Fund,120507
2025-04-04,ICICI Pru Liquid Fund - Regular - Growth,125.45079576279123,Mutual Fund,120507
2025-04-07,ICICI Pru Liquid Fund - Regular - Growth,125.53573172135846,Mutual Fund,120507
2025-04-08,ICICI Pru Liquid Fund - Regular - Growth,125.56225889754056,Mutual Fund,120507
2025-04-09,ICICI Pru Liquid Fund - Regular - Growth,125.59113082412397,Mutual Fund,120507
2025-04-10,ICICI Pru Liquid Fund - Regular - Growth,125.69391488276092,Mutual Fund,120507
2025-04-11,ICICI Pru Liquid Fund - Regular - Growth,125.76103773753302,Mutual Fund,120507
2025-04-14,ICICI Pru Liquid Fund - Regular - Growth,125.81622686265064,Mutual Fund,120507
2025-04-15,ICICI Pru Liquid Fund - Regular - Growth,125.92632514268874,Mutual Fund,120507
2025-04-16,ICICI Pru Liquid Fund - Regular - Growth,125.97822461798958,Mutual Fund,120507
2025-04-17,ICICI Pru Liquid Fund - Regular - Growth,125.93192454663217,Mutual Fund,120507
2025-04-18,ICICI Pru Liquid Fund - Regular - Growth,125.99743757277055,Mutual Fund,120507
2025-04-21,ICICI Pru Liquid Fund - Regular - Growth,125.96678083618016,Mutual Fund,120507
2025-04-22,ICICI Pru Liquid Fund - Regular - Growth,126.01721046794583,Mutual Fund,120507
2025-04-23,ICICI Pru Liquid Fund - Regular - Growth,125.98168924917957,Mutual Fund,120507
2025-04-24,ICICI Pru Liquid Fund - Regular - Growth,125.99565276276353,Mutual Fund,120507
2025-04-25,ICICI Pru Liquid Fund - Regular - Growth,126.01371084048117,Mutual Fund,120507
2025-04-28,ICICI Pru Liquid Fund - Regular - Growth,126.01567063186138,Mutual Fund,120507
2025-04-29,ICICI Pru Liquid Fund - Regular - Growth,126.034323646248,Mutual Fund,120507
2025-04-30,ICICI Pru Liquid Fund - Regular - Growth,126.10785081928044,Mutual Fund,120507
2025-05-01,ICICI Pru Liquid Fund - Regular - Growth,126.1120153759634,Mutual Fund,120507
2025-05-02,ICICI Pru Liquid Fund - Regular - Growth,126.16618960911627,Mutual Fund,120507
2025-05-05,ICICI Pru Liquid Fund - Regular - Growth,126.16038022752494,Mutual Fund,120507
2025-05-06,ICICI Pru Liquid Fund - Regular - Growth,126.18540256389723,Mutual Fund,120507
2025-05-07,ICICI Pru Liquid Fund - Regular - Growth,126.23082772838848,Mutual Fund,120507
2025-05-08,ICICI Pru Liquid Fund - Regular - Growth,126.22375848090988,Mutual Fund,120507
2025-05-09,ICICI Pru Liquid Fund - Regular - Growth,126.20416056710779,Mutual Fund,120507
2025-05-12,ICICI Pru Liquid Fund - Regular - Growth,126.25627002005653,Mutual Fund,120507
2025-05-13,ICICI Pru Liquid Fund - Regular - Growth,126.33354179447616,Mutual Fund,120507
2025-05-14,ICICI Pru Liquid Fund - Regular - Growth,126.36297366145392,Mutual Fund,120507
2025-05-15,ICICI Pru Liquid Fund - Regular - Growth,126.37735713033366,Mutual Fund,120507
2025-05-16,ICICI Pru Liquid Fund - Regular - Growth,126.4161679989167,Mutual Fund,120507
2025-05-19,ICICI Pru Liquid Fund - Regular - Growth,126.45098929219003,Mutual Fund,120507
2025-05-20,ICICI Pru Liquid Fund - Regular - Growth,126.49329978823774,Mutual Fund,120507
2025-05-21,ICICI Pru Liquid Fund - Regular - Growth,126.42519703777553,Mutual Fund,120507
2025-05-22,ICICI Pru Liquid Fund - Regular - Growth,126.41522309950126,Mutual Fund,120507
2025-05-23,ICICI Pru Liquid Fund - Regular - Growth,126.4142082075365,Mutual Fund,120507
2025-05-26,ICICI Pru Liquid Fund - Regular - Growth,126.45280909847165,Mutual Fund,120507
2025-05-27,ICICI Pru Liquid Fund - Regular - Growth,126.4928448366673,Mutual Fund,120507
2025-05-28,ICICI Pru Liquid Fund - Regular - Growth,126.55083366375666,Mutual Fund,120507
2025-05-29,ICICI Pru Liquid Fund - Regular - Growth,126.59373909647333,Mutual Fund,120507
2025-05-30,ICICI Pru Liquid Fund - Regular - Growth,126.57452614169237,Mutual Fund,120507
2025-06-02,ICICI Pru Liquid Fund - Regular - Growth,126.66488652282982,Mutual Fund,120507
2025-06-03,ICICI Pru Liquid Fund - Regular - Growth,126.74835263786186,Mutual Fund,120507
2025-06-04,ICICI Pru Liquid Fund - Regular - Growth,126.73081950426395,Mutual Fund,120507
2025-06-05,ICICI Pru Liquid Fund - Regular - Growth,126.7767696128749,Mutual Fund,120507
2025-06-06,ICICI Pru Liquid Fund - Regular - Growth,126.78569366290976,Mutual Fund,120507
2025-06-09,ICICI Pru Liquid Fund - Regular - Growth,126.82397958737315,Mutual Fund,120507
2025-06-10,ICICI Pru Liquid Fund - Regular - Growth,126.89876662629283,Mutual Fund,120507
2025-06-11,ICICI Pru Liquid Fund - Regular - Growth,127.01670407185173,Mutual Fund,120507
2025-06-12,ICICI Pru Liquid Fund - Regular - Growth,127.07952238484232,Mutual Fund,120507
2025-06-13,ICICI Pru Liquid Fund - Regular - Growth,127.12410763874206,Mutual Fund,120507
2025-06-16,ICICI Pru Liquid Fund - Regular - Growth,127.14332059352303,Mutual Fund,120507
2025-06-17,ICICI Pru Liquid Fund - Regular - Growth,127.18339132799335,Mutual Fund,120507
2025-06-18,ICICI Pru Liquid Fund - Regular - Growth,127.27070703323653,Mutual Fund,120507
2025-06-19,ICICI Pru Liquid Fund - Regular - Growth,127.30174872884803,Mutual Fund,120507
2025-06-20,ICICI Pru Liquid Fund - Regular - Growth,127.29905401570025,Mutual Fund,120507
2025-06-23,ICICI Pru Liquid Fund - Regular - Growth,127.26696243184936,Mutual Fund,120507
2025-06-24,ICICI Pru Liquid Fund - Regular - Growth,127.32036674696003,Mutual Fund,120507
2025-06-25,ICICI Pru Liquid Fund - Regular - Growth,127.36313219457816,Mutual Fund,120507
2025-06-26,ICICI Pru Liquid Fund - Regular - Growth,127.37006145695817,Mutual Fund,120507
2025-06-27,ICICI Pru Liquid Fund - Regular - Growth,127.44411357411029,Mutual Fund,120507
2025-06-30,ICICI Pru Liquid Fund - Regular - Growth,127.46003687907448,Mutual Fund,120507
2025-07-01,ICICI Pru Liquid Fund - Regular - Growth,127.487508954672,Mutual Fund,120507
2025-07-02,ICICI Pru Liquid Fund - Regular - Growth,127.5197405236215,Mutual Fund,120507
2025-07-03,ICICI Pru Liquid Fund - Regular - Growth,127.53853352310671,Mutual Fund,120507
2025-07-04,ICICI Pru Liquid Fund - Regular - Growth,127.58091401170371,Mutual Fund,120507
2025-07-07,ICICI Pru Liquid Fund - Regular - Growth,127.66011058122888,Mutual Fund,120507
2025-07-08,ICICI Pru Liquid Fund - Regular - Growth,127.64709196706036,Mutual Fund,120507
2025-07-09,ICICI Pru Liquid Fund - Regular - Growth,127.69969136785416,Mutual Fund,120507
2025-07-10,ICICI Pru Liquid Fund - Regular - Growth,127.73955212467658,Mutual Fund,120507
2025-07-11,ICICI Pru Liquid Fund - Regular - Growth,127.77867795973141,Mutual Fund,120507
2025-07-14,ICICI Pru Liquid Fund - Regular - Growth,127.84674571391899,Mutual Fund,120507
2025-07-15,ICICI Pru Liquid Fund - Regular - Growth,127.88170699229093,Mutual Fund,120507
2025-07-16,ICICI Pru Liquid Fund - Regular - Growth,127.93406141916219,Mutual Fund,120507
2025-07-17,ICICI Pru Liquid Fund - Regular - Growth,127.99593483273732,Mutual Fund,120507
2025-07-18,ICICI Pru Liquid Fund - Regular - Growth,128.00860348415938,Mutual Fund,120507
2025-07-21,ICICI Pru Liquid Fund - Regular - Growth,128.05367868590417,Mutual Fund,120507
2025-07-22,ICICI Pru Liquid Fund - Regular - Growth,128.07660124579766,Mutual Fund,120507
2025-07-23,ICICI Pru Liquid Fund - Regular - Growth,128.1042832990431,Mutual Fund,120507
2025-07-24,ICICI Pru Liquid Fund - Regular - Growth,128.12433616441555,Mutual Fund,120507
2025-07-25,ICICI Pru Liquid Fund - Regular - Growth,128.17641062108967,Mutual Fund,120507
2025-07-28,ICICI Pru Liquid Fund - Regular - Growth,128.21277175044744,Mutual Fund,120507
2025-07-29,ICICI Pru Liquid Fund - Regular - Growth,128.2618015312273,Mutual Fund,120507
2025-07-30,ICICI Pru Liquid Fund - Regular - Growth,128.2941730852754,Mutual Fund,120507
2025-07-31,ICICI Pru Liquid Fund - Regular - Growth,128.26243146417096,Mutual Fund,120507
2025-08-01,ICICI Pru Liquid Fund - Regular - Growth,128.29679780587387,Mutual Fund,120507
2025-08-04,ICICI Pru Liquid Fund - Regular - Growth,128.3324590097387,Mutual Fund,120507
2025-08-05,ICICI Pru Liquid Fund - Regular - Growth,128.3753644424554,Mutual Fund,120507
2025-08-06,ICICI Pru Liquid Fund - Regular - Growth,128.38449847013814,Mutual Fund,120507
2025-08-07,ICICI Pru Liquid Fund - Regular - Growth,128.3692750906669,Mutual Fund,120507
2025-08-08,ICICI Pru Liquid Fund - Regular - Growth,128.42764887677734,Mutual Fund,120507
2025-08-11,ICICI Pru Liquid Fund - Regular - Growth,128.44969652980467,Mutual Fund,120507
2025-08-12,ICICI Pru Liquid Fund - Regular - Growth,128.489767264275,Mutual Fund,120507
2025-08-13,ICICI Pru Liquid Fund - Regular - Growth,128.51153494710513,Mutual Fund,120507
2025-08-14,ICICI Pru Liquid Fund - Regular - Growth,128.54443144527292,Mutual Fund,120507
2025-08-15,ICICI Pru Liquid Fund - Regular - Growth,128.55940985082165,Mutual Fund,120507
2025-08-18,ICICI Pru Liquid Fund - Regular - Growth,128.5533554953078,Mutual Fund,120507
2025-08-19,ICICI Pru Liquid Fund - Regular - Growth,128.60570992217907,Mutual Fund,120507
2025-08-20,ICICI Pru Liquid Fund - Regular - Growth,128.61445899084072,Mutual Fund,120507
2025-08-21,ICICI Pru Liquid Fund - Regular - Growth,128.6542847513885,Mutual Fund,120507
2025-08-22,ICICI Pru Liquid Fund - Regular - Growth,128.7040844502106,Mutual Fund,120507
2025-08-25,ICICI Pru Liquid Fund - Regular - Growth,128.7134984480905,Mutual Fund,120507
2025-08-26,ICICI Pru Liquid Fund - Regular - Growth,128.69789010959815,Mutual Fund,120507
2025-08-27,ICICI Pru Liquid Fund - Regular - Growth,128.8295110985439,Mutual Fund,120507
2025-08-28,ICICI Pru Liquid Fund - Regular - Growth,128.84130484309978,Mutual Fund,120507
2025-08-29,ICICI Pru Liquid Fund - Regular - Growth,128.89985361058348,Mutual Fund,120507
2025-09-01,ICICI Pru Liquid Fund - Regular - Growth,129.01191168200177,Mutual Fund,120507
2025-09-02,ICICI Pru Liquid Fund - Regular - Growth,129.07728472304154,Mutual Fund,120507
2025-09-03,ICICI Pru Liquid Fund - Regular - Growth,129.09838747665344,Mutual Fund,120507
2025-09-04,ICICI Pru Liquid Fund - Regular - Growth,129.1289392244199,Mutual Fund,120507
2025-09-05,ICICI Pru Liquid Fund - Regular - Growth,129.12837928402556,Mutual Fund,120507
2025-09-08,ICICI Pru Liquid Fund - Regular - Growth,129.19756691900182,Mutual Fund,120507
2025-09-09,ICICI Pru Liquid Fund - Regular - Growth,129.25394591745743,Mutual Fund,120507
2025-09-10,ICICI Pru Liquid Fund - Regular - Growth,129.26636959495696,Mutual Fund,120507
2025-09-11,ICICI Pru Liquid Fund - Regular - Growth,129.25727056354884,Mutual Fund,120507
2025-09-12,ICICI Pru Liquid Fund - Regular - Growth,129.23683273915526,Mutual Fund,120507
2025-09-15,ICICI Pru Liquid Fund - Regular - Growth,129.31032491591304,Mutual Fund,120507
2025-09-16,ICICI Pru Liquid Fund - Regular - Growth,129.34861084037638,Mutual Fund,120507
2025-09-17,ICICI Pru Liquid Fund - Regular - Growth,129.3907113587762,Mutual Fund,120507
2025-09-18,ICICI Pru Liquid Fund - Regular - Growth,129.3905713736776,Mutual Fund,120507
2025-09-19,ICICI Pru Liquid Fund - Regular - Growth,129.36428917141802,Mutual Fund,120507
2025-09-22,ICICI Pru Liquid Fund - Regular - Growth,129.43690644130965,Mutual Fund,120507
2025-09-23,ICICI Pru Liquid Fund - Regular - Growth,129.47200770478017,Mutual Fund,120507
2025-09-24,ICICI Pru Liquid Fund - Regular - Growth,129.54242020936903,Mutual Fund,120507
2025-09-25,ICICI Pru Liquid Fund - Regular - Growth,129.56009332806556,Mutual Fund,120507
2025-09-26,ICICI Pru Liquid Fund - Regular - Growth,129.58385579855056,Mutual Fund,120507
2025-09-29,ICICI Pru Liquid Fund - Regular - Growth,129.646394141344,Mutual Fund,120507
2025-09-30,ICICI Pru Liquid Fund - Regular - Growth,129.7097723947289,Mutual Fund,120507
2025-10-01,ICICI Pru Liquid Fund - Regular - Growth,129.77581036498697,Mutual Fund,120507
2025-10-02,ICICI Pru Liquid Fund - Regular - Growth,129.79722808507063,Mutual Fund,120507
2025-10-03,ICICI Pru Liquid Fund - Regular - Growth,129.85584684510363,Mutual Fund,120507
2025-10-06,ICICI Pru Liquid Fund - Regular - Growth,129.934728448157,Mutual Fund,120507
2025-10-07,ICICI Pru Liquid Fund - Regular - Growth,129.96395033748684,Mutual Fund,120507
2025-10-08,ICICI Pru Liquid Fund - Regular - Growth,129.97644400753566,Mutual Fund,120507
2025-10-09,ICICI Pru Liquid Fund - Regular - Growth,130.06498458239147,Mutual Fund,120507
2025-10-10,ICICI Pru Liquid Fund - Regular - Growth,130.07173886339828,Mutual Fund,120507
2025-10-13,ICICI Pru Liquid Fund - Regular - Growth,130.13109254519884,Mutual Fund,120507
2025-10-14,ICICI Pru Liquid Fund - Regular - Growth,130.16223922963428,Mutual Fund,120507
2025-10-15,ICICI Pru Liquid Fund - Regular - Growth,130.1203136926077,Mutual Fund,120507
2025-10-16,ICICI Pru Liquid Fund - Regular - Growth,130.20017519135118,Mutual Fund,120507
2025-10-17,ICICI Pru Liquid Fund - Regular - Growth,130.12069865162883,Mutual Fund,120507
2025-10-20,ICICI Pru Liquid Fund - Regular - Growth,130.07292873673626,Mutual Fund,120507
2025-10-21,ICICI Pru Liquid Fund - Regular - Growth,130.1281178618539,Mutual Fund,120507
2025-10-22,ICICI Pru Liquid Fund - Regular - Growth,130.18327199069688,Mutual Fund,120507
2025-10-23,ICICI Pru Liquid Fund - Regular - Growth,130.1907261971966,Mutual Fund,120507
2025-10-24,ICICI Pru Liquid Fund - Regular - Growth,130.23037697637113,Mutual Fund,120507
2025-10-27,ICICI Pru Liquid Fund - Regular - Growth,130.1601394531555,Mutual Fund,120507
2025-10-28,ICICI Pru Liquid Fund - Regular - Growth,130.22271279222352,Mutual Fund,120507
2025-10-29,ICICI Pru Liquid Fund - Regular - Growth,130.26656312435568,Mutual Fund,120507
2025-10-30,ICICI Pru Liquid Fund - Regular - Growth,130.29826974918547,Mutual Fund,120507
2025-10-31,ICICI Pru Liquid Fund - Regular - Growth,130.33274107971232,Mutual Fund,120507
2025-11-03,ICICI Pru Liquid Fund - Regular - Growth,130.38663534266803,Mutual Fund,120507
2025-11-04,ICICI Pru Liquid Fund - Regular - Growth,130.41907688926537,Mutual Fund,120507
2025-11-05,ICICI Pru Liquid Fund - Regular - Growth,130.37575150125292,Mutual Fund,120507
2025-11-06,ICICI Pru Liquid Fund - Regular - Growth,130.49963831350175,Mutual Fund,120507
2025-11-07,ICICI Pru Liquid Fund - Regular - Growth,130.5826494769634,Mutual Fund,120507
2025-11-10,ICICI Pru Liquid Fund - Regular - Growth,130.56350651473173,Mutual Fund,120507
2025-11-11,ICICI Pru Liquid Fund - Regular - Growth,130.58299943970988,Mutual Fund,120507
2025-11-12,ICICI Pru Liquid Fund - Regular - Growth,130.60697188784275,Mutual Fund,120507
2025-11-13,ICICI Pru Liquid Fund - Regular - Growth,130.68504857657922,Mutual Fund,120507
2025-11-14,ICICI Pru Liquid Fund - Regular - Growth,130.62989444773626,Mutual Fund,120507
2025-11-17,ICICI Pru Liquid Fund - Regular - Growth,130.64305304700338,Mutual Fund,120507
2025-11-18,ICICI Pru Liquid Fund - Regular - Growth,130.60431217096962,Mutual Fund,120507
2025-11-19,ICICI Pru Liquid Fund - Regular - Growth,130.62628983144765,Mutual Fund,120507
2025-11-20,ICICI Pru Liquid Fund - Regular - Growth,130.64053331522877,Mutual Fund,120507
2025-11-21,ICICI Pru Liquid Fund - Regular - Growth,130.67752437753023,Mutual Fund,120507
2025-11-24,ICICI Pru Liquid Fund - Regular - Growth,130.6863084424665,Mutual Fund,120507
2025-11-25,ICICI Pru Liquid Fund - Regular - Growth,130.68910814443822,Mutual Fund,120507
2025-11-26,ICICI Pru Liquid Fund - Regular - Growth,130.74835683741483,Mutual Fund,120507
2025-11-27,ICICI Pru Liquid Fund - Regular - Growth,130.80081625311,Mutual Fund,120507
2025-11-28,ICICI Pru Liquid Fund - Regular - Growth,130.85726524411493,Mutual Fund,120507
2025-12-01,ICICI Pru Liquid Fund - Regular - Growth,130.88372242774773,Mutual Fund,120507
2025-12-02,ICICI Pru Liquid Fund - Regular - Growth,130.89394133994452,Mutual Fund,120507
2025-12-03,ICICI Pru Liquid Fund - Regular - Growth,130.9227782702533,Mutual Fund,120507
2025-12-04,ICICI Pru Liquid Fund - Regular - Growth,130.97723247360335,Mutual Fund,120507
2025-12-05,ICICI Pru Liquid Fund - Regular - Growth,130.92123843416888,Mutual Fund,120507
2025-12-08,ICICI Pru Liquid Fund - Regular - Growth,130.97124811063884,Mutual Fund,120507
2025-12-09,ICICI Pru Liquid Fund - Regular - Growth,131.01779315591875,Mutual Fund,120507
2025-12-10,ICICI Pru Liquid Fund - Regular - Growth,131.05418928155117,Mutual Fund,120507
2025-12-11,ICICI Pru Liquid Fund - Regular - Growth,131.08180134224733,Mutual Fund,120507
2025-12-12,ICICI Pru Liquid Fund - Regular - Growth,131.0097090164754,Mutual Fund,120507
2025-12-15,ICICI Pru Liquid Fund - Regular - Growth,131.02535235124242,Mutual Fund,120507
2025-12-16,ICICI Pru Liquid Fund - Regular - Growth,131.13303588832989,Mutual Fund,120507
2025-12-17,ICICI Pru Liquid Fund - Regular - Growth,131.16740223003282,Mutual Fund,120507
2025-12-18,ICICI Pru Liquid Fund - Regular - Growth,131.18853997991934,Mutual Fund,120507
2025-12-19,ICICI Pru Liquid Fund - Regular - Growth,131.22308130299552,Mutual Fund,120507
2025-12-22,ICICI Pru Liquid Fund - Regular - Growth,131.27158613965562,Mutual Fund,120507
2025-12-23,ICICI Pru Liquid Fund - Regular - Growth,131.33268963518853,Mutual Fund,120507
2025-12-24,ICICI Pru Liquid Fund - Regular - Growth,131.35711703489184,Mutual Fund,120507
2025-12-25,ICICI Pru Liquid Fund - Regular - Growth,131.40859655489695,Mutual Fund,120507
2025-12-26,ICICI Pru Liquid Fund - Regular - Growth,131.5119055576536,Mutual Fund,120507
2025-12-29,ICICI Pru Liquid Fund - Regular - Growth,131.5875325071648,Mutual Fund,120507
2025-12-30,ICICI Pru Liquid Fund - Regular - Growth,131.71855855944153,Mutual Fund,120507
2025-12-31,ICICI Pru Liquid Fund - Regular - Growth,131.7252778441737,Mutual Fund,120507
2026-01-01,ICICI Pru Liquid Fund - Regular - Growth,131.82883182085288,Mutual Fund,120507
2026-01-02,ICICI Pru Liquid Fund - Regular - Growth,131.83002169419086,Mutual Fund,120507
2026-01-05,ICICI Pru Liquid Fund - Regular - Growth,131.87870151222424,Mutual Fund,120507
2026-01-06,ICICI Pru Liquid Fund - Regular - Growth,131.9431646501232,Mutual Fund,120507
2026-01-07,ICICI Pru Liquid Fund - Regular - Growth,131.95597328664388,Mutual Fund,120507
2026-01-08,ICICI Pru Liquid Fund - Regular - Growth,131.9936642744382,Mutual Fund,120507
2026-01-09,ICICI Pru Liquid Fund - Regular - Growth,132.06558161883692,Mutual Fund,120507
2026-01-12,ICICI Pru Liquid Fund - Regular - Growth,132.07009613826634,Mutual Fund,120507
2026-01-13,ICICI Pru Liquid Fund - Regular - Growth,132.1736501149455,Mutual Fund,120507
2026-01-14,ICICI Pru Liquid Fund - Regular - Growth,132.15009762210838,Mutual Fund,120507
2026-01-15,ICICI Pru Liquid Fund - Regular - Growth,132.26499039177304,Mutual Fund,120507
2026-01-16,ICICI Pru Liquid Fund - Regular - Growth,132.34082731893216,Mutual Fund,120507
2026-01-19,ICICI Pru Liquid Fund - Regular - Growth,132.3712390816,Mutual Fund,120507
2026-01-20,ICICI Pru Liquid Fund - Regular - Growth,132.38859723382473,Mutual Fund,120507
2026-01-21,ICICI Pru Liquid Fund - Regular - Growth,132.4015808517186,Mutual Fund,120507
2026-01-22,ICICI Pru Liquid Fund - Regular - Growth,132.43006781928094,Mutual Fund,120507
2026-01-23,ICICI Pru Liquid Fund - Regular - Growth,132.46222939568113,Mutual Fund,120507
2026-01-26,ICICI Pru Liquid Fund - Regular - Growth,132.54877518288208,Mutual Fund,120507
2026-01-27,ICICI Pru Liquid Fund - Regular - Growth,132.66520778863116,Mutual Fund,120507
2026-01-28,ICICI Pru Liquid Fund - Regular - Growth,132.7077632586014,Mutual Fund,120507
2026-01-29,ICICI Pru Liquid Fund - Regular - Growth,132.70664337781272,Mutual Fund,120507
2026-01-30,ICICI Pru Liquid Fund - Regular - Growth,132.71808715962214,Mutual Fund,120507
2026-02-02,ICICI Pru Liquid Fund - Regular - Growth,132.7446493320789,Mutual Fund,120507
2026-02-03,ICICI Pru Liquid Fund - Regular - Growth,132.73583027086795,Mutual Fund,120507
2026-02-04,ICICI Pru Liquid Fund - Regular - Growth,132.72078187276992,Mutual Fund,120507
2026-02-05,ICICI Pru Liquid Fund - Regular - Growth,132.8427438899132,Mutual Fund,120507
2026-02-06,ICICI Pru Liquid Fund - Regular - Growth,132.8896738942142,Mutual Fund,120507
2026-02-09,ICICI Pru Liquid Fund - Regular - Growth,132.88907895754522,Mutual Fund,120507
2026-02-10,ICICI Pru Liquid Fund - Regular - Growth,132.95756666702857,Mutual Fund,120507
2026-02-11,ICICI Pru Liquid Fund - Regular - Growth,132.9424832726559,Mutual Fund,120507
2026-02-12,ICICI Pru Liquid Fund - Regular - Growth,132.93089950574787,Mutual Fund,120507
2026-02-13,ICICI Pru Liquid Fund - Regular - Growth,132.93156443496616,Mutual Fund,120507
2026-02-16,ICICI Pru Liquid Fund - Regular - Growth,133.03515340791998,Mutual Fund,120507
2026-02-17,ICICI Pru Liquid Fund - Regular - Growth,133.05888088213035,Mutual Fund,120507
2026-02-18,ICICI Pru Liquid Fund - Regular - Growth,132.99088312049207,Mutual Fund,120507
2026-02-19,ICICI Pru Liquid Fund - Regular - Growth,133.07592406788322,Mutual Fund,120507
2026-02-20,ICICI Pru Liquid Fund - Regular - Growth,133.0974117805162,Mutual Fund,120507
2026-02-23,ICICI Pru Liquid Fund - Regular - Growth,133.0541913813277,Mutual Fund,120507
2026-02-24,ICICI Pru Liquid Fund - Regular - Growth,133.07525913866496,Mutual Fund,120507
2026-02-25,ICICI Pru Liquid Fund - Regular - Growth,133.1314281594727,Mutual Fund,120507
2026-02-26,ICICI Pru Liquid Fund - Regular - Growth,133.18273269810453,Mutual Fund,120507
2026-02-27,ICICI Pru Liquid Fund - Regular - Growth,133.2925510079455,Mutual Fund,120507
2026-03-02,ICICI Pru Liquid Fund - Regular - Growth,133.29115115695961,Mutual Fund,120507
2026-03-03,ICICI Pru Liquid Fund - Regular - Growth,133.32747729004274,Mutual Fund,120507
2026-03-04,ICICI Pru Liquid Fund - Regular - Growth,133.3324817573172,Mutual Fund,120507
2026-03-05,ICICI Pru Liquid Fund - Regular - Growth,133.30213998719861,Mutual Fund,120507
2026-03-06,ICICI Pru Liquid Fund - Regular - Growth,133.37370736885083,Mutual Fund,120507
2026-03-09,ICICI Pru Liquid Fund - Regular - Growth,133.4275666355319,Mutual Fund,120507
2026-03-10,ICICI Pru Liquid Fund - Regular - Growth,133.4739366994386,Mutual Fund,120507
2026-03-11,ICICI Pru Liquid Fund - Regular - Growth,133.5262911263099,Mutual Fund,120507
2026-03-12,ICICI Pru Liquid Fund - Regular - Growth,133.531925526528,Mutual Fund,120507
2026-03-13,ICICI Pru Liquid Fund - Regular - Growth,133.52405136473251,Mutual Fund,120507
2026-03-16,ICICI Pru Liquid Fund - Regular - Growth,133.56009752761847,Mutual Fund,120507
2026-03-17,ICICI Pru Liquid Fund - Regular - Growth,133.64342365755192,Mutual Fund,120507
2026-03-18,ICICI Pru Liquid Fund - Regular - Growth,133.7456127795199,Mutual Fund,120507
2026-03-19,ICICI Pru Liquid Fund - Regular - Growth,133.8136455374328,Mutual Fund,120507
2026-03-20,ICICI Pru Liquid Fund - Regular - Growth,133.84937673384692,Mutual Fund,120507
2026-03-23,ICICI Pru Liquid Fund - Regular - Growth,133.89529184618323,Mutual Fund,120507
2026-03-24,ICICI Pru Liquid Fund - Regular - Growth,133.93032311710442,Mutual Fund,120507
2026-03-25,ICICI Pru Liquid Fund - Regular - Growth,133.92160904471743,Mutual Fund,120507
2026-03-26,ICICI Pru Liquid Fund - Regular - Growth,133.957200256033,Mutual Fund,120507
2026-03-27,ICICI Pru Liquid Fund - Regular - Growth,133.93543257320283,Mutual Fund,120507
2026-03-30,ICICI Pru Liquid Fund - Regular - Growth,133.964724455082,Mutual Fund,120507
2026-03-31,ICICI Pru Liquid Fund - Regular - Growth,134.06834842431047,Mutual Fund,120507
2026-04-01,ICICI Pru Liquid Fund - Regular - Growth,134.13771104065998,Mutual Fund,120507
2026-04-02,ICICI Pru Liquid Fund - Regular - Growth,134.13330151005448,Mutual Fund,120507
2026-04-03,ICICI Pru Liquid Fund - Regular - Growth,134.16483315351104,Mutual Fund,120507
2026-04-06,ICICI Pru Liquid Fund - Regular - Growth,134.1642032205674,Mutual Fund,120507
2026-04-07,ICICI Pru Liquid Fund - Regular - Growth,134.19615481931973,Mutual Fund,120507
2026-04-08,ICICI Pru Liquid Fund - Regular - Growth,134.27479144845057,Mutual Fund,120507
2026-04-09,ICICI Pru Liquid Fund - Regular - Growth,134.33708481732145,Mutual Fund,120507
2026-04-10,ICICI Pru Liquid Fund - Regular - Growth,134.47689493453444,Mutual Fund,120507
2026-04-13,ICICI Pru Liquid Fund - Regular - Growth,134.5621458595735,Mutual Fund,120507
2026-04-14,ICICI Pru Liquid Fund - Regular - Growth,134.6055062438606,Mutual Fund,120507
2026-04-15,ICICI Pru Liquid Fund - Regular - Growth,134.66891949352015,Mutual Fund,120507
2026-04-16,ICICI Pru Liquid Fund - Regular - Growth,134.69509670695575,Mutual Fund,120507
2026-04-17,ICICI Pru Liquid Fund - Regular - Growth,134.68200810023797,Mutual Fund,120507
2026-04-20,ICICI Pru Liquid Fund - Regular - Growth,134.7721585037275,Mutual Fund,120507
2026-04-21,ICICI Pru Liquid Fund - Regular - Growth,134.84978024089358,Mutual Fund,120507
2026-04-22,ICICI Pru Liquid Fund - Regular - Growth,134.87431262942084,Mutual Fund,120507
2026-04-23,ICICI Pru Liquid Fund - Regular - Growth,134.92075268587683,Mutual Fund,120507
2026-04-24,ICICI Pru Liquid Fund - Regular - Growth,135.00831336504257,Mutual Fund,120507
2026-04-27,ICICI Pru Liquid Fund - Regular - Growth,135.07914582492717,Mutual Fund,120507
2026-04-28,ICICI Pru Liquid Fund - Regular - Growth,135.05174374187894,Mutual Fund,120507
2026-04-29,ICICI Pru Liquid Fund - Regular - Growth,135.0969589287223,Mutual Fund,120507
2026-04-30,ICICI Pru Liquid Fund - Regular - Growth,135.12467597824238,Mutual Fund,120507
2026-05-01,ICICI Pru Liquid Fund - Regular - Growth,135.20691722366183,Mutual Fund,120507
2026-05-04,ICICI Pru Liquid Fund - Regular - Growth,135.28572883416587,Mutual Fund,120507
2026-05-05,ICICI Pru Liquid Fund - Regular - Growth,135.37682413707088,Mutual Fund,120507
2026-05-06,ICICI Pru Liquid Fund - Regular - Growth,135.36408549309954,Mutual Fund,120507
2026-05-07,ICICI Pru Liquid Fund - Regular - Growth,135.36555533663466,Mutual Fund,120507
2026-05-08,ICICI Pru Liquid Fund - Regular - Growth,135.44800655970198,Mutual Fund,120507
2026-05-11,ICICI Pru Liquid Fund - Regular - Growth,135.45770052777908,Mutual Fund,120507
2026-05-12,ICICI Pru Liquid Fund - Regular - Growth,135.42774371668162,Mutual Fund,120507
2026-05-13,ICICI Pru Liquid Fund - Regular - Growth,135.48541757729916,Mutual Fund,120507
2026-05-14,ICICI Pru Liquid Fund - Regular - Growth,135.49700134420718,Mutual Fund,120507
2026-05-15,ICICI Pru Liquid Fund - Regular - Growth,135.60835949013253,Mutual Fund,120507
2026-05-18,ICICI Pru Liquid Fund - Regular - Growth,135.65602441620115,Mutual Fund,120507
2026-05-19,ICICI Pru Liquid Fund - Regular - Growth,135.69784496440377,Mutual Fund,120507
2026-05-20,ICICI Pru Liquid Fund - Regular - Growth,135.7170929154594,Mutual Fund,120507
2026-05-21,ICICI Pru Liquid Fund - Regular - Growth,135.82012194801888,Mutual Fund,120507
2026-05-22,ICICI Pru Liquid Fund - Regular - Growth,135.87051658350993,Mutual Fund,120507
2026-05-25,ICICI Pru Liquid Fund - Regular - Growth,135.88808471338248,Mutual Fund,120507
2026-05-26,ICICI Pru Liquid Fund - Regular - Growth,135.88913460162192,Mutual Fund,120507
2026-05-27,ICICI Pru Liquid Fund - Regular - Growth,135.9210512040996,Mutual Fund,120507
2026-05-28,ICICI Pru Liquid Fund - Regular - Growth,135.91426192681814,Mutual Fund,120507
2026-05-29,ICICI Pru Liquid Fund - Regular - Growth,135.99338850379402,Mutual Fund,120507
2022-01-03,Kotak Flexicap Fund - Regular - Growth,100.0,Mutual Fund,120843
2022-01-04,Kotak Flexicap Fund - Regular - Growth,101.81595613175698,Mutual Fund,120843
2022-01-05,Kotak Flexicap Fund - Regular - Growth,100.56317880476267,Mutual Fund,120843
2022-01-06,Kotak Flexicap Fund - Regular - Growth,101.41886598908903,Mutual Fund,120843
2022-01-07,Kotak Flexicap Fund - Regular - Growth,100.05209053334696,Mutual Fund,120843
2022-01-10,Kotak Flexicap Fund - Regular - Growth,99.79364134866397,Mutual Fund,120843
2022-01-11,Kotak Flexicap Fund - Regular - Growth,99.9471080738323,Mutual Fund,120843
2022-01-12,Kotak Flexicap Fund - Regular - Growth,99.51716082551474,Mutual Fund,120843
2022-01-13,Kotak Flexicap Fund - Regular - Growth,99.39434737573902,Mutual Fund,120843
2022-01-14,Kotak Flexicap Fund - Regular - Growth,98.07285061436777,Mutual Fund,120843
2022-01-17,Kotak Flexicap Fund - Regular - Growth,97.15946314694939,Mutual Fund,120843
2022-01-18,Kotak Flexicap Fund - Regular - Growth,97.70681444350282,Mutual Fund,120843
2022-01-19,Kotak Flexicap Fund - Regular - Growth,97.79416626096157,Mutual Fund,120843
2022-01-20,Kotak Flexicap Fund - Regular - Growth,97.17368786951724,Mutual Fund,120843
2022-01-21,Kotak Flexicap Fund - Regular - Growth,98.53805914679714,Mutual Fund,120843
2022-01-24,Kotak Flexicap Fund - Regular - Growth,97.3918670649589,Mutual Fund,120843
2022-01-25,Kotak Flexicap Fund - Regular - Growth,97.0953517212916,Mutual Fund,120843
2022-01-26,Kotak Flexicap Fund - Regular - Growth,96.65919367861343,Mutual Fund,120843
2022-01-27,Kotak Flexicap Fund - Regular - Growth,97.31813892545243,Mutual Fund,120843
2022-01-28,Kotak Flexicap Fund - Regular - Growth,97.42352208137743,Mutual Fund,120843
2022-01-31,Kotak Flexicap Fund - Regular - Growth,97.37523816392891,Mutual Fund,120843
2022-02-01,Kotak Flexicap Fund - Regular - Growth,95.63882026962861,Mutual Fund,120843
2022-02-02,Kotak Flexicap Fund - Regular - Growth,96.53377570217036,Mutual Fund,120843
2022-02-03,Kotak Flexicap Fund - Regular - Growth,96.3795075841813,Mutual Fund,120843
2022-02-04,Kotak Flexicap Fund - Regular - Growth,96.54940286217446,Mutual Fund,120843
2022-02-07,Kotak Flexicap Fund - Regular - Growth,95.88064055328161,Mutual Fund,120843
2022-02-08,Kotak Flexicap Fund - Regular - Growth,95.0658244028121,Mutual Fund,120843
2022-02-09,Kotak Flexicap Fund - Regular - Growth,96.57084012012879,Mutual Fund,120843
2022-02-10,Kotak Flexicap Fund - Regular - Growth,94.91656498995255,Mutual Fund,120843
2022-02-11,Kotak Flexicap Fund - Regular - Growth,93.96931867585864,Mutual Fund,120843
2022-02-14,Kotak Flexicap Fund - Regular - Growth,95.43887276085839,Mutual Fund,120843
2022-02-15,Kotak Flexicap Fund - Regular - Growth,96.11444690872739,Mutual Fund,120843
2022-02-16,Kotak Flexicap Fund - Regular - Growth,95.85659876865995,Mutual Fund,120843
2022-02-17,Kotak Flexicap Fund - Regular - Growth,97.12640569309463,Mutual Fund,120843
2022-02-18,Kotak Flexicap Fund - Regular - Growth,97.62306889373733,Mutual Fund,120843
2022-02-21,Kotak Flexicap Fund - Regular - Growth,97.91036821996632,Mutual Fund,120843
2022-02-22,Kotak Flexicap Fund - Regular - Growth,98.19165710003989,Mutual Fund,120843
2022-02-23,Kotak Flexicap Fund - Regular - Growth,98.71196138889393,Mutual Fund,120843
2022-02-24,Kotak Flexicap Fund - Regular - Growth,99.27554089006695,Mutual Fund,120843
2022-02-25,Kotak Flexicap Fund - Regular - Growth,101.55770729527922,Mutual Fund,120843
2022-02-28,Kotak Flexicap Fund - Regular - Growth,101.41866564088386,Mutual Fund,120843
2022-03-01,Kotak Flexicap Fund - Regular - Growth,101.31147935111224,Mutual Fund,120843
2022-03-02,Kotak Flexicap Fund - Regular - Growth,100.11580126259439,Mutual Fund,120843
2022-03-03,Kotak Flexicap Fund - Regular - Growth,100.12321414618606,Mutual Fund,120843
2022-03-04,Kotak Flexicap Fund - Regular - Growth,102.08161785182645,Mutual Fund,120843
2022-03-07,Kotak Flexicap Fund - Regular - Growth,103.16089363313436,Mutual Fund,120843
2022-03-08,Kotak Flexicap Fund - Regular - Growth,102.65821998633622,Mutual Fund,120843
2022-03-09,Kotak Flexicap Fund - Regular - Growth,102.75038016071932,Mutual Fund,120843
2022-03-10,Kotak Flexicap Fund - Regular - Growth,101.47696696859141,Mutual Fund,120843
2022-03-11,Kotak Flexicap Fund - Regular - Growth,100.55035651963111,Mutual Fund,120843
2022-03-14,Kotak Flexicap Fund - Regular - Growth,100.76192422430181,Mutual Fund,120843
2022-03-15,Kotak Flexicap Fund - Regular - Growth,100.32075747649412,Mutual Fund,120843
2022-03-16,Kotak Flexicap Fund - Regular - Growth,99.3292342090553,Mutual Fund,120843
2022-03-17,Kotak Flexicap Fund - Regular - Growth,99.88019177330196,Mutual Fund,120843
2022-03-18,Kotak Flexicap Fund - Regular - Growth,99.85675103329584,Mutual Fund,120843
2022-03-21,Kotak Flexicap Fund - Regular - Growth,98.3501325303377,Mutual Fund,120843
2022-03-22,Kotak Flexicap Fund - Regular - Growth,96.37169400417925,Mutual Fund,120843
2022-03-23,Kotak Flexicap Fund - Regular - Growth,95.87663358917796,Mutual Fund,120843
2022-03-24,Kotak Flexicap Fund - Regular - Growth,94.41028507546113,Mutual Fund,120843
2022-03-25,Kotak Flexicap Fund - Regular - Growth,92.70371906373273,Mutual Fund,120843
2022-03-28,Kotak Flexicap Fund - Regular - Growth,93.82045995940942,Mutual Fund,120843
2022-03-29,Kotak Flexicap Fund - Regular - Growth,93.78399658606655,Mutual Fund,120843
2022-03-30,Kotak Flexicap Fund - Regular - Growth,93.58905778242584,Mutual Fund,120843
2022-03-31,Kotak Flexicap Fund - Regular - Growth,93.46704572547083,Mutual Fund,120843
2022-04-01,Kotak Flexicap Fund - Regular - Growth,92.45628903033469,Mutual Fund,120843
2022-04-04,Kotak Flexicap Fund - Regular - Growth,92.89545229609057,Mutual Fund,120843
2022-04-05,Kotak Flexicap Fund - Regular - Growth,92.82833564735506,Mutual Fund,120843
2022-04-06,Kotak Flexicap Fund - Regular - Growth,92.1772039805181,Mutual Fund,120843
2022-04-07,Kotak Flexicap Fund - Regular - Growth,91.66892058397491,Mutual Fund,120843
2022-04-08,Kotak Flexicap Fund - Regular - Growth,90.5958555970276,Mutual Fund,120843
2022-04-11,Kotak Flexicap Fund - Regular - Growth,90.27930543284224,Mutual Fund,120843
2022-04-12,Kotak Flexicap Fund - Regular - Growth,90.11522025279933,Mutual Fund,120843
2022-04-13,Kotak Flexicap Fund - Regular - Growth,89.77683213424929,Mutual Fund,120843
2022-04-14,Kotak Flexicap Fund - Regular - Growth,89.88021180812247,Mutual Fund,120843
2022-04-15,Kotak Flexicap Fund - Regular - Growth,89.86258116606656,Mutual Fund,120843
2022-04-18,Kotak Flexicap Fund - Regular - Growth,90.12543801126351,Mutual Fund,120843
2022-04-19,Kotak Flexicap Fund - Regular - Growth,91.04042826432334,Mutual Fund,120843
2022-04-20,Kotak Flexicap Fund - Regular - Growth,91.64067148704441,Mutual Fund,120843
2022-04-21,Kotak Flexicap Fund - Regular - Growth,92.58170700677772,Mutual Fund,120843
2022-04-22,Kotak Flexicap Fund - Regular - Growth,91.84883327222707,Mutual Fund,120843
2022-04-25,Kotak Flexicap Fund - Regular - Growth,91.43351144288769,Mutual Fund,120843
2022-04-26,Kotak Flexicap Fund - Regular - Growth,92.09265703793187,Mutual Fund,120843
2022-04-27,Kotak Flexicap Fund - Regular - Growth,92.77323989093038,Mutual Fund,120843
2022-04-28,Kotak Flexicap Fund - Regular - Growth,92.1956360153947,Mutual Fund,120843
2022-04-29,Kotak Flexicap Fund - Regular - Growth,92.82092276376336,Mutual Fund,120843
2022-05-02,Kotak Flexicap Fund - Regular - Growth,91.99729129226591,Mutual Fund,120843
2022-05-03,Kotak Flexicap Fund - Regular - Growth,92.4993638944485,Mutual Fund,120843
2022-05-04,Kotak Flexicap Fund - Regular - Growth,92.53001716984114,Mutual Fund,120843
2022-05-05,Kotak Flexicap Fund - Regular - Growth,91.30208302028923,Mutual Fund,120843
2022-05-06,Kotak Flexicap Fund - Regular - Growth,90.95768445558376,Mutual Fund,120843
2022-05-09,Kotak Flexicap Fund - Regular - Growth,93.03569603971698,Mutual Fund,120843
2022-05-10,Kotak Flexicap Fund - Regular - Growth,93.28172363567879,Mutual Fund,120843
2022-05-11,Kotak Flexicap Fund - Regular - Growth,95.52662527472745,Mutual Fund,120843
2022-05-12,Kotak Flexicap Fund - Regular - Growth,94.20252398668882,Mutual Fund,120843
2022-05-13,Kotak Flexicap Fund - Regular - Growth,94.97446562124968,Mutual Fund,120843
2022-05-16,Kotak Flexicap Fund - Regular - Growth,92.63439858474023,Mutual Fund,120843
2022-05-17,Kotak Flexicap Fund - Regular - Growth,92.68929399295972,Mutual Fund,120843
2022-05-18,Kotak Flexicap Fund - Regular - Growth,93.33641869569307,Mutual Fund,120843
2022-05-19,Kotak Flexicap Fund - Regular - Growth,94.18409195181219,Mutual Fund,120843
2022-05-20,Kotak Flexicap Fund - Regular - Growth,93.48407532291118,Mutual Fund,120843
2022-05-23,Kotak Flexicap Fund - Regular - Growth,94.52448355241407,Mutual Fund,120843
2022-05-24,Kotak Flexicap Fund - Regular - Growth,94.07329939434734,Mutual Fund,120843
2022-05-25,Kotak Flexicap Fund - Regular - Growth,93.9737263363726,Mutual Fund,120843
2022-05-26,Kotak Flexicap Fund - Regular - Growth,93.61991140602363,Mutual Fund,120843
2022-05-27,Kotak Flexicap Fund - Regular - Growth,92.6089543626823,Mutual Fund,120843
2022-05-30,Kotak Flexicap Fund - Regular - Growth,94.1418184805191,Mutual Fund,120843
2022-05-31,Kotak Flexicap Fund - Regular - Growth,94.24339502054566,Mutual Fund,120843
2022-06-01,Kotak Flexicap Fund - Regular - Growth,95.33869865826803,Mutual Fund,120843
2022-06-02,Kotak Flexicap Fund - Regular - Growth,96.40515215444438,Mutual Fund,120843
2022-06-03,Kotak Flexicap Fund - Regular - Growth,95.52602423011189,Mutual Fund,120843
2022-06-06,Kotak Flexicap Fund - Regular - Growth,96.76177195966584,Mutual Fund,120843
2022-06-07,Kotak Flexicap Fund - Regular - Growth,97.31192813109178,Mutual Fund,120843
2022-06-08,Kotak Flexicap Fund - Regular - Growth,96.35366266571295,Mutual Fund,120843
2022-06-09,Kotak Flexicap Fund - Regular - Growth,96.84812203609869,Mutual Fund,120843
2022-06-10,Kotak Flexicap Fund - Regular - Growth,95.91189487328971,Mutual Fund,120843
2022-06-13,Kotak Flexicap Fund - Regular - Growth,97.53551672807333,Mutual Fund,120843
2022-06-14,Kotak Flexicap Fund - Regular - Growth,98.39721435855512,Mutual Fund,120843
2022-06-15,Kotak Flexicap Fund - Regular - Growth,98.38539381444946,Mutual Fund,120843
2022-06-16,Kotak Flexicap Fund - Regular - Growth,99.70689057582074,Mutual Fund,120843
2022-06-17,Kotak Flexicap Fund - Regular - Growth,98.18805083234656,Mutual Fund,120843
2022-06-20,Kotak Flexicap Fund - Regular - Growth,97.50726763114288,Mutual Fund,120843
2022-06-21,Kotak Flexicap Fund - Regular - Growth,97.31753788083684,Mutual Fund,120843
2022-06-22,Kotak Flexicap Fund - Regular - Growth,99.59449523271442,Mutual Fund,120843
2022-06-23,Kotak Flexicap Fund - Regular - Growth,98.58433958219382,Mutual Fund,120843
2022-06-24,Kotak Flexicap Fund - Regular - Growth,96.96011668279466,Mutual Fund,120843
2022-06-27,Kotak Flexicap Fund - Regular - Growth,95.61578022603283,Mutual Fund,120843
2022-06-28,Kotak Flexicap Fund - Regular - Growth,96.55060495140552,Mutual Fund,120843
2022-06-29,Kotak Flexicap Fund - Regular - Growth,96.0311020553722,Mutual Fund,120843
2022-06-30,Kotak Flexicap Fund - Regular - Growth,95.93433387226997,Mutual Fund,120843
2022-07-01,Kotak Flexicap Fund - Regular - Growth,96.7325211217095,Mutual Fund,120843
2022-07-04,Kotak Flexicap Fund - Regular - Growth,96.63595328681245,Mutual Fund,120843
2022-07-05,Kotak Flexicap Fund - Regular - Growth,96.8925993376488,Mutual Fund,120843
2022-07-06,Kotak Flexicap Fund - Regular - Growth,97.47481122190364,Mutual Fund,120843
2022-07-07,Kotak Flexicap Fund - Regular - Growth,97.1103778366801,Mutual Fund,120843
2022-07-08,Kotak Flexicap Fund - Regular - Growth,97.00539537716547,Mutual Fund,120843
2022-07-11,Kotak Flexicap Fund - Regular - Growth,97.30010758698614,Mutual Fund,120843
2022-07-12,Kotak Flexicap Fund - Regular - Growth,98.21369540260972,Mutual Fund,120843
2022-07-13,Kotak Flexicap Fund - Regular - Growth,97.49043838190772,Mutual Fund,120843
2022-07-14,Kotak Flexicap Fund - Regular - Growth,94.6234555657733,Mutual Fund,120843
2022-07-15,Kotak Flexicap Fund - Regular - Growth,95.33048438185563,Mutual Fund,120843
2022-07-18,Kotak Flexicap Fund - Regular - Growth,96.28334044569456,Mutual Fund,120843
2022-07-19,Kotak Flexicap Fund - Regular - Growth,96.53517813960659,Mutual Fund,120843
2022-07-20,Kotak Flexicap Fund - Regular - Growth,96.8541324822541,Mutual Fund,120843
2022-07-21,Kotak Flexicap Fund - Regular - Growth,96.36227763853572,Mutual Fund,120843
2022-07-22,Kotak Flexicap Fund - Regular - Growth,96.90702440842178,Mutual Fund,120843
2022-07-25,Kotak Flexicap Fund - Regular - Growth,97.80197984096351,Mutual Fund,120843
2022-07-26,Kotak Flexicap Fund - Regular - Growth,97.91597796971129,Mutual Fund,120843
2022-07-27,Kotak Flexicap Fund - Regular - Growth,100.46560922883965,Mutual Fund,120843
2022-07-28,Kotak Flexicap Fund - Regular - Growth,98.95338097613646,Mutual Fund,120843
2022-07-29,Kotak Flexicap Fund - Regular - Growth,99.17516643927136,Mutual Fund,120843
2022-08-01,Kotak Flexicap Fund - Regular - Growth,98.06643947180191,Mutual Fund,120843
2022-08-02,Kotak Flexicap Fund - Regular - Growth,98.99886001871245,Mutual Fund,120843
2022-08-03,Kotak Flexicap Fund - Regular - Growth,97.49144012293357,Mutual Fund,120843
2022-08-04,Kotak Flexicap Fund - Regular - Growth,96.24667672414647,Mutual Fund,120843
2022-08-05,Kotak Flexicap Fund - Regular - Growth,95.69131149938583,Mutual Fund,120843
2022-08-08,Kotak Flexicap Fund - Regular - Growth,96.00525713690382,Mutual Fund,120843
2022-08-09,Kotak Flexicap Fund - Regular - Growth,95.48755737471714,Mutual Fund,120843
2022-08-10,Kotak Flexicap Fund - Regular - Growth,94.98227920125166,Mutual Fund,120843
2022-08-11,Kotak Flexicap Fund - Regular - Growth,94.86567654583654,Mutual Fund,120843
2022-08-12,Kotak Flexicap Fund - Regular - Growth,94.69077256271387,Mutual Fund,120843
2022-08-15,Kotak Flexicap Fund - Regular - Growth,96.17835798617986,Mutual Fund,120843
2022-08-16,Kotak Flexicap Fund - Regular - Growth,96.9032177925233,Mutual Fund,120843
2022-08-17,Kotak Flexicap Fund - Regular - Growth,96.64416756322477,Mutual Fund,120843
2022-08-18,Kotak Flexicap Fund - Regular - Growth,98.7674578417288,Mutual Fund,120843
2022-08-19,Kotak Flexicap Fund - Regular - Growth,99.31721331674439,Mutual Fund,120843
2022-08-22,Kotak Flexicap Fund - Regular - Growth,98.41043734009696,Mutual Fund,120843
2022-08-23,Kotak Flexicap Fund - Regular - Growth,98.72398228120461,Mutual Fund,120843
2022-08-24,Kotak Flexicap Fund - Regular - Growth,99.31741366494956,Mutual Fund,120843
2022-08-25,Kotak Flexicap Fund - Regular - Growth,98.69012343452908,Mutual Fund,120843
2022-08-26,Kotak Flexicap Fund - Regular - Growth,97.7068144435027,Mutual Fund,120843
2022-08-29,Kotak Flexicap Fund - Regular - Growth,97.850263758412,Mutual Fund,120843
2022-08-30,Kotak Flexicap Fund - Regular - Growth,97.55374841474472,Mutual Fund,120843
2022-08-31,Kotak Flexicap Fund - Regular - Growth,99.07799755975874,Mutual Fund,120843
2022-09-01,Kotak Flexicap Fund - Regular - Growth,99.88019177330189,Mutual Fund,120843
2022-09-02,Kotak Flexicap Fund - Regular - Growth,99.2963771034056,Mutual Fund,120843
2022-09-05,Kotak Flexicap Fund - Regular - Growth,99.7830228937893,Mutual Fund,120843
2022-09-06,Kotak Flexicap Fund - Regular - Growth,101.1257565649097,Mutual Fund,120843
2022-09-07,Kotak Flexicap Fund - Regular - Growth,99.77440792096652,Mutual Fund,120843
2022-09-08,Kotak Flexicap Fund - Regular - Growth,98.8099316612271,Mutual Fund,120843
2022-09-09,Kotak Flexicap Fund - Regular - Growth,98.85761453406008,Mutual Fund,120843
2022-09-12,Kotak Flexicap Fund - Regular - Growth,98.95197853870015,Mutual Fund,120843
2022-09-13,Kotak Flexicap Fund - Regular - Growth,98.95879037767628,Mutual Fund,120843
2022-09-14,Kotak Flexicap Fund - Regular - Growth,98.70795442479016,Mutual Fund,120843
2022-09-15,Kotak Flexicap Fund - Regular - Growth,98.44269340113104,Mutual Fund,120843
2022-09-16,Kotak Flexicap Fund - Regular - Growth,98.88365980073354,Mutual Fund,120843
2022-09-19,Kotak Flexicap Fund - Regular - Growth,100.07973858566174,Mutual Fund,120843
2022-09-20,Kotak Flexicap Fund - Regular - Growth,99.65520073888405,Mutual Fund,120843
2022-09-21,Kotak Flexicap Fund - Regular - Growth,102.1954156323689,Mutual Fund,120843
2022-09-22,Kotak Flexicap Fund - Regular - Growth,104.29726865291865,Mutual Fund,120843
2022-09-23,Kotak Flexicap Fund - Regular - Growth,105.76682273791837,Mutual Fund,120843
2022-09-26,Kotak Flexicap Fund - Regular - Growth,106.49588985657059,Mutual Fund,120843
2022-09-27,Kotak Flexicap Fund - Regular - Growth,108.73798662074674,Mutual Fund,120843
2022-09-28,Kotak Flexicap Fund - Regular - Growth,108.48494683760363,Mutual Fund,120843
2022-09-29,Kotak Flexicap Fund - Regular - Growth,107.64248263481919,Mutual Fund,120843
2022-09-30,Kotak Flexicap Fund - Regular - Growth,107.13700411314852,Mutual Fund,120843
2022-10-03,Kotak Flexicap Fund - Regular - Growth,106.12264115031913,Mutual Fund,120843
2022-10-04,Kotak Flexicap Fund - Regular - Growth,106.3161775165236,Mutual Fund,120843
2022-10-05,Kotak Flexicap Fund - Regular - Growth,106.70144711508591,Mutual Fund,120843
2022-10-06,Kotak Flexicap Fund - Regular - Growth,106.98133355772322,Mutual Fund,120843
2022-10-07,Kotak Flexicap Fund - Regular - Growth,107.03162095722354,Mutual Fund,120843
2022-10-10,Kotak Flexicap Fund - Regular - Growth,107.23918169779063,Mutual Fund,120843
2022-10-11,Kotak Flexicap Fund - Regular - Growth,109.19758540343103,Mutual Fund,120843
2022-10-12,Kotak Flexicap Fund - Regular - Growth,109.94748873542204,Mutual Fund,120843
2022-10-13,Kotak Flexicap Fund - Regular - Growth,111.0405885428874,Mutual Fund,120843
2022-10-14,Kotak Flexicap Fund - Regular - Growth,111.3206753337299,Mutual Fund,120843
2022-10-17,Kotak Flexicap Fund - Regular - Growth,109.58786370712286,Mutual Fund,120843
2022-10-18,Kotak Flexicap Fund - Regular - Growth,107.66652441944086,Mutual Fund,120843
2022-10-19,Kotak Flexicap Fund - Regular - Growth,110.016208169799,Mutual Fund,120843
2022-10-20,Kotak Flexicap Fund - Regular - Growth,109.49309900607244,Mutual Fund,120843
2022-10-21,Kotak Flexicap Fund - Regular - Growth,108.87943245360425,Mutual Fund,120843
2022-10-24,Kotak Flexicap Fund - Regular - Growth,109.21441465266622,Mutual Fund,120843
2022-10-25,Kotak Flexicap Fund - Regular - Growth,109.88718392566268,Mutual Fund,120843
2022-10-26,Kotak Flexicap Fund - Regular - Growth,110.70540599562024,Mutual Fund,120843
2022-10-27,Kotak Flexicap Fund - Regular - Growth,112.77019459821153,Mutual Fund,120843
2022-10-28,Kotak Flexicap Fund - Regular - Growth,114.55710024021732,Mutual Fund,120843
2022-10-31,Kotak Flexicap Fund - Regular - Growth,113.69219703845266,Mutual Fund,120843
2022-11-01,Kotak Flexicap Fund - Regular - Growth,114.87605458286485,Mutual Fund,120843
2022-11-02,Kotak Flexicap Fund - Regular - Growth,114.50040169815124,Mutual Fund,120843
2022-11-03,Kotak Flexicap Fund - Regular - Growth,114.4098443094096,Mutual Fund,120843
2022-11-04,Kotak Flexicap Fund - Regular - Growth,113.22258084550936,Mutual Fund,120843
2022-11-07,Kotak Flexicap Fund - Regular - Growth,111.37316656348719,Mutual Fund,120843
2022-11-08,Kotak Flexicap Fund - Regular - Growth,111.40402018708502,Mutual Fund,120843
2022-11-09,Kotak Flexicap Fund - Regular - Growth,110.40147776836126,Mutual Fund,120843
2022-11-10,Kotak Flexicap Fund - Regular - Growth,111.50519603070124,Mutual Fund,120843
2022-11-11,Kotak Flexicap Fund - Regular - Growth,111.25596286345656,Mutual Fund,120843
2022-11-14,Kotak Flexicap Fund - Regular - Growth,111.66888051433376,Mutual Fund,120843
2022-11-15,Kotak Flexicap Fund - Regular - Growth,113.2860912265516,Mutual Fund,120843
2022-11-16,Kotak Flexicap Fund - Regular - Growth,111.66928121074413,Mutual Fund,120843
2022-11-17,Kotak Flexicap Fund - Regular - Growth,110.92278379824121,Mutual Fund,120843
2022-11-18,Kotak Flexicap Fund - Regular - Growth,111.19125039318322,Mutual Fund,120843
2022-11-21,Kotak Flexicap Fund - Regular - Growth,111.60857570457443,Mutual Fund,120843
2022-11-22,Kotak Flexicap Fund - Regular - Growth,112.92406201979028,Mutual Fund,120843
2022-11-23,Kotak Flexicap Fund - Regular - Growth,113.98310263237494,Mutual Fund,120843
2022-11-24,Kotak Flexicap Fund - Regular - Growth,114.16241427601159,Mutual Fund,120843
2022-11-25,Kotak Flexicap Fund - Regular - Growth,114.58034063201833,Mutual Fund,120843
2022-11-28,Kotak Flexicap Fund - Regular - Growth,115.03172513829023,Mutual Fund,120843
2022-11-29,Kotak Flexicap Fund - Regular - Growth,113.40770258709625,Mutual Fund,120843
2022-11-30,Kotak Flexicap Fund - Regular - Growth,113.29650933322102,Mutual Fund,120843
2022-12-01,Kotak Flexicap Fund - Regular - Growth,113.64832078151817,Mutual Fund,120843
2022-12-02,Kotak Flexicap Fund - Regular - Growth,114.24275390628904,Mutual Fund,120843
2022-12-05,Kotak Flexicap Fund - Regular - Growth,113.25062959423468,Mutual Fund,120843
2022-12-06,Kotak Flexicap Fund - Regular - Growth,111.87824438874756,Mutual Fund,120843
2022-12-07,Kotak Flexicap Fund - Regular - Growth,111.6805007102343,Mutual Fund,120843
2022-12-08,Kotak Flexicap Fund - Regular - Growth,113.9849057662216,Mutual Fund,120843
2022-12-09,Kotak Flexicap Fund - Regular - Growth,113.11499385932741,Mutual Fund,120843
2022-12-12,Kotak Flexicap Fund - Regular - Growth,114.52945218790246,Mutual Fund,120843
2022-12-13,Kotak Flexicap Fund - Regular - Growth,116.44277754737725,Mutual Fund,120843
2022-12-14,Kotak Flexicap Fund - Regular - Growth,116.56559099715295,Mutual Fund,120843
2022-12-15,Kotak Flexicap Fund - Regular - Growth,115.83852736055256,Mutual Fund,120843
2022-12-16,Kotak Flexicap Fund - Regular - Growth,116.50809106226615,Mutual Fund,120843
2022-12-19,Kotak Flexicap Fund - Regular - Growth,116.80681023619044,Mutual Fund,120843
2022-12-20,Kotak Flexicap Fund - Regular - Growth,115.86857959132966,Mutual Fund,120843
2022-12-21,Kotak Flexicap Fund - Regular - Growth,115.17036609627527,Mutual Fund,120843
2022-12-22,Kotak Flexicap Fund - Regular - Growth,115.76700305130308,Mutual Fund,120843
2022-12-23,Kotak Flexicap Fund - Regular - Growth,116.9308257751972,Mutual Fund,120843
2022-12-26,Kotak Flexicap Fund - Regular - Growth,116.62048640537243,Mutual Fund,120843
2022-12-27,Kotak Flexicap Fund - Regular - Growth,116.60866586126679,Mutual Fund,120843
2022-12-28,Kotak Flexicap Fund - Regular - Growth,117.46695757226048,Mutual Fund,120843
2022-12-29,Kotak Flexicap Fund - Regular - Growth,117.33272427478948,Mutual Fund,120843
2022-12-30,Kotak Flexicap Fund - Regular - Growth,117.04903121625377,Mutual Fund,120843
2023-01-02,Kotak Flexicap Fund - Regular - Growth,116.23040844988581,Mutual Fund,120843
2023-01-03,Kotak Flexicap Fund - Regular - Growth,115.39736061274486,Mutual Fund,120843
2023-01-04,Kotak Flexicap Fund - Regular - Growth,118.61435174332982,Mutual Fund,120843
2023-01-05,Kotak Flexicap Fund - Regular - Growth,118.45046691149209,Mutual Fund,120843
2023-01-06,Kotak Flexicap Fund - Regular - Growth,120.1628430211707,Mutual Fund,120843
2023-01-09,Kotak Flexicap Fund - Regular - Growth,122.29254444224054,Mutual Fund,120843
2023-01-10,Kotak Flexicap Fund - Regular - Growth,122.13927806527738,Mutual Fund,120843
2023-01-11,Kotak Flexicap Fund - Regular - Growth,122.66659454131272,Mutual Fund,120843
2023-01-12,Kotak Flexicap Fund - Regular - Growth,122.86654205008296,Mutual Fund,120843
2023-01-13,Kotak Flexicap Fund - Regular - Growth,120.95802504753253,Mutual Fund,120843
2023-01-16,Kotak Flexicap Fund - Regular - Growth,119.1516856296242,Mutual Fund,120843
2023-01-17,Kotak Flexicap Fund - Regular - Growth,119.28131091837604,Mutual Fund,120843
2023-01-18,Kotak Flexicap Fund - Regular - Growth,118.84234800082534,Mutual Fund,120843
2023-01-19,Kotak Flexicap Fund - Regular - Growth,121.2018488132373,Mutual Fund,120843
2023-01-20,Kotak Flexicap Fund - Regular - Growth,120.98527240343707,Mutual Fund,120843
2023-01-23,Kotak Flexicap Fund - Regular - Growth,123.46117552305896,Mutual Fund,120843
2023-01-24,Kotak Flexicap Fund - Regular - Growth,122.94307506446191,Mutual Fund,120843
2023-01-25,Kotak Flexicap Fund - Regular - Growth,125.41016286305589,Mutual Fund,120843
2023-01-26,Kotak Flexicap Fund - Regular - Growth,126.12700874119207,Mutual Fund,120843
2023-01-27,Kotak Flexicap Fund - Regular - Growth,126.92058798191243,Mutual Fund,120843
2023-01-30,Kotak Flexicap Fund - Regular - Growth,126.34278375817158,Mutual Fund,120843
2023-01-31,Kotak Flexicap Fund - Regular - Growth,127.15519573017893,Mutual Fund,120843
2023-02-01,Kotak Flexicap Fund - Regular - Growth,129.42033253795083,Mutual Fund,120843
2023-02-02,Kotak Flexicap Fund - Regular - Growth,129.30853823946003,Mutual Fund,120843
2023-02-03,Kotak Flexicap Fund - Regular - Growth,128.94350380962098,Mutual Fund,120843
2023-02-06,Kotak Flexicap Fund - Regular - Growth,128.69988039212137,Mutual Fund,120843
2023-02-07,Kotak Flexicap Fund - Regular - Growth,130.8964981137215,Mutual Fund,120843
2023-02-08,Kotak Flexicap Fund - Regular - Growth,132.10860475506414,Mutual Fund,120843
2023-02-09,Kotak Flexicap Fund - Regular - Growth,134.13011814533644,Mutual Fund,120843
2023-02-10,Kotak Flexicap Fund - Regular - Growth,134.63479527418642,Mutual Fund,120843
2023-02-13,Kotak Flexicap Fund - Regular - Growth,134.76842752704187,Mutual Fund,120843
2023-02-14,Kotak Flexicap Fund - Regular - Growth,135.42617068464978,Mutual Fund,120843
2023-02-15,Kotak Flexicap Fund - Regular - Growth,136.9762647481321,Mutual Fund,120843
2023-02-16,Kotak Flexicap Fund - Regular - Growth,136.71681382242323,Mutual Fund,120843
2023-02-17,Kotak Flexicap Fund - Regular - Growth,138.69845791986458,Mutual Fund,120843
2023-02-20,Kotak Flexicap Fund - Regular - Growth,139.29369243745617,Mutual Fund,120843
2023-02-21,Kotak Flexicap Fund - Regular - Growth,136.03703236224544,Mutual Fund,120843
2023-02-22,Kotak Flexicap Fund - Regular - Growth,137.33548908002092,Mutual Fund,120843
2023-02-23,Kotak Flexicap Fund - Regular - Growth,135.66638818266134,Mutual Fund,120843
2023-02-24,Kotak Flexicap Fund - Regular - Growth,136.9277804824784,Mutual Fund,120843
2023-02-27,Kotak Flexicap Fund - Regular - Growth,138.25989569872422,Mutual Fund,120843
2023-02-28,Kotak Flexicap Fund - Regular - Growth,138.8030396829689,Mutual Fund,120843
2023-03-01,Kotak Flexicap Fund - Regular - Growth,139.64870945703623,Mutual Fund,120843
2023-03-02,Kotak Flexicap Fund - Regular - Growth,141.2881588200291,Mutual Fund,120843
2023-03-03,Kotak Flexicap Fund - Regular - Growth,140.66788077678993,Mutual Fund,120843
2023-03-06,Kotak Flexicap Fund - Regular - Growth,141.881590203774,Mutual Fund,120843
2023-03-07,Kotak Flexicap Fund - Regular - Growth,143.6400464006442,Mutual Fund,120843
2023-03-08,Kotak Flexicap Fund - Regular - Growth,146.29806603877526,Mutual Fund,120843
2023-03-09,Kotak Flexicap Fund - Regular - Growth,144.7627977424763,Mutual Fund,120843
2023-03-10,Kotak Flexicap Fund - Regular - Growth,145.4465861667577,Mutual Fund,120843
2023-03-13,Kotak Flexicap Fund - Regular - Growth,144.12969741410558,Mutual Fund,120843
2023-03-14,Kotak Flexicap Fund - Regular - Growth,142.76352300297904,Mutual Fund,120843
2023-03-15,Kotak Flexicap Fund - Regular - Growth,143.36637075236746,Mutual Fund,120843
2023-03-16,Kotak Flexicap Fund - Regular - Growth,143.56391408267558,Mutual Fund,120843
2023-03-17,Kotak Flexicap Fund - Regular - Growth,145.31676052980066,Mutual Fund,120843
2023-03-20,Kotak Flexicap Fund - Regular - Growth,144.89683069174214,Mutual Fund,120843
2023-03-21,Kotak Flexicap Fund - Regular - Growth,144.78724022350832,Mutual Fund,120843
2023-03-22,Kotak Flexicap Fund - Regular - Growth,145.18272758053484,Mutual Fund,120843
2023-03-23,Kotak Flexicap Fund - Regular - Growth,144.01269406228016,Mutual Fund,120843
2023-03-24,Kotak Flexicap Fund - Regular - Growth,143.05202441843917,Mutual Fund,120843
2023-03-27,Kotak Flexicap Fund - Regular - Growth,144.75658694811574,Mutual Fund,120843
2023-03-28,Kotak Flexicap Fund - Regular - Growth,144.043547685878,Mutual Fund,120843
2023-03-29,Kotak Flexicap Fund - Regular - Growth,145.85729998737798,Mutual Fund,120843
2023-03-30,Kotak Flexicap Fund - Regular - Growth,146.84020828199405,Mutual Fund,120843
2023-03-31,Kotak Flexicap Fund - Regular - Growth,144.6538083188581,Mutual Fund,120843
2023-04-03,Kotak Flexicap Fund - Regular - Growth,145.51570629754508,Mutual Fund,120843
2023-04-04,Kotak Flexicap Fund - Regular - Growth,146.37119313366625,Mutual Fund,120843
2023-04-05,Kotak Flexicap Fund - Regular - Growth,147.0838316994937,Mutual Fund,120843
2023-04-06,Kotak Flexicap Fund - Regular - Growth,146.96121859792314,Mutual Fund,120843
2023-04-07,Kotak Flexicap Fund - Regular - Growth,145.66196048732692,Mutual Fund,120843
2023-04-10,Kotak Flexicap Fund - Regular - Growth,147.73977172325496,Mutual Fund,120843
2023-04-11,Kotak Flexicap Fund - Regular - Growth,147.6764616904179,Mutual Fund,120843
2023-04-12,Kotak Flexicap Fund - Regular - Growth,146.45453798702138,Mutual Fund,120843
2023-04-13,Kotak Flexicap Fund - Regular - Growth,147.2190667379906,Mutual Fund,120843
2023-04-14,Kotak Flexicap Fund - Regular - Growth,146.20790934644407,Mutual Fund,120843
2023-04-17,Kotak Flexicap Fund - Regular - Growth,144.90224009328207,Mutual Fund,120843
2023-04-18,Kotak Flexicap Fund - Regular - Growth,144.44083817675116,Mutual Fund,120843
2023-04-19,Kotak Flexicap Fund - Regular - Growth,143.56090885959793,Mutual Fund,120843
2023-04-20,Kotak Flexicap Fund - Regular - Growth,142.33157227260978,Mutual Fund,120843
2023-04-21,Kotak Flexicap Fund - Regular - Growth,143.57853950165384,Mutual Fund,120843
2023-04-24,Kotak Flexicap Fund - Regular - Growth,143.49940196060749,Mutual Fund,120843
2023-04-25,Kotak Flexicap Fund - Regular - Growth,145.40852000777346,Mutual Fund,120843
2023-04-26,Kotak Flexicap Fund - Regular - Growth,144.24750215875187,Mutual Fund,120843
2023-04-27,Kotak Flexicap Fund - Regular - Growth,141.84192125914836,Mutual Fund,120843
2023-04-28,Kotak Flexicap Fund - Regular - Growth,142.13943834384156,Mutual Fund,120843
2023-05-01,Kotak Flexicap Fund - Regular - Growth,144.90965297687376,Mutual Fund,120843
2023-05-02,Kotak Flexicap Fund - Regular - Growth,145.77395513402286,Mutual Fund,120843
2023-05-03,Kotak Flexicap Fund - Regular - Growth,150.66525621530212,Mutual Fund,120843
2023-05-04,Kotak Flexicap Fund - Regular - Growth,151.26029038468855,Mutual Fund,120843
2023-05-05,Kotak Flexicap Fund - Regular - Growth,151.710072105319,Mutual Fund,120843
2023-05-08,Kotak Flexicap Fund - Regular - Growth,148.53835966910484,Mutual Fund,120843
2023-05-09,Kotak Flexicap Fund - Regular - Growth,149.2692299216037,Mutual Fund,120843
2023-05-10,Kotak Flexicap Fund - Regular - Growth,149.61222604887288,Mutual Fund,120843
2023-05-11,Kotak Flexicap Fund - Regular - Growth,149.08771444771003,Mutual Fund,120843
2023-05-12,Kotak Flexicap Fund - Regular - Growth,148.97111179229492,Mutual Fund,120843
2023-05-15,Kotak Flexicap Fund - Regular - Growth,148.95748811434265,Mutual Fund,120843
2023-05-16,Kotak Flexicap Fund - Regular - Growth,148.77617298865417,Mutual Fund,120843
2023-05-17,Kotak Flexicap Fund - Regular - Growth,152.03343410848046,Mutual Fund,120843
2023-05-18,Kotak Flexicap Fund - Regular - Growth,151.55640503194545,Mutual Fund,120843
2023-05-19,Kotak Flexicap Fund - Regular - Growth,151.90561195357523,Mutual Fund,120843
2023-05-22,Kotak Flexicap Fund - Regular - Growth,151.37849582574506,Mutual Fund,120843
2023-05-23,Kotak Flexicap Fund - Regular - Growth,152.6695396599289,Mutual Fund,120843
2023-05-24,Kotak Flexicap Fund - Regular - Growth,153.0327709559213,Mutual Fund,120843
2023-05-25,Kotak Flexicap Fund - Regular - Growth,152.69237935531947,Mutual Fund,120843
2023-05-26,Kotak Flexicap Fund - Regular - Growth,149.84623275252383,Mutual Fund,120843
2023-05-29,Kotak Flexicap Fund - Regular - Growth,150.30362770495114,Mutual Fund,120843
2023-05-30,Kotak Flexicap Fund - Regular - Growth,149.92456890074942,Mutual Fund,120843
2023-05-31,Kotak Flexicap Fund - Regular - Growth,149.92196437408208,Mutual Fund,120843
2023-06-01,Kotak Flexicap Fund - Regular - Growth,148.23403074543552,Mutual Fund,120843
2023-06-02,Kotak Flexicap Fund - Regular - Growth,150.4805351701256,Mutual Fund,120843
2023-06-05,Kotak Flexicap Fund - Regular - Growth,151.87596041920847,Mutual Fund,120843
2023-06-06,Kotak Flexicap Fund - Regular - Growth,154.17355363621965,Mutual Fund,120843
2023-06-07,Kotak Flexicap Fund - Regular - Growth,156.0590305951743,Mutual Fund,120843
2023-06-08,Kotak Flexicap Fund - Regular - Growth,157.08701723595598,Mutual Fund,120843
2023-06-09,Kotak Flexicap Fund - Regular - Growth,155.38125261704835,Mutual Fund,120843
2023-06-12,Kotak Flexicap Fund - Regular - Growth,158.38948091783513,Mutual Fund,120843
2023-06-13,Kotak Flexicap Fund - Regular - Growth,157.0088814359356,Mutual Fund,120843
2023-06-14,Kotak Flexicap Fund - Regular - Growth,156.67790620097725,Mutual Fund,120843
2023-06-15,Kotak Flexicap Fund - Regular - Growth,157.89221667257686,Mutual Fund,120843
2023-06-16,Kotak Flexicap Fund - Regular - Growth,159.1954817472767,Mutual Fund,120843
2023-06-19,Kotak Flexicap Fund - Regular - Growth,160.2116478439527,Mutual Fund,120843
2023-06-20,Kotak Flexicap Fund - Regular - Growth,159.66169202073192,Mutual Fund,120843
2023-06-21,Kotak Flexicap Fund - Regular - Growth,158.78236374819429,Mutual Fund,120843
2023-06-22,Kotak Flexicap Fund - Regular - Growth,162.98787292314032,Mutual Fund,120843
2023-06-23,Kotak Flexicap Fund - Regular - Growth,163.0203293323796,Mutual Fund,120843
2023-06-26,Kotak Flexicap Fund - Regular - Growth,162.85163614361753,Mutual Fund,120843
2023-06-27,Kotak Flexicap Fund - Regular - Growth,161.78077498692718,Mutual Fund,120843
2023-06-28,Kotak Flexicap Fund - Regular - Growth,162.27683714295438,Mutual Fund,120843
2023-06-29,Kotak Flexicap Fund - Regular - Growth,162.697969070244,Mutual Fund,120843
2023-06-30,Kotak Flexicap Fund - Regular - Growth,162.76809094205723,Mutual Fund,120843
2023-07-03,Kotak Flexicap Fund - Regular - Growth,163.49295074840063,Mutual Fund,120843
2023-07-04,Kotak Flexicap Fund - Regular - Growth,166.524018744578,Mutual Fund,120843
2023-07-05,Kotak Flexicap Fund - Regular - Growth,165.62685948177923,Mutual Fund,120843
2023-07-06,Kotak Flexicap Fund - Regular - Growth,165.79735580438793,Mutual Fund,120843
2023-07-07,Kotak Flexicap Fund - Regular - Growth,164.81645099182373,Mutual Fund,120843
2023-07-10,Kotak Flexicap Fund - Regular - Growth,165.40507401864437,Mutual Fund,120843
2023-07-11,Kotak Flexicap Fund - Regular - Growth,164.55800180714076,Mutual Fund,120843
2023-07-12,Kotak Flexicap Fund - Regular - Growth,163.78626052078508,Mutual Fund,120843
2023-07-13,Kotak Flexicap Fund - Regular - Growth,161.49067078582573,Mutual Fund,120843
2023-07-14,Kotak Flexicap Fund - Regular - Growth,161.74611474743102,Mutual Fund,120843
2023-07-17,Kotak Flexicap Fund - Regular - Growth,162.5449030414861,Mutual Fund,120843
2023-07-18,Kotak Flexicap Fund - Regular - Growth,165.72042209359867,Mutual Fund,120843
2023-07-19,Kotak Flexicap Fund - Regular - Growth,166.60556046408658,Mutual Fund,120843
2023-07-20,Kotak Flexicap Fund - Regular - Growth,165.95102287776155,Mutual Fund,120843
2023-07-21,Kotak Flexicap Fund - Regular - Growth,163.7896664402732,Mutual Fund,120843
2023-07-24,Kotak Flexicap Fund - Regular - Growth,161.88215117874867,Mutual Fund,120843
2023-07-25,Kotak Flexicap Fund - Regular - Growth,159.8770663413012,Mutual Fund,120843
2023-07-26,Kotak Flexicap Fund - Regular - Growth,163.02934500161282,Mutual Fund,120843
2023-07-27,Kotak Flexicap Fund - Regular - Growth,163.60013703817236,Mutual Fund,120843
2023-07-28,Kotak Flexicap Fund - Regular - Growth,162.73863975589578,Mutual Fund,120843
2023-07-31,Kotak Flexicap Fund - Regular - Growth,161.2676832334598,Mutual Fund,120843
2023-08-01,Kotak Flexicap Fund - Regular - Growth,159.97744079209667,Mutual Fund,120843
2023-08-02,Kotak Flexicap Fund - Regular - Growth,159.09270311801916,Mutual Fund,120843
2023-08-03,Kotak Flexicap Fund - Regular - Growth,161.31336262424094,Mutual Fund,120843
2023-08-04,Kotak Flexicap Fund - Regular - Growth,161.36064480066358,Mutual Fund,120843
2023-08-07,Kotak Flexicap Fund - Regular - Growth,159.11834768828226,Mutual Fund,120843
2023-08-08,Kotak Flexicap Fund - Regular - Growth,162.96423183492914,Mutual Fund,120843
2023-08-09,Kotak Flexicap Fund - Regular - Growth,161.19816240626213,Mutual Fund,120843
2023-08-10,Kotak Flexicap Fund - Regular - Growth,160.33646477578034,Mutual Fund,120843
2023-08-11,Kotak Flexicap Fund - Regular - Growth,162.5643368173887,Mutual Fund,120843
2023-08-14,Kotak Flexicap Fund - Regular - Growth,163.34329063913086,Mutual Fund,120843
2023-08-15,Kotak Flexicap Fund - Regular - Growth,162.6683175358774,Mutual Fund,120843
2023-08-16,Kotak Flexicap Fund - Regular - Growth,160.75759670306996,Mutual Fund,120843
2023-08-17,Kotak Flexicap Fund - Regular - Growth,159.2936523678153,Mutual Fund,120843
2023-08-18,Kotak Flexicap Fund - Regular - Growth,157.9386974561789,Mutual Fund,120843
2023-08-21,Kotak Flexicap Fund - Regular - Growth,158.04408061210387,Mutual Fund,120843
2023-08-22,Kotak Flexicap Fund - Regular - Growth,158.44297388861847,Mutual Fund,120843
2023-08-23,Kotak Flexicap Fund - Regular - Growth,158.2999252701195,Mutual Fund,120843
2023-08-24,Kotak Flexicap Fund - Regular - Growth,158.33158028653804,Mutual Fund,120843
2023-08-25,Kotak Flexicap Fund - Regular - Growth,156.75704374202368,Mutual Fund,120843
2023-08-28,Kotak Flexicap Fund - Regular - Growth,157.3144124488361,Mutual Fund,120843
2023-08-29,Kotak Flexicap Fund - Regular - Growth,159.4527288427287,Mutual Fund,120843
2023-08-30,Kotak Flexicap Fund - Regular - Growth,159.28623948422361,Mutual Fund,120843
2023-08-31,Kotak Flexicap Fund - Regular - Growth,159.08849580571035,Mutual Fund,120843
2023-09-01,Kotak Flexicap Fund - Regular - Growth,159.31649206320589,Mutual Fund,120843
2023-09-04,Kotak Flexicap Fund - Regular - Growth,161.217996878575,Mutual Fund,120843
2023-09-05,Kotak Flexicap Fund - Regular - Growth,159.86584684181108,Mutual Fund,120843
2023-09-06,Kotak Flexicap Fund - Regular - Growth,162.31730748040096,Mutual Fund,120843
2023-09-07,Kotak Flexicap Fund - Regular - Growth,163.10507662317107,Mutual Fund,120843
2023-09-08,Kotak Flexicap Fund - Regular - Growth,163.2493273309011,Mutual Fund,120843
2023-09-11,Kotak Flexicap Fund - Regular - Growth,165.35618905658038,Mutual Fund,120843
2023-09-12,Kotak Flexicap Fund - Regular - Growth,163.49515457865775,Mutual Fund,120843
2023-09-13,Kotak Flexicap Fund - Regular - Growth,164.45562387429356,Mutual Fund,120843
2023-09-14,Kotak Flexicap Fund - Regular - Growth,165.2686368909165,Mutual Fund,120843
2023-09-15,Kotak Flexicap Fund - Regular - Growth,163.81531101053636,Mutual Fund,120843
2023-09-18,Kotak Flexicap Fund - Regular - Growth,164.67560620358188,Mutual Fund,120843
2023-09-19,Kotak Flexicap Fund - Regular - Growth,165.24479545449998,Mutual Fund,120843
2023-09-20,Kotak Flexicap Fund - Regular - Growth,165.04564933855045,Mutual Fund,120843
2023-09-21,Kotak Flexicap Fund - Regular - Growth,166.58632703638926,Mutual Fund,120843
2023-09-22,Kotak Flexicap Fund - Regular - Growth,165.72763462898524,Mutual Fund,120843
2023-09-25,Kotak Flexicap Fund - Regular - Growth,166.27879254143704,Mutual Fund,120843
2023-09-26,Kotak Flexicap Fund - Regular - Growth,166.15718118089242,Mutual Fund,120843
2023-09-27,Kotak Flexicap Fund - Regular - Growth,165.22916829449588,Mutual Fund,120843
2023-09-28,Kotak Flexicap Fund - Regular - Growth,166.16759928756184,Mutual Fund,120843
2023-09-29,Kotak Flexicap Fund - Regular - Growth,165.91876681672753,Mutual Fund,120843
2023-10-02,Kotak Flexicap Fund - Regular - Growth,163.5710865484212,Mutual Fund,120843
2023-10-03,Kotak Flexicap Fund - Regular - Growth,160.7241385528048,Mutual Fund,120843
2023-10-04,Kotak Flexicap Fund - Regular - Growth,162.10393664188362,Mutual Fund,120843
2023-10-05,Kotak Flexicap Fund - Regular - Growth,160.21725759369787,Mutual Fund,120843
2023-10-06,Kotak Flexicap Fund - Regular - Growth,160.76460889025125,Mutual Fund,120843
2023-10-09,Kotak Flexicap Fund - Regular - Growth,160.94953028363298,Mutual Fund,120843
2023-10-10,Kotak Flexicap Fund - Regular - Growth,160.44825907427108,Mutual Fund,120843
2023-10-11,Kotak Flexicap Fund - Regular - Growth,163.74138252282464,Mutual Fund,120843
2023-10-12,Kotak Flexicap Fund - Regular - Growth,164.13586813882523,Mutual Fund,120843
2023-10-13,Kotak Flexicap Fund - Regular - Growth,165.48922026482023,Mutual Fund,120843
2023-10-16,Kotak Flexicap Fund - Regular - Growth,166.0638189172782,Mutual Fund,120843
2023-10-17,Kotak Flexicap Fund - Regular - Growth,165.77531750181814,Mutual Fund,120843
2023-10-18,Kotak Flexicap Fund - Regular - Growth,165.8420334541433,Mutual Fund,120843
2023-10-19,Kotak Flexicap Fund - Regular - Growth,168.39827620404265,Mutual Fund,120843
2023-10-20,Kotak Flexicap Fund - Regular - Growth,170.356679909683,Mutual Fund,120843
2023-10-23,Kotak Flexicap Fund - Regular - Growth,173.8449425100825,Mutual Fund,120843
2023-10-24,Kotak Flexicap Fund - Regular - Growth,174.3373983984164,Mutual Fund,120843
2023-10-25,Kotak Flexicap Fund - Regular - Growth,172.90631116881136,Mutual Fund,120843
2023-10-26,Kotak Flexicap Fund - Regular - Growth,172.2427579132532,Mutual Fund,120843
2023-10-27,Kotak Flexicap Fund - Regular - Growth,170.29437161787183,Mutual Fund,120843
2023-10-30,Kotak Flexicap Fund - Regular - Growth,171.7182463120904,Mutual Fund,120843
2023-10-31,Kotak Flexicap Fund - Regular - Growth,170.80866546057047,Mutual Fund,120843
2023-11-01,Kotak Flexicap Fund - Regular - Growth,165.72743428078,Mutual Fund,120843
2023-11-02,Kotak Flexicap Fund - Regular - Growth,169.99565244394756,Mutual Fund,120843
2023-11-03,Kotak Flexicap Fund - Regular - Growth,169.1213328765394,Mutual Fund,120843
2023-11-06,Kotak Flexicap Fund - Regular - Growth,168.24160390759138,Mutual Fund,120843
2023-11-07,Kotak Flexicap Fund - Regular - Growth,171.20194898734,Mutual Fund,120843
2023-11-08,Kotak Flexicap Fund - Regular - Growth,169.23052264836284,Mutual Fund,120843
2023-11-09,Kotak Flexicap Fund - Regular - Growth,171.2820882694122,Mutual Fund,120843
2023-11-10,Kotak Flexicap Fund - Regular - Growth,170.37250741789228,Mutual Fund,120843
2023-11-13,Kotak Flexicap Fund - Regular - Growth,168.21435655168682,Mutual Fund,120843
2023-11-14,Kotak Flexicap Fund - Regular - Growth,171.23320330734813,Mutual Fund,120843
2023-11-15,Kotak Flexicap Fund - Regular - Growth,172.9367640959988,Mutual Fund,120843
2023-11-16,Kotak Flexicap Fund - Regular - Growth,174.65174473234478,Mutual Fund,120843
2023-11-17,Kotak Flexicap Fund - Regular - Growth,175.4044529392083,Mutual Fund,120843
2023-11-20,Kotak Flexicap Fund - Regular - Growth,176.57188193079568,Mutual Fund,120843
2023-11-21,Kotak Flexicap Fund - Regular - Growth,174.4964748733298,Mutual Fund,120843
2023-11-22,Kotak Flexicap Fund - Regular - Growth,174.79699718110072,Mutual Fund,120843
2023-11-23,Kotak Flexicap Fund - Regular - Growth,173.2713455986504,Mutual Fund,120843
2023-11-24,Kotak Flexicap Fund - Regular - Growth,170.96433601599577,Mutual Fund,120843
2023-11-27,Kotak Flexicap Fund - Regular - Growth,171.77614694338757,Mutual Fund,120843
2023-11-28,Kotak Flexicap Fund - Regular - Growth,173.89663234701908,Mutual Fund,120843
2023-11-29,Kotak Flexicap Fund - Regular - Growth,173.32904588174245,Mutual Fund,120843
2023-11-30,Kotak Flexicap Fund - Regular - Growth,173.0619817242367,Mutual Fund,120843
2023-12-01,Kotak Flexicap Fund - Regular - Growth,171.18992809502913,Mutual Fund,120843
2023-12-04,Kotak Flexicap Fund - Regular - Growth,171.30432692018724,Mutual Fund,120843
2023-12-05,Kotak Flexicap Fund - Regular - Growth,172.72459534671253,Mutual Fund,120843
2023-12-06,Kotak Flexicap Fund - Regular - Growth,174.211579725563,Mutual Fund,120843
2023-12-07,Kotak Flexicap Fund - Regular - Growth,175.27582939148238,Mutual Fund,120843
2023-12-08,Kotak Flexicap Fund - Regular - Growth,174.29051691840414,Mutual Fund,120843
2023-12-11,Kotak Flexicap Fund - Regular - Growth,173.2551173940308,Mutual Fund,120843
2023-12-12,Kotak Flexicap Fund - Regular - Growth,174.75372196878172,Mutual Fund,120843
2023-12-13,Kotak Flexicap Fund - Regular - Growth,176.29480036303093,Mutual Fund,120843
2023-12-14,Kotak Flexicap Fund - Regular - Growth,176.09425180964513,Mutual Fund,120843
2023-12-15,Kotak Flexicap Fund - Regular - Growth,175.44372118742373,Mutual Fund,120843
2023-12-18,Kotak Flexicap Fund - Regular - Growth,177.62571349004568,Mutual Fund,120843
2023-12-19,Kotak Flexicap Fund - Regular - Growth,177.08777855913576,Mutual Fund,120843
2023-12-20,Kotak Flexicap Fund - Regular - Growth,178.5304859846413,Mutual Fund,120843
2023-12-21,Kotak Flexicap Fund - Regular - Growth,178.3906429374252,Mutual Fund,120843
2023-12-22,Kotak Flexicap Fund - Regular - Growth,176.62216933029603,Mutual Fund,120843
2023-12-25,Kotak Flexicap Fund - Regular - Growth,179.6227843992859,Mutual Fund,120843
2023-12-26,Kotak Flexicap Fund - Regular - Growth,179.9473484916785,Mutual Fund,120843
2023-12-27,Kotak Flexicap Fund - Regular - Growth,178.76910069701134,Mutual Fund,120843
2023-12-28,Kotak Flexicap Fund - Regular - Growth,176.38555809997771,Mutual Fund,120843
2023-12-29,Kotak Flexicap Fund - Regular - Growth,174.21077833274222,Mutual Fund,120843
2024-01-01,Kotak Flexicap Fund - Regular - Growth,173.6606221613163,Mutual Fund,120843
2024-01-02,Kotak Flexicap Fund - Regular - Growth,177.16851888582352,Mutual Fund,120843
2024-01-03,Kotak Flexicap Fund - Regular - Growth,176.23249207121972,Mutual Fund,120843
2024-01-04,Kotak Flexicap Fund - Regular - Growth,178.9287782165403,Mutual Fund,120843
2024-01-05,Kotak Flexicap Fund - Regular - Growth,178.79955362419884,Mutual Fund,120843
2024-01-08,Kotak Flexicap Fund - Regular - Growth,176.78865868880115,Mutual Fund,120843
2024-01-09,Kotak Flexicap Fund - Regular - Growth,176.0523790347624,Mutual Fund,120843
2024-01-10,Kotak Flexicap Fund - Regular - Growth,173.89743373983984,Mutual Fund,120843
2024-01-11,Kotak Flexicap Fund - Regular - Growth,172.50621580306574,Mutual Fund,120843
2024-01-12,Kotak Flexicap Fund - Regular - Growth,171.07472787705032,Mutual Fund,120843
2024-01-15,Kotak Flexicap Fund - Regular - Growth,167.92345095776457,Mutual Fund,120843
2024-01-16,Kotak Flexicap Fund - Regular - Growth,170.6049113359018,Mutual Fund,120843
2024-01-17,Kotak Flexicap Fund - Regular - Growth,171.06991952012598,Mutual Fund,120843
2024-01-18,Kotak Flexicap Fund - Regular - Growth,169.99184582804915,Mutual Fund,120843
2024-01-19,Kotak Flexicap Fund - Regular - Growth,170.47368326150846,Mutual Fund,120843
2024-01-22,Kotak Flexicap Fund - Regular - Growth,169.1447736165455,Mutual Fund,120843
2024-01-23,Kotak Flexicap Fund - Regular - Growth,164.74993538770383,Mutual Fund,120843
2024-01-24,Kotak Flexicap Fund - Regular - Growth,169.83457248698235,Mutual Fund,120843
2024-01-25,Kotak Flexicap Fund - Regular - Growth,170.2607131194015,Mutual Fund,120843
2024-01-26,Kotak Flexicap Fund - Regular - Growth,169.35373679454892,Mutual Fund,120843
2024-01-29,Kotak Flexicap Fund - Regular - Growth,166.18362714397622,Mutual Fund,120843
2024-01-30,Kotak Flexicap Fund - Regular - Growth,163.7970793238649,Mutual Fund,120843
2024-01-31,Kotak Flexicap Fund - Regular - Growth,166.6506388102522,Mutual Fund,120843
2024-02-01,Kotak Flexicap Fund - Regular - Growth,169.29323163658435,Mutual Fund,120843
2024-02-02,Kotak Flexicap Fund - Regular - Growth,170.685050617974,Mutual Fund,120843
2024-02-05,Kotak Flexicap Fund - Regular - Growth,168.87790980724498,Mutual Fund,120843
2024-02-06,Kotak Flexicap Fund - Regular - Growth,171.5697882920516,Mutual Fund,120843
2024-02-07,Kotak Flexicap Fund - Regular - Growth,172.45192143946178,Mutual Fund,120843
2024-02-08,Kotak Flexicap Fund - Regular - Growth,173.69748623106963,Mutual Fund,120843
2024-02-09,Kotak Flexicap Fund - Regular - Growth,174.584227387199,Mutual Fund,120843
2024-02-12,Kotak Flexicap Fund - Regular - Growth,172.05483129679388,Mutual Fund,120843
2024-02-13,Kotak Flexicap Fund - Regular - Growth,170.09081784140844,Mutual Fund,120843
2024-02-14,Kotak Flexicap Fund - Regular - Growth,169.31907655505273,Mutual Fund,120843
2024-02-15,Kotak Flexicap Fund - Regular - Growth,170.52256822357265,Mutual Fund,120843
2024-02-16,Kotak Flexicap Fund - Regular - Growth,168.26664743323903,Mutual Fund,120843
2024-02-19,Kotak Flexicap Fund - Regular - Growth,168.06950479934133,Mutual Fund,120843
2024-02-20,Kotak Flexicap Fund - Regular - Growth,167.87055903159697,Mutual Fund,120843
2024-02-21,Kotak Flexicap Fund - Regular - Growth,169.31787446582166,Mutual Fund,120843
2024-02-22,Kotak Flexicap Fund - Regular - Growth,170.5746587569196,Mutual Fund,120843
2024-02-23,Kotak Flexicap Fund - Regular - Growth,168.94723028623756,Mutual Fund,120843
2024-02-26,Kotak Flexicap Fund - Regular - Growth,171.53072039204142,Mutual Fund,120843
2024-02-27,Kotak Flexicap Fund - Regular - Growth,169.6324211479552,Mutual Fund,120843
2024-02-28,Kotak Flexicap Fund - Regular - Growth,171.6122621115499,Mutual Fund,120843
2024-02-29,Kotak Flexicap Fund - Regular - Growth,170.76498955184115,Mutual Fund,120843
2024-03-01,Kotak Flexicap Fund - Regular - Growth,171.14925740937753,Mutual Fund,120843
2024-03-04,Kotak Flexicap Fund - Regular - Growth,171.64151294950628,Mutual Fund,120843
2024-03-05,Kotak Flexicap Fund - Regular - Growth,172.08628596500722,Mutual Fund,120843
2024-03-06,Kotak Flexicap Fund - Regular - Growth,173.36330542482838,Mutual Fund,120843
2024-03-07,Kotak Flexicap Fund - Regular - Growth,174.15247700503477,Mutual Fund,120843
2024-03-08,Kotak Flexicap Fund - Regular - Growth,175.63785859824378,Mutual Fund,120843
2024-03-11,Kotak Flexicap Fund - Regular - Growth,176.56747427028176,Mutual Fund,120843
2024-03-12,Kotak Flexicap Fund - Regular - Growth,174.4351683225446,Mutual Fund,120843
2024-03-13,Kotak Flexicap Fund - Regular - Growth,175.01437498372172,Mutual Fund,120843
2024-03-14,Kotak Flexicap Fund - Regular - Growth,174.1260310419509,Mutual Fund,120843
2024-03-15,Kotak Flexicap Fund - Regular - Growth,172.2926446163432,Mutual Fund,120843
2024-03-18,Kotak Flexicap Fund - Regular - Growth,171.89234890239237,Mutual Fund,120843
2024-03-19,Kotak Flexicap Fund - Regular - Growth,172.31267943686132,Mutual Fund,120843
2024-03-20,Kotak Flexicap Fund - Regular - Growth,172.84981297495048,Mutual Fund,120843
2024-03-21,Kotak Flexicap Fund - Regular - Growth,174.80340832366653,Mutual Fund,120843
2024-03-22,Kotak Flexicap Fund - Regular - Growth,177.22722090994148,Mutual Fund,120843
2024-03-25,Kotak Flexicap Fund - Regular - Growth,177.93485077063934,Mutual Fund,120843
2024-03-26,Kotak Flexicap Fund - Regular - Growth,178.97125203603866,Mutual Fund,120843
2024-03-27,Kotak Flexicap Fund - Regular - Growth,179.24993638944485,Mutual Fund,120843
2024-03-28,Kotak Flexicap Fund - Regular - Growth,180.74894166060614,Mutual Fund,120843
2024-03-29,Kotak Flexicap Fund - Regular - Growth,181.74647537420037,Mutual Fund,120843
2024-04-01,Kotak Flexicap Fund - Regular - Growth,181.75488999881796,Mutual Fund,120843
2024-04-02,Kotak Flexicap Fund - Regular - Growth,185.85080870553023,Mutual Fund,120843
2024-04-03,Kotak Flexicap Fund - Regular - Growth,184.94042646118956,Mutual Fund,120843
2024-04-04,Kotak Flexicap Fund - Regular - Growth,187.78336749270235,Mutual Fund,120843
2024-04-05,Kotak Flexicap Fund - Regular - Growth,185.34773436232175,Mutual Fund,120843
2024-04-08,Kotak Flexicap Fund - Regular - Growth,186.98518024326282,Mutual Fund,120843
2024-04-09,Kotak Flexicap Fund - Regular - Growth,189.82531639990304,Mutual Fund,120843
2024-04-10,Kotak Flexicap Fund - Regular - Growth,186.32202768411503,Mutual Fund,120843
2024-04-11,Kotak Flexicap Fund - Regular - Growth,186.6942746493406,Mutual Fund,120843
2024-04-12,Kotak Flexicap Fund - Regular - Growth,188.15721724356936,Mutual Fund,120843
2024-04-15,Kotak Flexicap Fund - Regular - Growth,188.74804410064695,Mutual Fund,120843
2024-04-16,Kotak Flexicap Fund - Regular - Growth,189.58169298240344,Mutual Fund,120843
2024-04-17,Kotak Flexicap Fund - Regular - Growth,189.95514203686008,Mutual Fund,120843
2024-04-18,Kotak Flexicap Fund - Regular - Growth,187.98351534967776,Mutual Fund,120843
2024-04-19,Kotak Flexicap Fund - Regular - Growth,192.6388062452543,Mutual Fund,120843
2024-04-22,Kotak Flexicap Fund - Regular - Growth,191.77770965938805,Mutual Fund,120843
2024-04-23,Kotak Flexicap Fund - Regular - Growth,192.73357094630467,Mutual Fund,120843
2024-04-24,Kotak Flexicap Fund - Regular - Growth,191.59499209626333,Mutual Fund,120843
2024-04-25,Kotak Flexicap Fund - Regular - Growth,187.36163452079714,Mutual Fund,120843
2024-04-26,Kotak Flexicap Fund - Regular - Growth,185.7344063983203,Mutual Fund,120843
2024-04-29,Kotak Flexicap Fund - Regular - Growth,183.1531201227734,Mutual Fund,120843
2024-04-30,Kotak Flexicap Fund - Regular - Growth,185.28963338281937,Mutual Fund,120843
2024-05-01,Kotak Flexicap Fund - Regular - Growth,184.26925997383455,Mutual Fund,120843
2024-05-02,Kotak Flexicap Fund - Regular - Growth,183.4261947264346,Mutual Fund,120843
2024-05-03,Kotak Flexicap Fund - Regular - Growth,181.57698079261763,Mutual Fund,120843
2024-05-06,Kotak Flexicap Fund - Regular - Growth,181.8574682798705,Mutual Fund,120843
2024-05-07,Kotak Flexicap Fund - Regular - Growth,180.65638078981274,Mutual Fund,120843
2024-05-08,Kotak Flexicap Fund - Regular - Growth,182.58092564877762,Mutual Fund,120843
2024-05-09,Kotak Flexicap Fund - Regular - Growth,183.24668273459278,Mutual Fund,120843
2024-05-10,Kotak Flexicap Fund - Regular - Growth,182.3020409471662,Mutual Fund,120843
2024-05-13,Kotak Flexicap Fund - Regular - Growth,183.9805582101693,Mutual Fund,120843
2024-05-14,Kotak Flexicap Fund - Regular - Growth,184.10477409738127,Mutual Fund,120843
2024-05-15,Kotak Flexicap Fund - Regular - Growth,184.25443420665118,Mutual Fund,120843
2024-05-16,Kotak Flexicap Fund - Regular - Growth,181.66613574392295,Mutual Fund,120843
2024-05-17,Kotak Flexicap Fund - Regular - Growth,181.64409744135307,Mutual Fund,120843
2024-05-20,Kotak Flexicap Fund - Regular - Growth,182.34231093640747,Mutual Fund,120843
2024-05-21,Kotak Flexicap Fund - Regular - Growth,184.91979059605595,Mutual Fund,120843
2024-05-22,Kotak Flexicap Fund - Regular - Growth,183.63295407418093,Mutual Fund,120843
2024-05-23,Kotak Flexicap Fund - Regular - Growth,188.0099613127616,Mutual Fund,120843
2024-05-24,Kotak Flexicap Fund - Regular - Growth,189.18079622383704,Mutual Fund,120843
2024-05-27,Kotak Flexicap Fund - Regular - Growth,186.41659203696022,Mutual Fund,120843
2024-05-28,Kotak Flexicap Fund - Regular - Growth,184.94543516631904,Mutual Fund,120843
2024-05-29,Kotak Flexicap Fund - Regular - Growth,187.72506616499473,Mutual Fund,120843
2024-05-30,Kotak Flexicap Fund - Regular - Growth,190.20517659692544,Mutual Fund,120843
2024-05-31,Kotak Flexicap Fund - Regular - Growth,190.35323392055392,Mutual Fund,120843
2024-06-03,Kotak Flexicap Fund - Regular - Growth,190.7545313755307,Mutual Fund,120843
2024-06-04,Kotak Flexicap Fund - Regular - Growth,188.6408578108753,Mutual Fund,120843
2024-06-05,Kotak Flexicap Fund - Regular - Growth,191.28385133361783,Mutual Fund,120843
2024-06-06,Kotak Flexicap Fund - Regular - Growth,189.50175404853636,Mutual Fund,120843
2024-06-07,Kotak Flexicap Fund - Regular - Growth,191.23596811257968,Mutual Fund,120843
2024-06-10,Kotak Flexicap Fund - Regular - Growth,193.9751287738089,Mutual Fund,120843
2024-06-11,Kotak Flexicap Fund - Regular - Growth,194.18489334463297,Mutual Fund,120843
2024-06-12,Kotak Flexicap Fund - Regular - Growth,196.20480394926383,Mutual Fund,120843
2024-06-13,Kotak Flexicap Fund - Regular - Growth,200.01182054410563,Mutual Fund,120843
2024-06-14,Kotak Flexicap Fund - Regular - Growth,200.67216822838088,Mutual Fund,120843
2024-06-17,Kotak Flexicap Fund - Regular - Growth,200.43715978370403,Mutual Fund,120843
2024-06-18,Kotak Flexicap Fund - Regular - Growth,200.42153262369996,Mutual Fund,120843
2024-06-19,Kotak Flexicap Fund - Regular - Growth,199.04453940949364,Mutual Fund,120843
2024-06-20,Kotak Flexicap Fund - Regular - Growth,197.6322849111756,Mutual Fund,120843
2024-06-21,Kotak Flexicap Fund - Regular - Growth,198.63362524066824,Mutual Fund,120843
2024-06-24,Kotak Flexicap Fund - Regular - Growth,198.42366032163895,Mutual Fund,120843
2024-06-25,Kotak Flexicap Fund - Regular - Growth,199.19840683107236,Mutual Fund,120843
2024-06-26,Kotak Flexicap Fund - Regular - Growth,196.34624978212128,Mutual Fund,120843
2024-06-27,Kotak Flexicap Fund - Regular - Growth,196.27993452620646,Mutual Fund,120843
2024-06-28,Kotak Flexicap Fund - Regular - Growth,198.44650001702954,Mutual Fund,120843
2024-07-01,Kotak Flexicap Fund - Regular - Growth,196.3378351575037,Mutual Fund,120843
2024-07-02,Kotak Flexicap Fund - Regular - Growth,196.48749526677358,Mutual Fund,120843
2024-07-03,Kotak Flexicap Fund - Regular - Growth,192.96357068585192,Mutual Fund,120843
2024-07-04,Kotak Flexicap Fund - Regular - Growth,190.55458386676037,Mutual Fund,120843
2024-07-05,Kotak Flexicap Fund - Regular - Growth,192.22648963899255,Mutual Fund,120843
2024-07-08,Kotak Flexicap Fund - Regular - Growth,191.742248027071,Mutual Fund,120843
2024-07-09,Kotak Flexicap Fund - Regular - Growth,195.41242679777451,Mutual Fund,120843
2024-07-10,Kotak Flexicap Fund - Regular - Growth,196.38291350366936,Mutual Fund,120843
2024-07-11,Kotak Flexicap Fund - Regular - Growth,197.55354806653963,Mutual Fund,120843
2024-07-12,Kotak Flexicap Fund - Regular - Growth,195.53804512242277,Mutual Fund,120843
2024-07-15,Kotak Flexicap Fund - Regular - Growth,194.89653016943444,Mutual Fund,120843
2024-07-16,Kotak Flexicap Fund - Regular - Growth,193.57783828293574,Mutual Fund,120843
2024-07-17,Kotak Flexicap Fund - Regular - Growth,191.62424293421967,Mutual Fund,120843
2024-07-18,Kotak Flexicap Fund - Regular - Growth,193.02547828125282,Mutual Fund,120843
2024-07-19,Kotak Flexicap Fund - Regular - Growth,194.83081595813522,Mutual Fund,120843
2024-07-22,Kotak Flexicap Fund - Regular - Growth,195.73218253324276,Mutual Fund,120843
2024-07-23,Kotak Flexicap Fund - Regular - Growth,194.22095602156546,Mutual Fund,120843
2024-07-24,Kotak Flexicap Fund - Regular - Growth,194.98548477253468,Mutual Fund,120843
2024-07-25,Kotak Flexicap Fund - Regular - Growth,191.37641220441128,Mutual Fund,120843
2024-07-26,Kotak Flexicap Fund - Regular - Growth,194.0610781538314,Mutual Fund,120843
2024-07-29,Kotak Flexicap Fund - Regular - Growth,191.6524920311502,Mutual Fund,120843
2024-07-30,Kotak Flexicap Fund - Regular - Growth,189.6131476506168,Mutual Fund,120843
2024-07-31,Kotak Flexicap Fund - Regular - Growth,189.94652706403735,Mutual Fund,120843
2024-08-01,Kotak Flexicap Fund - Regular - Growth,190.45120419288727,Mutual Fund,120843
2024-08-02,Kotak Flexicap Fund - Regular - Growth,190.4249585780086,Mutual Fund,120843
2024-08-05,Kotak Flexicap Fund - Regular - Growth,188.41827095491968,Mutual Fund,120843
2024-08-06,Kotak Flexicap Fund - Regular - Growth,190.69643039602835,Mutual Fund,120843
2024-08-07,Kotak Flexicap Fund - Regular - Growth,187.5948398316274,Mutual Fund,120843
2024-08-08,Kotak Flexicap Fund - Regular - Growth,184.92119303349227,Mutual Fund,120843
2024-08-09,Kotak Flexicap Fund - Regular - Growth,184.8320380821869,Mutual Fund,120843
2024-08-12,Kotak Flexicap Fund - Regular - Growth,182.60035942468016,Mutual Fund,120843
2024-08-13,Kotak Flexicap Fund - Regular - Growth,184.97448565607033,Mutual Fund,120843
2024-08-14,Kotak Flexicap Fund - Regular - Growth,182.89967964321997,Mutual Fund,120843
2024-08-15,Kotak Flexicap Fund - Regular - Growth,185.90329993528763,Mutual Fund,120843
2024-08-16,Kotak Flexicap Fund - Regular - Growth,187.9648829665961,Mutual Fund,120843
2024-08-19,Kotak Flexicap Fund - Regular - Growth,190.43257180980558,Mutual Fund,120843
2024-08-20,Kotak Flexicap Fund - Regular - Growth,194.20492816515122,Mutual Fund,120843
2024-08-21,Kotak Flexicap Fund - Regular - Growth,194.47980590265897,Mutual Fund,120843
2024-08-22,Kotak Flexicap Fund - Regular - Growth,192.61877142473634,Mutual Fund,120843
2024-08-23,Kotak Flexicap Fund - Regular - Growth,192.53362343753463,Mutual Fund,120843
2024-08-26,Kotak Flexicap Fund - Regular - Growth,191.55091549112373,Mutual Fund,120843
2024-08-27,Kotak Flexicap Fund - Regular - Growth,190.29994129797606,Mutual Fund,120843
2024-08-28,Kotak Flexicap Fund - Regular - Growth,190.70304188679944,Mutual Fund,120843
2024-08-29,Kotak Flexicap Fund - Regular - Growth,190.2179988820572,Mutual Fund,120843
2024-08-30,Kotak Flexicap Fund - Regular - Growth,188.89369724581343,Mutual Fund,120843
2024-09-02,Kotak Flexicap Fund - Regular - Growth,188.5392812708489,Mutual Fund,120843
2024-09-03,Kotak Flexicap Fund - Regular - Growth,189.6982956378187,Mutual Fund,120843
2024-09-04,Kotak Flexicap Fund - Regular - Growth,191.64968715627774,Mutual Fund,120843
2024-09-05,Kotak Flexicap Fund - Regular - Growth,188.69054416576023,Mutual Fund,120843
2024-09-06,Kotak Flexicap Fund - Regular - Growth,188.2269384189723,Mutual Fund,120843
2024-09-09,Kotak Flexicap Fund - Regular - Growth,188.07086716713664,Mutual Fund,120843
2024-09-10,Kotak Flexicap Fund - Regular - Growth,185.95318663837764,Mutual Fund,120843
2024-09-11,Kotak Flexicap Fund - Regular - Growth,185.83958920604024,Mutual Fund,120843
2024-09-12,Kotak Flexicap Fund - Regular - Growth,186.22786402768025,Mutual Fund,120843
2024-09-13,Kotak Flexicap Fund - Regular - Growth,187.31575478181094,Mutual Fund,120843
2024-09-16,Kotak Flexicap Fund - Regular - Growth,187.57300187726287,Mutual Fund,120843
2024-09-17,Kotak Flexicap Fund - Regular - Growth,186.02571268865307,Mutual Fund,120843
2024-09-18,Kotak Flexicap Fund - Regular - Growth,189.94973263532034,Mutual Fund,120843
2024-09-19,Kotak Flexicap Fund - Regular - Growth,191.65770108448504,Mutual Fund,120843
2024-09-20,Kotak Flexicap Fund - Regular - Growth,192.8431614145387,Mutual Fund,120843
2024-09-23,Kotak Flexicap Fund - Regular - Growth,194.92217473969785,Mutual Fund,120843
2024-09-24,Kotak Flexicap Fund - Regular - Growth,195.5196130875464,Mutual Fund,120843
2024-09-25,Kotak Flexicap Fund - Regular - Growth,198.18885222516758,Mutual Fund,120843
2024-09-26,Kotak Flexicap Fund - Regular - Growth,198.4206550985615,Mutual Fund,120843
2024-09-27,Kotak Flexicap Fund - Regular - Growth,198.54226645910614,Mutual Fund,120843
2024-09-30,Kotak Flexicap Fund - Regular - Growth,199.93648961895798,Mutual Fund,120843
2024-10-01,Kotak Flexicap Fund - Regular - Growth,203.2594649500835,Mutual Fund,120843
2024-10-02,Kotak Flexicap Fund - Regular - Growth,206.503703436573,Mutual Fund,120843
2024-10-03,Kotak Flexicap Fund - Regular - Growth,207.86506949077523,Mutual Fund,120843
2024-10-04,Kotak Flexicap Fund - Regular - Growth,209.0745716054505,Mutual Fund,120843
2024-10-07,Kotak Flexicap Fund - Regular - Growth,210.67194784535545,Mutual Fund,120843
2024-10-08,Kotak Flexicap Fund - Regular - Growth,212.9018233690156,Mutual Fund,120843
2024-10-09,Kotak Flexicap Fund - Regular - Growth,215.83552213747515,Mutual Fund,120843
2024-10-10,Kotak Flexicap Fund - Regular - Growth,215.4496514942973,Mutual Fund,120843
2024-10-11,Kotak Flexicap Fund - Regular - Growth,218.46088501816178,Mutual Fund,120843
2024-10-14,Kotak Flexicap Fund - Regular - Growth,219.3480268707015,Mutual Fund,120843
2024-10-15,Kotak Flexicap Fund - Regular - Growth,220.9233648080366,Mutual Fund,120843
2024-10-16,Kotak Flexicap Fund - Regular - Growth,224.15538205401015,Mutual Fund,120843
2024-10-17,Kotak Flexicap Fund - Regular - Growth,225.98416047089867,Mutual Fund,120843
2024-10-18,Kotak Flexicap Fund - Regular - Growth,228.2158391284054,Mutual Fund,120843
2024-10-21,Kotak Flexicap Fund - Regular - Growth,227.45732082359166,Mutual Fund,120843
2024-10-22,Kotak Flexicap Fund - Regular - Growth,231.05577493684052,Mutual Fund,120843
2024-10-23,Kotak Flexicap Fund - Regular - Growth,232.8202415798661,Mutual Fund,120843
2024-10-24,Kotak Flexicap Fund - Regular - Growth,233.25499718510798,Mutual Fund,120843
2024-10-25,Kotak Flexicap Fund - Regular - Growth,235.998365158646,Mutual Fund,120843
2024-10-28,Kotak Flexicap Fund - Regular - Growth,242.37925514544307,Mutual Fund,120843
2024-10-29,Kotak Flexicap Fund - Regular - Growth,239.68296900012248,Mutual Fund,120843
2024-10-30,Kotak Flexicap Fund - Regular - Growth,237.8906539565768,Mutual Fund,120843
2024-10-31,Kotak Flexicap Fund - Regular - Growth,244.56264988550132,Mutual Fund,120843
2024-11-01,Kotak Flexicap Fund - Regular - Growth,245.7631363309435,Mutual Fund,120843
2024-11-04,Kotak Flexicap Fund - Regular - Growth,246.38281332956709,Mutual Fund,120843
2024-11-05,Kotak Flexicap Fund - Regular - Growth,246.24297028235102,Mutual Fund,120843
2024-11-06,Kotak Flexicap Fund - Regular - Growth,249.40907296882008,Mutual Fund,120843
2024-11-07,Kotak Flexicap Fund - Regular - Growth,256.2128980167534,Mutual Fund,120843
2024-11-08,Kotak Flexicap Fund - Regular - Growth,254.65238584660165,Mutual Fund,120843
2024-11-11,Kotak Flexicap Fund - Regular - Growth,254.55521696708905,Mutual Fund,120843
2024-11-12,Kotak Flexicap Fund - Regular - Growth,253.80811850997057,Mutual Fund,120843
2024-11-13,Kotak Flexicap Fund - Regular - Growth,255.8420534889641,Mutual Fund,120843
2024-11-14,Kotak Flexicap Fund - Regular - Growth,259.16783369496216,Mutual Fund,120843
2024-11-15,Kotak Flexicap Fund - Regular - Growth,263.5935255474017,Mutual Fund,120843
2024-11-18,Kotak Flexicap Fund - Regular - Growth,265.79675475977285,Mutual Fund,120843
2024-11-19,Kotak Flexicap Fund - Regular - Growth,272.7947172185262,Mutual Fund,120843
2024-11-20,Kotak Flexicap Fund - Regular - Growth,271.3804592381563,Mutual Fund,120843
2024-11-21,Kotak Flexicap Fund - Regular - Growth,269.2675870663216,Mutual Fund,120843
2024-11-22,Kotak Flexicap Fund - Regular - Growth,273.4476520192097,Mutual Fund,120843
2024-11-25,Kotak Flexicap Fund - Regular - Growth,273.9495242731872,Mutual Fund,120843
2024-11-26,Kotak Flexicap Fund - Regular - Growth,270.3372461337808,Mutual Fund,120843
2024-11-27,Kotak Flexicap Fund - Regular - Growth,269.63803089770056,Mutual Fund,120843
2024-11-28,Kotak Flexicap Fund - Regular - Growth,270.49471982305283,Mutual Fund,120843
2024-11-29,Kotak Flexicap Fund - Regular - Growth,268.89854567237893,Mutual Fund,120843
2024-12-02,Kotak Flexicap Fund - Regular - Growth,266.32106601273045,Mutual Fund,120843
2024-12-03,Kotak Flexicap Fund - Regular - Growth,265.9225734326262,Mutual Fund,120843
2024-12-04,Kotak Flexicap Fund - Regular - Growth,263.241113054489,Mutual Fund,120843
2024-12-05,Kotak Flexicap Fund - Regular - Growth,265.0895255954853,Mutual Fund,120843
2024-12-06,Kotak Flexicap Fund - Regular - Growth,260.10125598289864,Mutual Fund,120843
2024-12-09,Kotak Flexicap Fund - Regular - Growth,260.493337420437,Mutual Fund,120843
2024-12-10,Kotak Flexicap Fund - Regular - Growth,262.0167851726303,Mutual Fund,120843
2024-12-11,Kotak Flexicap Fund - Regular - Growth,261.9338410156855,Mutual Fund,120843
2024-12-12,Kotak Flexicap Fund - Regular - Growth,264.99355880520375,Mutual Fund,120843
2024-12-13,Kotak Flexicap Fund - Regular - Growth,261.51371082942177,Mutual Fund,120843
2024-12-16,Kotak Flexicap Fund - Regular - Growth,259.8269792900063,Mutual Fund,120843
2024-12-17,Kotak Flexicap Fund - Regular - Growth,259.11814734007737,Mutual Fund,120843
2024-12-18,Kotak Flexicap Fund - Regular - Growth,261.1416642124014,Mutual Fund,120843
2024-12-19,Kotak Flexicap Fund - Regular - Growth,261.87333585772103,Mutual Fund,120843
2024-12-20,Kotak Flexicap Fund - Regular - Growth,267.75155219772,Mutual Fund,120843
2024-12-23,Kotak Flexicap Fund - Regular - Growth,265.74386283360514,Mutual Fund,120843
2024-12-24,Kotak Flexicap Fund - Regular - Growth,262.1896856737012,Mutual Fund,120843
2024-12-25,Kotak Flexicap Fund - Regular - Growth,267.11925326217,Mutual Fund,120843
2024-12-26,Kotak Flexicap Fund - Regular - Growth,263.4514786699287,Mutual Fund,120843
2024-12-27,Kotak Flexicap Fund - Regular - Growth,265.4295164996768,Mutual Fund,120843
2024-12-30,Kotak Flexicap Fund - Regular - Growth,262.98066038775426,Mutual Fund,120843
2024-12-31,Kotak Flexicap Fund - Regular - Growth,257.7058928417593,Mutual Fund,120843
2025-01-01,Kotak Flexicap Fund - Regular - Growth,256.8870697271862,Mutual Fund,120843
2025-01-02,Kotak Flexicap Fund - Regular - Growth,259.3810041852744,Mutual Fund,120843
2025-01-03,Kotak Flexicap Fund - Regular - Growth,256.3589518583301,Mutual Fund,120843
2025-01-06,Kotak Flexicap Fund - Regular - Growth,258.00541340850435,Mutual Fund,120843
2025-01-07,Kotak Flexicap Fund - Regular - Growth,260.151543382399,Mutual Fund,120843
2025-01-08,Kotak Flexicap Fund - Regular - Growth,256.9912507938801,Mutual Fund,120843
2025-01-09,Kotak Flexicap Fund - Regular - Growth,256.55469205479153,Mutual Fund,120843
2025-01-10,Kotak Flexicap Fund - Regular - Growth,260.82050603949705,Mutual Fund,120843
2025-01-13,Kotak Flexicap Fund - Regular - Growth,262.69276001690974,Mutual Fund,120843
2025-01-14,Kotak Flexicap Fund - Regular - Growth,262.15742961266716,Mutual Fund,120843
2025-01-15,Kotak Flexicap Fund - Regular - Growth,263.41381320735474,Mutual Fund,120843
2025-01-16,Kotak Flexicap Fund - Regular - Growth,261.75633250589556,Mutual Fund,120843
2025-01-17,Kotak Flexicap Fund - Regular - Growth,264.8687418733763,Mutual Fund,120843
2025-01-20,Kotak Flexicap Fund - Regular - Growth,268.0170135695843,Mutual Fund,120843
2025-01-21,Kotak Flexicap Fund - Regular - Growth,268.5036593599679,Mutual Fund,120843
2025-01-22,Kotak Flexicap Fund - Regular - Growth,269.2888239760708,Mutual Fund,120843
2025-01-23,Kotak Flexicap Fund - Regular - Growth,266.75041221643255,Mutual Fund,120843
2025-01-24,Kotak Flexicap Fund - Regular - Growth,263.2966095073241,Mutual Fund,120843
2025-01-27,Kotak Flexicap Fund - Regular - Growth,262.4551470455656,Mutual Fund,120843
2025-01-28,Kotak Flexicap Fund - Regular - Growth,262.380216816828,Mutual Fund,120843
2025-01-29,Kotak Flexicap Fund - Regular - Growth,265.3634015919672,Mutual Fund,120843
2025-01-30,Kotak Flexicap Fund - Regular - Growth,268.00158675778533,Mutual Fund,120843
2025-01-31,Kotak Flexicap Fund - Regular - Growth,268.66113304923994,Mutual Fund,120843
2025-02-03,Kotak Flexicap Fund - Regular - Growth,272.0662511444894,Mutual Fund,120843
2025-02-04,Kotak Flexicap Fund - Regular - Growth,269.65185492385797,Mutual Fund,120843
2025-02-05,Kotak Flexicap Fund - Regular - Growth,272.75805349697805,Mutual Fund,120843
2025-02-06,Kotak Flexicap Fund - Regular - Growth,270.7547717933772,Mutual Fund,120843
2025-02-07,Kotak Flexicap Fund - Regular - Growth,274.3223722830282,Mutual Fund,120843
2025-02-10,Kotak Flexicap Fund - Regular - Growth,274.4487920004971,Mutual Fund,120843
2025-02-11,Kotak Flexicap Fund - Regular - Growth,269.13655934013343,Mutual Fund,120843
2025-02-12,Kotak Flexicap Fund - Regular - Growth,271.2860952335161,Mutual Fund,120843
2025-02-13,Kotak Flexicap Fund - Regular - Growth,273.6714409643964,Mutual Fund,120843
2025-02-14,Kotak Flexicap Fund - Regular - Growth,272.57713906769993,Mutual Fund,120843
2025-02-17,Kotak Flexicap Fund - Regular - Growth,271.72085083875805,Mutual Fund,120843
2025-02-18,Kotak Flexicap Fund - Regular - Growth,271.44577275304505,Mutual Fund,120843
2025-02-19,Kotak Flexicap Fund - Regular - Growth,266.3879823132607,Mutual Fund,120843
2025-02-20,Kotak Flexicap Fund - Regular - Growth,260.2687470824295,Mutual Fund,120843
2025-02-21,Kotak Flexicap Fund - Regular - Growth,263.86279353516437,Mutual Fund,120843
2025-02-24,Kotak Flexicap Fund - Regular - Growth,261.83607109155736,Mutual Fund,120843
2025-02-25,Kotak Flexicap Fund - Regular - Growth,266.9371367436608,Mutual Fund,120843
2025-02-26,Kotak Flexicap Fund - Regular - Growth,270.8108692908277,Mutual Fund,120843
2025-02-27,Kotak Flexicap Fund - Regular - Growth,275.2862474981521,Mutual Fund,120843
2025-02-28,Kotak Flexicap Fund - Regular - Growth,273.6508050992628,Mutual Fund,120843
2025-03-03,Kotak Flexicap Fund - Regular - Growth,269.4106356848205,Mutual Fund,120843
2025-03-04,Kotak Flexicap Fund - Regular - Growth,266.63400990922247,Mutual Fund,120843
2025-03-05,Kotak Flexicap Fund - Regular - Growth,265.5950041171559,Mutual Fund,120843
2025-03-06,Kotak Flexicap Fund - Regular - Growth,259.4717619222211,Mutual Fund,120843
2025-03-07,Kotak Flexicap Fund - Regular - Growth,258.38507325732144,Mutual Fund,120843
2025-03-10,Kotak Flexicap Fund - Regular - Growth,258.01402838132697,Mutual Fund,120843
2025-03-11,Kotak Flexicap Fund - Regular - Growth,254.82127938356888,Mutual Fund,120843
2025-03-12,Kotak Flexicap Fund - Regular - Growth,252.31312020291287,Mutual Fund,120843
2025-03-13,Kotak Flexicap Fund - Regular - Growth,251.90260673049784,Mutual Fund,120843
2025-03-14,Kotak Flexicap Fund - Regular - Growth,252.95924316462032,Mutual Fund,120843
2025-03-17,Kotak Flexicap Fund - Regular - Growth,250.84757308201677,Mutual Fund,120843
2025-03-18,Kotak Flexicap Fund - Regular - Growth,251.73731946122385,Mutual Fund,120843
2025-03-19,Kotak Flexicap Fund - Regular - Growth,252.23478405468728,Mutual Fund,120843
2025-03-20,Kotak Flexicap Fund - Regular - Growth,252.50425239065524,Mutual Fund,120843
2025-03-21,Kotak Flexicap Fund - Regular - Growth,250.99983771795408,Mutual Fund,120843
2025-03-24,Kotak Flexicap Fund - Regular - Growth,247.79647026532143,Mutual Fund,120843
2025-03-25,Kotak Flexicap Fund - Regular - Growth,252.219958287504,Mutual Fund,120843
2025-03-26,Kotak Flexicap Fund - Regular - Growth,253.97861483257938,Mutual Fund,120843
2025-03-27,Kotak Flexicap Fund - Regular - Growth,256.7189775830397,Mutual Fund,120843
2025-03-28,Kotak Flexicap Fund - Regular - Growth,256.65546720199745,Mutual Fund,120843
2025-03-31,Kotak Flexicap Fund - Regular - Growth,256.3839953839777,Mutual Fund,120843
2025-04-01,Kotak Flexicap Fund - Regular - Growth,257.8084711228118,Mutual Fund,120843
2025-04-02,Kotak Flexicap Fund - Regular - Growth,253.2355233395645,Mutual Fund,120843
2025-04-03,Kotak Flexicap Fund - Regular - Growth,250.55566574706876,Mutual Fund,120843
2025-04-04,Kotak Flexicap Fund - Regular - Growth,248.69703544760827,Mutual Fund,120843
2025-04-07,Kotak Flexicap Fund - Regular - Growth,247.7077160104264,Mutual Fund,120843
2025-04-08,Kotak Flexicap Fund - Regular - Growth,245.66716954066194,Mutual Fund,120843
2025-04-09,Kotak Flexicap Fund - Regular - Growth,246.63945938040345,Mutual Fund,120843
2025-04-10,Kotak Flexicap Fund - Regular - Growth,246.9888666502384,Mutual Fund,120843
2025-04-11,Kotak Flexicap Fund - Regular - Growth,250.6299949311907,Mutual Fund,120843
2025-04-14,Kotak Flexicap Fund - Regular - Growth,257.1104579759625,Mutual Fund,120843
2025-04-15,Kotak Flexicap Fund - Regular - Growth,254.00986915258753,Mutual Fund,120843
2025-04-16,Kotak Flexicap Fund - Regular - Growth,254.53858806605916,Mutual Fund,120843
2025-04-17,Kotak Flexicap Fund - Regular - Growth,255.0641014082479,Mutual Fund,120843
2025-04-18,Kotak Flexicap Fund - Regular - Growth,255.17950197443193,Mutual Fund,120843
2025-04-21,Kotak Flexicap Fund - Regular - Growth,252.55474013836084,Mutual Fund,120843
2025-04-22,Kotak Flexicap Fund - Regular - Growth,250.37976002292024,Mutual Fund,120843
2025-04-23,Kotak Flexicap Fund - Regular - Growth,251.13667554209255,Mutual Fund,120843
2025-04-24,Kotak Flexicap Fund - Regular - Growth,248.9031937507392,Mutual Fund,120843
2025-04-25,Kotak Flexicap Fund - Regular - Growth,249.45154678831852,Mutual Fund,120843
2025-04-28,Kotak Flexicap Fund - Regular - Growth,248.98213094358036,Mutual Fund,120843
2025-04-29,Kotak Flexicap Fund - Regular - Growth,249.48640737601994,Mutual Fund,120843
2025-04-30,Kotak Flexicap Fund - Regular - Growth,247.24771653133192,Mutual Fund,120843
2025-05-01,Kotak Flexicap Fund - Regular - Growth,247.78805564070404,Mutual Fund,120843
2025-05-02,Kotak Flexicap Fund - Regular - Growth,245.74370255504112,Mutual Fund,120843
2025-05-05,Kotak Flexicap Fund - Regular - Growth,246.28864967313237,Mutual Fund,120843
2025-05-06,Kotak Flexicap Fund - Regular - Growth,249.7847258535339,Mutual Fund,120843
2025-05-07,Kotak Flexicap Fund - Regular - Growth,250.5917284240014,Mutual Fund,120843
2025-05-08,Kotak Flexicap Fund - Regular - Growth,251.55580398733042,Mutual Fund,120843
2025-05-09,Kotak Flexicap Fund - Regular - Growth,253.78728229663201,Mutual Fund,120843
2025-05-12,Kotak Flexicap Fund - Regular - Growth,250.3713453983027,Mutual Fund,120843
2025-05-13,Kotak Flexicap Fund - Regular - Growth,254.89841344256362,Mutual Fund,120843
2025-05-14,Kotak Flexicap Fund - Regular - Growth,252.35118636189742,Mutual Fund,120843
2025-05-15,Kotak Flexicap Fund - Regular - Growth,254.74995542252478,Mutual Fund,120843
2025-05-16,Kotak Flexicap Fund - Regular - Growth,256.827967006658,Mutual Fund,120843
2025-05-19,Kotak Flexicap Fund - Regular - Growth,254.6545896768588,Mutual Fund,120843
2025-05-20,Kotak Flexicap Fund - Regular - Growth,257.4105795873232,Mutual Fund,120843
2025-05-21,Kotak Flexicap Fund - Regular - Growth,258.85929745898414,Mutual Fund,120843
2025-05-22,Kotak Flexicap Fund - Regular - Growth,263.99482300237855,Mutual Fund,120843
2025-05-23,Kotak Flexicap Fund - Regular - Growth,264.6673919271699,Mutual Fund,120843
2025-05-26,Kotak Flexicap Fund - Regular - Growth,264.5353624599558,Mutual Fund,120843
2025-05-27,Kotak Flexicap Fund - Regular - Growth,263.323055470408,Mutual Fund,120843
2025-05-28,Kotak Flexicap Fund - Regular - Growth,258.89055177899235,Mutual Fund,120843
2025-05-29,Kotak Flexicap Fund - Regular - Growth,258.2151779793285,Mutual Fund,120843
2025-05-30,Kotak Flexicap Fund - Regular - Growth,257.65159847815545,Mutual Fund,120843
2025-06-02,Kotak Flexicap Fund - Regular - Growth,258.4868501455534,Mutual Fund,120843
2025-06-03,Kotak Flexicap Fund - Regular - Growth,254.95731581488664,Mutual Fund,120843
2025-06-04,Kotak Flexicap Fund - Regular - Growth,254.49531285374016,Mutual Fund,120843
2025-06-05,Kotak Flexicap Fund - Regular - Growth,256.1301542080139,Mutual Fund,120843
2025-06-06,Kotak Flexicap Fund - Regular - Growth,258.0334621572296,Mutual Fund,120843
2025-06-09,Kotak Flexicap Fund - Regular - Growth,253.392395984221,Mutual Fund,120843
2025-06-10,Kotak Flexicap Fund - Regular - Growth,255.35500700217017,Mutual Fund,120843
2025-06-11,Kotak Flexicap Fund - Regular - Growth,254.87276887230044,Mutual Fund,120843
2025-06-12,Kotak Flexicap Fund - Regular - Growth,254.54940686913895,Mutual Fund,120843
2025-06-13,Kotak Flexicap Fund - Regular - Growth,248.70264519735338,Mutual Fund,120843
2025-06-16,Kotak Flexicap Fund - Regular - Growth,252.6252627065845,Mutual Fund,120843
2025-06-17,Kotak Flexicap Fund - Regular - Growth,253.2265076703315,Mutual Fund,120843
2025-06-18,Kotak Flexicap Fund - Regular - Growth,249.49622443807385,Mutual Fund,120843
2025-06-19,Kotak Flexicap Fund - Regular - Growth,250.59072668297551,Mutual Fund,120843
2025-06-20,Kotak Flexicap Fund - Regular - Growth,251.61210183298627,Mutual Fund,120843
2025-06-23,Kotak Flexicap Fund - Regular - Growth,254.88318697896997,Mutual Fund,120843
2025-06-24,Kotak Flexicap Fund - Regular - Growth,254.24026958854537,Mutual Fund,120843
2025-06-25,Kotak Flexicap Fund - Regular - Growth,254.42238610705454,Mutual Fund,120843
2025-06-26,Kotak Flexicap Fund - Regular - Growth,252.929791978459,Mutual Fund,120843
2025-06-27,Kotak Flexicap Fund - Regular - Growth,254.61031272351394,Mutual Fund,120843
2025-06-30,Kotak Flexicap Fund - Regular - Growth,252.75789321841407,Mutual Fund,120843
2025-07-01,Kotak Flexicap Fund - Regular - Growth,250.64241651991205,Mutual Fund,120843
2025-07-02,Kotak Flexicap Fund - Regular - Growth,250.62037821734222,Mutual Fund,120843
2025-07-03,Kotak Flexicap Fund - Regular - Growth,247.6902857165759,Mutual Fund,120843
2025-07-04,Kotak Flexicap Fund - Regular - Growth,251.87215380331062,Mutual Fund,120843
2025-07-07,Kotak Flexicap Fund - Regular - Growth,256.9656062236171,Mutual Fund,120843
2025-07-08,Kotak Flexicap Fund - Regular - Growth,255.94583385924784,Mutual Fund,120843
2025-07-09,Kotak Flexicap Fund - Regular - Growth,252.54392133528114,Mutual Fund,120843
2025-07-10,Kotak Flexicap Fund - Regular - Growth,253.55307524477587,Mutual Fund,120843
2025-07-11,Kotak Flexicap Fund - Regular - Growth,252.4742001598783,Mutual Fund,120843
2025-07-14,Kotak Flexicap Fund - Regular - Growth,255.63329065916608,Mutual Fund,120843
2025-07-15,Kotak Flexicap Fund - Regular - Growth,253.76424225303623,Mutual Fund,120843
2025-07-16,Kotak Flexicap Fund - Regular - Growth,255.3127335308771,Mutual Fund,120843
2025-07-17,Kotak Flexicap Fund - Regular - Growth,255.75830793919874,Mutual Fund,120843
2025-07-18,Kotak Flexicap Fund - Regular - Growth,254.1723515469891,Mutual Fund,120843
2025-07-21,Kotak Flexicap Fund - Regular - Growth,254.93968517283082,Mutual Fund,120843
2025-07-22,Kotak Flexicap Fund - Regular - Growth,257.3602921878229,Mutual Fund,120843
2025-07-23,Kotak Flexicap Fund - Regular - Growth,257.7391506438194,Mutual Fund,120843
2025-07-24,Kotak Flexicap Fund - Regular - Growth,258.14545680392564,Mutual Fund,120843
2025-07-25,Kotak Flexicap Fund - Regular - Growth,256.03699229260496,Mutual Fund,120843
2025-07-28,Kotak Flexicap Fund - Regular - Growth,259.1610218559862,Mutual Fund,120843
2025-07-29,Kotak Flexicap Fund - Regular - Growth,262.0598600367443,Mutual Fund,120843
2025-07-30,Kotak Flexicap Fund - Regular - Growth,261.1330492395788,Mutual Fund,120843
2025-07-31,Kotak Flexicap Fund - Regular - Growth,260.961350827739,Mutual Fund,120843
2025-08-01,Kotak Flexicap Fund - Regular - Growth,264.86533595388823,Mutual Fund,120843
2025-08-04,Kotak Flexicap Fund - Regular - Growth,262.0123775121165,Mutual Fund,120843
2025-08-05,Kotak Flexicap Fund - Regular - Growth,263.77003231616595,Mutual Fund,120843
2025-08-06,Kotak Flexicap Fund - Regular - Growth,262.4453299835118,Mutual Fund,120843
2025-08-07,Kotak Flexicap Fund - Regular - Growth,267.3500543945381,Mutual Fund,120843
2025-08-08,Kotak Flexicap Fund - Regular - Growth,267.68042858488093,Mutual Fund,120843
2025-08-11,Kotak Flexicap Fund - Regular - Growth,271.26405693094637,Mutual Fund,120843
2025-08-12,Kotak Flexicap Fund - Regular - Growth,269.35073157147167,Mutual Fund,120843
2025-08-13,Kotak Flexicap Fund - Regular - Growth,266.140752628068,Mutual Fund,120843
2025-08-14,Kotak Flexicap Fund - Regular - Growth,265.6713367833299,Mutual Fund,120843
2025-08-15,Kotak Flexicap Fund - Regular - Growth,266.53423650304273,Mutual Fund,120843
2025-08-18,Kotak Flexicap Fund - Regular - Growth,265.3235322991363,Mutual Fund,120843
2025-08-19,Kotak Flexicap Fund - Regular - Growth,267.5183468868899,Mutual Fund,120843
2025-08-20,Kotak Flexicap Fund - Regular - Growth,267.11184037857845,Mutual Fund,120843
2025-08-21,Kotak Flexicap Fund - Regular - Growth,261.722273311015,Mutual Fund,120843
2025-08-22,Kotak Flexicap Fund - Regular - Growth,263.3412871570794,Mutual Fund,120843
2025-08-25,Kotak Flexicap Fund - Regular - Growth,261.1647042559973,Mutual Fund,120843
2025-08-26,Kotak Flexicap Fund - Regular - Growth,260.3695222296355,Mutual Fund,120843
2025-08-27,Kotak Flexicap Fund - Regular - Growth,264.6349355179306,Mutual Fund,120843
2025-08-28,Kotak Flexicap Fund - Regular - Growth,269.56630624024604,Mutual Fund,120843
2025-08-29,Kotak Flexicap Fund - Regular - Growth,268.1668740270595,Mutual Fund,120843
2025-09-01,Kotak Flexicap Fund - Regular - Growth,269.89367520751114,Mutual Fund,120843
2025-09-02,Kotak Flexicap Fund - Regular - Growth,268.5553491969047,Mutual Fund,120843
2025-09-03,Kotak Flexicap Fund - Regular - Growth,267.9394788141795,Mutual Fund,120843
2025-09-04,Kotak Flexicap Fund - Regular - Growth,266.46691950610204,Mutual Fund,120843
2025-09-05,Kotak Flexicap Fund - Regular - Growth,262.031811288019,Mutual Fund,120843
2025-09-08,Kotak Flexicap Fund - Regular - Growth,262.43911918915114,Mutual Fund,120843
2025-09-09,Kotak Flexicap Fund - Regular - Growth,263.3591181473405,Mutual Fund,120843
2025-09-10,Kotak Flexicap Fund - Regular - Growth,261.7399039530709,Mutual Fund,120843
2025-09-11,Kotak Flexicap Fund - Regular - Growth,264.78279249335384,Mutual Fund,120843
2025-09-12,Kotak Flexicap Fund - Regular - Growth,263.7786472889887,Mutual Fund,120843
2025-09-15,Kotak Flexicap Fund - Regular - Growth,262.245983519357,Mutual Fund,120843
2025-09-16,Kotak Flexicap Fund - Regular - Growth,263.79828141309633,Mutual Fund,120843
2025-09-17,Kotak Flexicap Fund - Regular - Growth,259.8828764392518,Mutual Fund,120843
2025-09-18,Kotak Flexicap Fund - Regular - Growth,262.4248944665833,Mutual Fund,120843
2025-09-19,Kotak Flexicap Fund - Regular - Growth,261.5189198827566,Mutual Fund,120843
2025-09-22,Kotak Flexicap Fund - Regular - Growth,264.29694809579087,Mutual Fund,120843
2025-09-23,Kotak Flexicap Fund - Regular - Growth,267.9100276280178,Mutual Fund,120843
2025-09-24,Kotak Flexicap Fund - Regular - Growth,269.8047206044109,Mutual Fund,120843
2025-09-25,Kotak Flexicap Fund - Regular - Growth,267.7651758756723,Mutual Fund,120843
2025-09-26,Kotak Flexicap Fund - Regular - Growth,264.56801921740026,Mutual Fund,120843
2025-09-29,Kotak Flexicap Fund - Regular - Growth,260.92669058824276,Mutual Fund,120843
2025-09-30,Kotak Flexicap Fund - Regular - Growth,264.00043275212363,Mutual Fund,120843
2025-10-01,Kotak Flexicap Fund - Regular - Growth,263.7988824577119,Mutual Fund,120843
2025-10-02,Kotak Flexicap Fund - Regular - Growth,262.36659313887577,Mutual Fund,120843
2025-10-03,Kotak Flexicap Fund - Regular - Growth,262.1736578172869,Mutual Fund,120843
2025-10-06,Kotak Flexicap Fund - Regular - Growth,265.2025219832072,Mutual Fund,120843
2025-10-07,Kotak Flexicap Fund - Regular - Growth,267.4514305863595,Mutual Fund,120843
2025-10-08,Kotak Flexicap Fund - Regular - Growth,268.79616773953165,Mutual Fund,120843
2025-10-09,Kotak Flexicap Fund - Regular - Growth,270.69086071592466,Mutual Fund,120843
2025-10-10,Kotak Flexicap Fund - Regular - Growth,271.34439656122373,Mutual Fund,120843
2025-10-13,Kotak Flexicap Fund - Regular - Growth,272.33391634661075,Mutual Fund,120843
2025-10-14,Kotak Flexicap Fund - Regular - Growth,273.10385449911985,Mutual Fund,120843
2025-10-15,Kotak Flexicap Fund - Regular - Growth,273.2663368935213,Mutual Fund,120843
2025-10-16,Kotak Flexicap Fund - Regular - Growth,275.5130416664166,Mutual Fund,120843
2025-10-17,Kotak Flexicap Fund - Regular - Growth,276.68287483646617,Mutual Fund,120843
2025-10-20,Kotak Flexicap Fund - Regular - Growth,274.40090877945903,Mutual Fund,120843
2025-10-21,Kotak Flexicap Fund - Regular - Growth,276.03174316962924,Mutual Fund,120843
2025-10-22,Kotak Flexicap Fund - Regular - Growth,276.8852265236986,Mutual Fund,120843
2025-10-23,Kotak Flexicap Fund - Regular - Growth,278.762689554446,Mutual Fund,120843
2025-10-24,Kotak Flexicap Fund - Regular - Growth,278.6358691405666,Mutual Fund,120843
2025-10-27,Kotak Flexicap Fund - Regular - Growth,281.09213813608085,Mutual Fund,120843
2025-10-28,Kotak Flexicap Fund - Regular - Growth,281.0855266453099,Mutual Fund,120843
2025-10-29,Kotak Flexicap Fund - Regular - Growth,283.3123969458923,Mutual Fund,120843
2025-10-30,Kotak Flexicap Fund - Regular - Growth,282.17982854200636,Mutual Fund,120843
2025-10-31,Kotak Flexicap Fund - Regular - Growth,281.24800903971146,Mutual Fund,120843
2025-11-03,Kotak Flexicap Fund - Regular - Growth,283.1282769453314,Mutual Fund,120843
2025-11-04,Kotak Flexicap Fund - Regular - Growth,282.35112625743585,Mutual Fund,120843
2025-11-05,Kotak Flexicap Fund - Regular - Growth,288.87065720221784,Mutual Fund,120843
2025-11-06,Kotak Flexicap Fund - Regular - Growth,290.6974321370546,Mutual Fund,120843
2025-11-07,Kotak Flexicap Fund - Regular - Growth,290.94366008122154,Mutual Fund,120843
2025-11-10,Kotak Flexicap Fund - Regular - Growth,293.53255958856533,Mutual Fund,120843
2025-11-11,Kotak Flexicap Fund - Regular - Growth,292.28779618977825,Mutual Fund,120843
2025-11-12,Kotak Flexicap Fund - Regular - Growth,295.1954496915643,Mutual Fund,120843
2025-11-13,Kotak Flexicap Fund - Regular - Growth,298.0484081333361,Mutual Fund,120843
2025-11-14,Kotak Flexicap Fund - Regular - Growth,302.01770677437423,Mutual Fund,120843
2025-11-17,Kotak Flexicap Fund - Regular - Growth,300.8578910145837,Mutual Fund,120843
2025-11-18,Kotak Flexicap Fund - Regular - Growth,297.3497939418713,Mutual Fund,120843
2025-11-19,Kotak Flexicap Fund - Regular - Growth,295.7027313470816,Mutual Fund,120843
2025-11-20,Kotak Flexicap Fund - Regular - Growth,295.0401798325493,Mutual Fund,120843
2025-11-21,Kotak Flexicap Fund - Regular - Growth,300.2183795436472,Mutual Fund,120843
2025-11-24,Kotak Flexicap Fund - Regular - Growth,307.1171696408361,Mutual Fund,120843
2025-11-25,Kotak Flexicap Fund - Regular - Growth,308.3693459232149,Mutual Fund,120843
2025-11-26,Kotak Flexicap Fund - Regular - Growth,308.5823160653219,Mutual Fund,120843
2025-11-27,Kotak Flexicap Fund - Regular - Growth,307.6789460081626,Mutual Fund,120843
2025-11-28,Kotak Flexicap Fund - Regular - Growth,310.43173034734406,Mutual Fund,120843
2025-12-01,Kotak Flexicap Fund - Regular - Growth,317.54449232766586,Mutual Fund,120843
2025-12-02,Kotak Flexicap Fund - Regular - Growth,323.5044507353785,Mutual Fund,120843
2025-12-03,Kotak Flexicap Fund - Regular - Growth,327.4312755569183,Mutual Fund,120843
2025-12-04,Kotak Flexicap Fund - Regular - Growth,331.35669794102193,Mutual Fund,120843
2025-12-05,Kotak Flexicap Fund - Regular - Growth,334.3468949033425,Mutual Fund,120843
2025-12-08,Kotak Flexicap Fund - Regular - Growth,334.38656384796826,Mutual Fund,120843
2025-12-09,Kotak Flexicap Fund - Regular - Growth,332.1110089335269,Mutual Fund,120843
2025-12-10,Kotak Flexicap Fund - Regular - Growth,332.2390314366374,Mutual Fund,120843
2025-12-11,Kotak Flexicap Fund - Regular - Growth,333.8550400596241,Mutual Fund,120843
2025-12-12,Kotak Flexicap Fund - Regular - Growth,329.1951411553284,Mutual Fund,120843
2025-12-15,Kotak Flexicap Fund - Regular - Growth,328.88380004447777,Mutual Fund,120843
2025-12-16,Kotak Flexicap Fund - Regular - Growth,326.3515990792001,Mutual Fund,120843
2025-12-17,Kotak Flexicap Fund - Regular - Growth,329.8997657929486,Mutual Fund,120843
2025-12-18,Kotak Flexicap Fund - Regular - Growth,328.27233732226654,Mutual Fund,120843
2025-12-19,Kotak Flexicap Fund - Regular - Growth,329.5561686210639,Mutual Fund,120843
2025-12-22,Kotak Flexicap Fund - Regular - Growth,327.4340804317909,Mutual Fund,120843
2025-12-23,Kotak Flexicap Fund - Regular - Growth,332.9476630383611,Mutual Fund,120843
2025-12-24,Kotak Flexicap Fund - Regular - Growth,327.4837667866757,Mutual Fund,120843
2025-12-25,Kotak Flexicap Fund - Regular - Growth,329.2540435276515,Mutual Fund,120843
2025-12-26,Kotak Flexicap Fund - Regular - Growth,325.23606027275446,Mutual Fund,120843
2025-12-29,Kotak Flexicap Fund - Regular - Growth,323.76350096467706,Mutual Fund,120843
2025-12-30,Kotak Flexicap Fund - Regular - Growth,324.6302073002883,Mutual Fund,120843
2025-12-31,Kotak Flexicap Fund - Regular - Growth,325.6605981195322,Mutual Fund,120843
2026-01-01,Kotak Flexicap Fund - Regular - Growth,326.6082451300364,Mutual Fund,120843
2026-01-02,Kotak Flexicap Fund - Regular - Growth,327.30305270560274,Mutual Fund,120843
2026-01-05,Kotak Flexicap Fund - Regular - Growth,325.38612107843477,Mutual Fund,120843
2026-01-06,Kotak Flexicap Fund - Regular - Growth,325.04192286193444,Mutual Fund,120843
2026-01-07,Kotak Flexicap Fund - Regular - Growth,325.3390392502173,Mutual Fund,120843
2026-01-08,Kotak Flexicap Fund - Regular - Growth,326.1744912658204,Mutual Fund,120843
2026-01-09,Kotak Flexicap Fund - Regular - Growth,326.1526533114557,Mutual Fund,120843
2026-01-12,Kotak Flexicap Fund - Regular - Growth,328.7555771931621,Mutual Fund,120843
2026-01-13,Kotak Flexicap Fund - Regular - Growth,329.26105571483276,Mutual Fund,120843
2026-01-14,Kotak Flexicap Fund - Regular - Growth,330.12635961300776,Mutual Fund,120843
2026-01-15,Kotak Flexicap Fund - Regular - Growth,329.05129114400864,Mutual Fund,120843
2026-01-16,Kotak Flexicap Fund - Regular - Growth,325.7731938108436,Mutual Fund,120843
2026-01-19,Kotak Flexicap Fund - Regular - Growth,326.473611136155,Mutual Fund,120843
2026-01-20,Kotak Flexicap Fund - Regular - Growth,330.66790081161093,Mutual Fund,120843
2026-01-21,Kotak Flexicap Fund - Regular - Growth,332.34822120846064,Mutual Fund,120843
2026-01-22,Kotak Flexicap Fund - Regular - Growth,329.81722233241413,Mutual Fund,120843
2026-01-23,Kotak Flexicap Fund - Regular - Growth,332.7348932444592,Mutual Fund,120843
2026-01-26,Kotak Flexicap Fund - Regular - Growth,331.8102862775507,Mutual Fund,120843
2026-01-27,Kotak Flexicap Fund - Regular - Growth,334.4080011059224,Mutual Fund,120843
2026-01-28,Kotak Flexicap Fund - Regular - Growth,333.36558939436765,Mutual Fund,120843
2026-01-29,Kotak Flexicap Fund - Regular - Growth,334.75400245626923,Mutual Fund,120843
2026-01-30,Kotak Flexicap Fund - Regular - Growth,333.2075146604802,Mutual Fund,120843
2026-02-02,Kotak Flexicap Fund - Regular - Growth,331.75318703907413,Mutual Fund,120843
2026-02-03,Kotak Flexicap Fund - Regular - Growth,326.7514940967404,Mutual Fund,120843
2026-02-04,Kotak Flexicap Fund - Regular - Growth,328.63777244851576,Mutual Fund,120843
2026-02-05,Kotak Flexicap Fund - Regular - Growth,330.06264888376023,Mutual Fund,120843
2026-02-06,Kotak Flexicap Fund - Regular - Growth,331.68186307802983,Mutual Fund,120843
2026-02-09,Kotak Flexicap Fund - Regular - Growth,332.8016091967843,Mutual Fund,120843
2026-02-10,Kotak Flexicap Fund - Regular - Growth,330.45112405360544,Mutual Fund,120843
2026-02-11,Kotak Flexicap Fund - Regular - Growth,333.88248776373365,Mutual Fund,120843
2026-02-12,Kotak Flexicap Fund - Regular - Growth,337.4410725841515,Mutual Fund,120843
2026-02-13,Kotak Flexicap Fund - Regular - Growth,334.97017816965916,Mutual Fund,120843
2026-02-16,Kotak Flexicap Fund - Regular - Growth,336.9720574358238,Mutual Fund,120843
2026-02-17,Kotak Flexicap Fund - Regular - Growth,340.1593970320421,Mutual Fund,120843
2026-02-18,Kotak Flexicap Fund - Regular - Growth,338.7529526316742,Mutual Fund,120843
2026-02-19,Kotak Flexicap Fund - Regular - Growth,337.9449483201808,Mutual Fund,120843
2026-02-20,Kotak Flexicap Fund - Regular - Growth,339.9714704155826,Mutual Fund,120843
2026-02-23,Kotak Flexicap Fund - Regular - Growth,335.0346902917273,Mutual Fund,120843
2026-02-24,Kotak Flexicap Fund - Regular - Growth,331.5762795738997,Mutual Fund,120843
2026-02-25,Kotak Flexicap Fund - Regular - Growth,328.48049910744896,Mutual Fund,120843
2026-02-26,Kotak Flexicap Fund - Regular - Growth,322.7787895362142,Mutual Fund,120843
2026-02-27,Kotak Flexicap Fund - Regular - Growth,326.52209540180866,Mutual Fund,120843
2026-03-02,Kotak Flexicap Fund - Regular - Growth,320.23476802683086,Mutual Fund,120843
2026-03-03,Kotak Flexicap Fund - Regular - Growth,321.53542857486343,Mutual Fund,120843
2026-03-04,Kotak Flexicap Fund - Regular - Growth,324.3697546335534,Mutual Fund,120843
2026-03-05,Kotak Flexicap Fund - Regular - Growth,323.60382344514795,Mutual Fund,120843
2026-03-06,Kotak Flexicap Fund - Regular - Growth,321.6225800441169,Mutual Fund,120843
2026-03-09,Kotak Flexicap Fund - Regular - Growth,322.57022705462106,Mutual Fund,120843
2026-03-10,Kotak Flexicap Fund - Regular - Growth,322.7683714295447,Mutual Fund,120843
2026-03-11,Kotak Flexicap Fund - Regular - Growth,326.24361139660743,Mutual Fund,120843
2026-03-12,Kotak Flexicap Fund - Regular - Growth,317.9031156149389,Mutual Fund,120843
2026-03-13,Kotak Flexicap Fund - Regular - Growth,315.16054903422156,Mutual Fund,120843
2026-03-16,Kotak Flexicap Fund - Regular - Growth,317.1381861675593,Mutual Fund,120843
2026-03-17,Kotak Flexicap Fund - Regular - Growth,317.488394830215,Mutual Fund,120843
2026-03-18,Kotak Flexicap Fund - Regular - Growth,320.09452428320435,Mutual Fund,120843
2026-03-19,Kotak Flexicap Fund - Regular - Growth,321.1321276378347,Mutual Fund,120843
2026-03-20,Kotak Flexicap Fund - Regular - Growth,320.8871017828988,Mutual Fund,120843
2026-03-23,Kotak Flexicap Fund - Regular - Growth,320.10153647038567,Mutual Fund,120843
2026-03-24,Kotak Flexicap Fund - Regular - Growth,327.88646667908836,Mutual Fund,120843
2026-03-25,Kotak Flexicap Fund - Regular - Growth,333.1968962056054,Mutual Fund,120843
2026-03-26,Kotak Flexicap Fund - Regular - Growth,335.06454217429905,Mutual Fund,120843
2026-03-27,Kotak Flexicap Fund - Regular - Growth,335.529350010318,Mutual Fund,120843
2026-03-30,Kotak Flexicap Fund - Regular - Growth,337.5550707128991,Mutual Fund,120843
2026-03-31,Kotak Flexicap Fund - Regular - Growth,340.58253244138325,Mutual Fund,120843
2026-04-01,Kotak Flexicap Fund - Regular - Growth,342.2269905095057,Mutual Fund,120843
2026-04-02,Kotak Flexicap Fund - Regular - Growth,339.84725452837046,Mutual Fund,120843
2026-04-03,Kotak Flexicap Fund - Regular - Growth,346.22113232798625,Mutual Fund,120843
2026-04-06,Kotak Flexicap Fund - Regular - Growth,347.28798652057293,Mutual Fund,120843
2026-04-07,Kotak Flexicap Fund - Regular - Growth,354.62033013377265,Mutual Fund,120843
2026-04-08,Kotak Flexicap Fund - Regular - Growth,355.5014615401569,Mutual Fund,120843
2026-04-09,Kotak Flexicap Fund - Regular - Growth,354.83350062408476,Mutual Fund,120843
2026-04-10,Kotak Flexicap Fund - Regular - Growth,360.03273689672665,Mutual Fund,120843
2026-04-13,Kotak Flexicap Fund - Regular - Growth,361.3422127657871,Mutual Fund,120843
2026-04-14,Kotak Flexicap Fund - Regular - Growth,362.04403252853473,Mutual Fund,120843
2026-04-15,Kotak Flexicap Fund - Regular - Growth,357.903235823862,Mutual Fund,120843
2026-04-16,Kotak Flexicap Fund - Regular - Growth,360.50716144659435,Mutual Fund,120843
2026-04-17,Kotak Flexicap Fund - Regular - Growth,358.93282525028513,Mutual Fund,120843
2026-04-20,Kotak Flexicap Fund - Regular - Growth,357.5291857247898,Mutual Fund,120843
2026-04-21,Kotak Flexicap Fund - Regular - Growth,355.97768922387115,Mutual Fund,120843
2026-04-22,Kotak Flexicap Fund - Regular - Growth,357.7692028745962,Mutual Fund,120843
2026-04-23,Kotak Flexicap Fund - Regular - Growth,352.4852193111629,Mutual Fund,120843
2026-04-24,Kotak Flexicap Fund - Regular - Growth,351.94628263922715,Mutual Fund,120843
2026-04-27,Kotak Flexicap Fund - Regular - Growth,355.65252408686314,Mutual Fund,120843
2026-04-28,Kotak Flexicap Fund - Regular - Growth,351.42417521652646,Mutual Fund,120843
2026-04-29,Kotak Flexicap Fund - Regular - Growth,352.24680494699805,Mutual Fund,120843
2026-04-30,Kotak Flexicap Fund - Regular - Growth,350.2204831998015,Mutual Fund,120843
2026-05-01,Kotak Flexicap Fund - Regular - Growth,349.0061727282018,Mutual Fund,120843
2026-05-04,Kotak Flexicap Fund - Regular - Growth,355.08854388927983,Mutual Fund,120843
2026-05-05,Kotak Flexicap Fund - Regular - Growth,349.4383238067764,Mutual Fund,120843
2026-05-06,Kotak Flexicap Fund - Regular - Growth,352.3549929777956,Mutual Fund,120843
2026-05-07,Kotak Flexicap Fund - Regular - Growth,350.8706131256125,Mutual Fund,120843
2026-05-08,Kotak Flexicap Fund - Regular - Growth,349.217139388257,Mutual Fund,120843
2026-05-11,Kotak Flexicap Fund - Regular - Growth,345.53213485037014,Mutual Fund,120843
2026-05-12,Kotak Flexicap Fund - Regular - Growth,348.37507588188294,Mutual Fund,120843
2026-05-13,Kotak Flexicap Fund - Regular - Growth,347.91066874227425,Mutual Fund,120843
2026-05-14,Kotak Flexicap Fund - Regular - Growth,347.00509485485793,Mutual Fund,120843
2026-05-15,Kotak Flexicap Fund - Regular - Growth,347.5963224083459,Mutual Fund,120843
2026-05-18,Kotak Flexicap Fund - Regular - Growth,347.2068454974748,Mutual Fund,120843
2026-05-19,Kotak Flexicap Fund - Regular - Growth,340.47795067827894,Mutual Fund,120843
2026-05-20,Kotak Flexicap Fund - Regular - Growth,338.99958127225125,Mutual Fund,120843
2026-05-21,Kotak Flexicap Fund - Regular - Growth,342.2766768643905,Mutual Fund,120843
2026-05-22,Kotak Flexicap Fund - Regular - Growth,337.3190605271964,Mutual Fund,120843
2026-05-25,Kotak Flexicap Fund - Regular - Growth,333.8324007124384,Mutual Fund,120843
2026-05-26,Kotak Flexicap Fund - Regular - Growth,332.5972540275,Mutual Fund,120843
2026-05-27,Kotak Flexicap Fund - Regular - Growth,330.37038372691757,Mutual Fund,120843
2026-05-28,Kotak Flexicap Fund - Regular - Growth,330.4741640972011,Mutual Fund,120843
2026-05-29,Kotak Flexicap Fund - Regular - Growth,327.0478090922024,Mutual Fund,120843
2022-01-03,Mirae Asset Large Cap Fund - Regular - Growth,100.0,Mutual Fund,148567
2022-01-04,Mirae Asset Large Cap Fund - Regular - Growth,101.93177644858325,Mutual Fund,148567
2022-01-05,Mirae Asset Large Cap Fund - Regular - Growth,101.53021861486036,Mutual Fund,148567
2022-01-06,Mirae Asset Large Cap Fund - Regular - Growth,102.73759668846458,Mutual Fund,148567
2022-01-07,Mirae Asset Large Cap Fund - Regular - Growth,102.79054936983465,Mutual Fund,148567
2022-01-10,Mirae Asset Large Cap Fund - Regular - Growth,105.28160292890962,Mutual Fund,148567
2022-01-11,Mirae Asset Large Cap Fund - Regular - Growth,105.07477431054757,Mutual Fund,148567
2022-01-12,Mirae Asset Large Cap Fund - Regular - Growth,107.94902307996712,Mutual Fund,148567
2022-01-13,Mirae Asset Large Cap Fund - Regular - Growth,108.42460079087392,Mutual Fund,148567
2022-01-14,Mirae Asset Large Cap Fund - Regular - Growth,109.2937649641146,Mutual Fund,148567
2022-01-17,Mirae Asset Large Cap Fund - Regular - Growth,111.00234301380472,Mutual Fund,148567
2022-01-18,Mirae Asset Large Cap Fund - Regular - Growth,110.29075577141525,Mutual Fund,148567
2022-01-19,Mirae Asset Large Cap Fund - Regular - Growth,111.2947215286813,Mutual Fund,148567
2022-01-20,Mirae Asset Large Cap Fund - Regular - Growth,111.06511756349342,Mutual Fund,148567
2022-01-21,Mirae Asset Large Cap Fund - Regular - Growth,111.27052272267888,Mutual Fund,148567
2022-01-24,Mirae Asset Large Cap Fund - Regular - Growth,111.40959468423411,Mutual Fund,148567
2022-01-25,Mirae Asset Large Cap Fund - Regular - Growth,112.03121930666155,Mutual Fund,148567
2022-01-26,Mirae Asset Large Cap Fund - Regular - Growth,112.61441053132042,Mutual Fund,148567
2022-01-27,Mirae Asset Large Cap Fund - Regular - Growth,112.10239226549226,Mutual Fund,148567
2022-01-28,Mirae Asset Large Cap Fund - Regular - Growth,112.28374096459291,Mutual Fund,148567
2022-01-31,Mirae Asset Large Cap Fund - Regular - Growth,110.0526110511677,Mutual Fund,148567
2022-02-01,Mirae Asset Large Cap Fund - Regular - Growth,111.07508177772974,Mutual Fund,148567
2022-02-02,Mirae Asset Large Cap Fund - Regular - Growth,112.80515406098672,Mutual Fund,148567
2022-02-03,Mirae Asset Large Cap Fund - Regular - Growth,113.05326299547056,Mutual Fund,148567
2022-02-04,Mirae Asset Large Cap Fund - Regular - Growth,111.52076684592764,Mutual Fund,148567
2022-02-07,Mirae Asset Large Cap Fund - Regular - Growth,112.3117831103722,Mutual Fund,148567
2022-02-08,Mirae Asset Large Cap Fund - Regular - Growth,111.6154268811725,Mutual Fund,148567
2022-02-09,Mirae Asset Large Cap Fund - Regular - Growth,111.8527175259141,Mutual Fund,148567
2022-02-10,Mirae Asset Large Cap Fund - Regular - Growth,112.58907295797667,Mutual Fund,148567
2022-02-11,Mirae Asset Large Cap Fund - Regular - Growth,113.19133853560217,Mutual Fund,148567
2022-02-14,Mirae Asset Large Cap Fund - Regular - Growth,114.33437625442342,Mutual Fund,148567
2022-02-15,Mirae Asset Large Cap Fund - Regular - Growth,114.5412048727855,Mutual Fund,148567
2022-02-16,Mirae Asset Large Cap Fund - Regular - Growth,114.77564859917386,Mutual Fund,148567
2022-02-17,Mirae Asset Large Cap Fund - Regular - Growth,115.58346168190245,Mutual Fund,148567
2022-02-18,Mirae Asset Large Cap Fund - Regular - Growth,115.57022351155994,Mutual Fund,148567
2022-02-21,Mirae Asset Large Cap Fund - Regular - Growth,114.9305209575895,Mutual Fund,148567
2022-02-22,Mirae Asset Large Cap Fund - Regular - Growth,115.4492294815477,Mutual Fund,148567
2022-02-23,Mirae Asset Large Cap Fund - Regular - Growth,114.36455358896762,Mutual Fund,148567
2022-02-24,Mirae Asset Large Cap Fund - Regular - Growth,114.34192058805948,Mutual Fund,148567
2022-02-25,Mirae Asset Large Cap Fund - Regular - Growth,113.01924232114948,Mutual Fund,148567
2022-02-28,Mirae Asset Large Cap Fund - Regular - Growth,112.52558667869965,Mutual Fund,148567
2022-03-01,Mirae Asset Large Cap Fund - Regular - Growth,112.0752041952189,Mutual Fund,148567
2022-03-02,Mirae Asset Large Cap Fund - Regular - Growth,111.16390563035046,Mutual Fund,148567
2022-03-03,Mirae Asset Large Cap Fund - Regular - Growth,112.3059469277481,Mutual Fund,148567
2022-03-04,Mirae Asset Large Cap Fund - Regular - Growth,113.377242304068,Mutual Fund,148567
2022-03-07,Mirae Asset Large Cap Fund - Regular - Growth,114.75799770538386,Mutual Fund,148567
2022-03-08,Mirae Asset Large Cap Fund - Regular - Growth,114.627181807053,Mutual Fund,148567
2022-03-09,Mirae Asset Large Cap Fund - Regular - Growth,114.2485416660736,Mutual Fund,148567
2022-03-10,Mirae Asset Large Cap Fund - Regular - Growth,115.12041041174984,Mutual Fund,148567
2022-03-11,Mirae Asset Large Cap Fund - Regular - Growth,115.31044221182785,Mutual Fund,148567
2022-03-14,Mirae Asset Large Cap Fund - Regular - Growth,115.49563425070536,Mutual Fund,148567
2022-03-15,Mirae Asset Large Cap Fund - Regular - Growth,112.99176955904086,Mutual Fund,148567
2022-03-16,Mirae Asset Large Cap Fund - Regular - Growth,113.8068422835702,Mutual Fund,148567
2022-03-17,Mirae Asset Large Cap Fund - Regular - Growth,114.49380368220426,Mutual Fund,148567
2022-03-18,Mirae Asset Large Cap Fund - Regular - Growth,114.5474680931626,Mutual Fund,148567
2022-03-21,Mirae Asset Large Cap Fund - Regular - Growth,115.43414081427564,Mutual Fund,148567
2022-03-22,Mirae Asset Large Cap Fund - Regular - Growth,116.10814873440249,Mutual Fund,148567
2022-03-23,Mirae Asset Large Cap Fund - Regular - Growth,115.45648912334849,Mutual Fund,148567
2022-03-24,Mirae Asset Large Cap Fund - Regular - Growth,115.29236428028486,Mutual Fund,148567
2022-03-25,Mirae Asset Large Cap Fund - Regular - Growth,114.3312446442349,Mutual Fund,148567
2022-03-28,Mirae Asset Large Cap Fund - Regular - Growth,115.87484377535542,Mutual Fund,148567
2022-03-29,Mirae Asset Large Cap Fund - Regular - Growth,116.93816778028628,Mutual Fund,148567
2022-03-30,Mirae Asset Large Cap Fund - Regular - Growth,116.16167079944317,Mutual Fund,148567
2022-03-31,Mirae Asset Large Cap Fund - Regular - Growth,116.8575999908899,Mutual Fund,148567
2022-04-01,Mirae Asset Large Cap Fund - Regular - Growth,117.20563575957208,Mutual Fund,148567
2022-04-04,Mirae Asset Large Cap Fund - Regular - Growth,116.55881590971855,Mutual Fund,148567
2022-04-05,Mirae Asset Large Cap Fund - Regular - Growth,116.74685486694929,Mutual Fund,148567
2022-04-06,Mirae Asset Large Cap Fund - Regular - Growth,117.69473633265673,Mutual Fund,148567
2022-04-07,Mirae Asset Large Cap Fund - Regular - Growth,118.73556968259709,Mutual Fund,148567
2022-04-08,Mirae Asset Large Cap Fund - Regular - Growth,121.265341331276,Mutual Fund,148567
2022-04-11,Mirae Asset Large Cap Fund - Regular - Growth,121.42889679066897,Mutual Fund,148567
2022-04-12,Mirae Asset Large Cap Fund - Regular - Growth,121.23701449366138,Mutual Fund,148567
2022-04-13,Mirae Asset Large Cap Fund - Regular - Growth,121.90248165872855,Mutual Fund,148567
2022-04-14,Mirae Asset Large Cap Fund - Regular - Growth,121.76867649612682,Mutual Fund,148567
2022-04-15,Mirae Asset Large Cap Fund - Regular - Growth,121.20470197035222,Mutual Fund,148567
2022-04-18,Mirae Asset Large Cap Fund - Regular - Growth,120.28116165656488,Mutual Fund,148567
2022-04-19,Mirae Asset Large Cap Fund - Regular - Growth,116.75980834545649,Mutual Fund,148567
2022-04-20,Mirae Asset Large Cap Fund - Regular - Growth,117.57957848526866,Mutual Fund,148567
2022-04-21,Mirae Asset Large Cap Fund - Regular - Growth,115.9531340300692,Mutual Fund,148567
2022-04-22,Mirae Asset Large Cap Fund - Regular - Growth,115.11614003422001,Mutual Fund,148567
2022-04-25,Mirae Asset Large Cap Fund - Regular - Growth,115.4730012497972,Mutual Fund,148567
2022-04-26,Mirae Asset Large Cap Fund - Regular - Growth,115.20553327051137,Mutual Fund,148567
2022-04-27,Mirae Asset Large Cap Fund - Regular - Growth,117.47068385825767,Mutual Fund,148567
2022-04-28,Mirae Asset Large Cap Fund - Regular - Growth,115.97719049015399,Mutual Fund,148567
2022-04-29,Mirae Asset Large Cap Fund - Regular - Growth,118.3508086671583,Mutual Fund,148567
2022-05-02,Mirae Asset Large Cap Fund - Regular - Growth,119.86252231272265,Mutual Fund,148567
2022-05-03,Mirae Asset Large Cap Fund - Regular - Growth,120.8896904545675,Mutual Fund,148567
2022-05-04,Mirae Asset Large Cap Fund - Regular - Growth,122.49720290271799,Mutual Fund,148567
2022-05-05,Mirae Asset Large Cap Fund - Regular - Growth,122.99854522472155,Mutual Fund,148567
2022-05-06,Mirae Asset Large Cap Fund - Regular - Growth,121.22719262534277,Mutual Fund,148567
2022-05-09,Mirae Asset Large Cap Fund - Regular - Growth,121.84169995188714,Mutual Fund,148567
2022-05-10,Mirae Asset Large Cap Fund - Regular - Growth,120.32315370227502,Mutual Fund,148567
2022-05-11,Mirae Asset Large Cap Fund - Regular - Growth,119.82551237413068,Mutual Fund,148567
2022-05-12,Mirae Asset Large Cap Fund - Regular - Growth,119.80487221606975,Mutual Fund,148567
2022-05-13,Mirae Asset Large Cap Fund - Regular - Growth,118.90738120521445,Mutual Fund,148567
2022-05-16,Mirae Asset Large Cap Fund - Regular - Growth,119.9655807571095,Mutual Fund,148567
2022-05-17,Mirae Asset Large Cap Fund - Regular - Growth,119.8013135681282,Mutual Fund,148567
2022-05-18,Mirae Asset Large Cap Fund - Regular - Growth,120.29667736158997,Mutual Fund,148567
2022-05-19,Mirae Asset Large Cap Fund - Regular - Growth,120.34877596745407,Mutual Fund,148567
2022-05-20,Mirae Asset Large Cap Fund - Regular - Growth,120.54492864199153,Mutual Fund,148567
2022-05-23,Mirae Asset Large Cap Fund - Regular - Growth,119.66750840552649,Mutual Fund,148567
2022-05-24,Mirae Asset Large Cap Fund - Regular - Growth,118.4958591572553,Mutual Fund,148567
2022-05-25,Mirae Asset Large Cap Fund - Regular - Growth,118.39635936080994,Mutual Fund,148567
2022-05-26,Mirae Asset Large Cap Fund - Regular - Growth,117.45246358079702,Mutual Fund,148567
2022-05-27,Mirae Asset Large Cap Fund - Regular - Growth,118.96617006920864,Mutual Fund,148567
2022-05-30,Mirae Asset Large Cap Fund - Regular - Growth,117.59153554235225,Mutual Fund,148567
2022-05-31,Mirae Asset Large Cap Fund - Regular - Growth,120.1022328380645,Mutual Fund,148567
2022-06-01,Mirae Asset Large Cap Fund - Regular - Growth,120.48457397290309,Mutual Fund,148567
2022-06-02,Mirae Asset Large Cap Fund - Regular - Growth,120.62051432426975,Mutual Fund,148567
2022-06-03,Mirae Asset Large Cap Fund - Regular - Growth,120.10906544211224,Mutual Fund,148567
2022-06-06,Mirae Asset Large Cap Fund - Regular - Growth,120.86933498834192,Mutual Fund,148567
2022-06-07,Mirae Asset Large Cap Fund - Regular - Growth,120.71403559217329,Mutual Fund,148567
2022-06-08,Mirae Asset Large Cap Fund - Regular - Growth,121.09680376476486,Mutual Fund,148567
2022-06-09,Mirae Asset Large Cap Fund - Regular - Growth,122.06219377834469,Mutual Fund,148567
2022-06-10,Mirae Asset Large Cap Fund - Regular - Growth,122.84808558975342,Mutual Fund,148567
2022-06-13,Mirae Asset Large Cap Fund - Regular - Growth,124.26286166539037,Mutual Fund,148567
2022-06-14,Mirae Asset Large Cap Fund - Regular - Growth,124.9180799243859,Mutual Fund,148567
2022-06-15,Mirae Asset Large Cap Fund - Regular - Growth,123.93845531903997,Mutual Fund,148567
2022-06-16,Mirae Asset Large Cap Fund - Regular - Growth,121.74860572173658,Mutual Fund,148567
2022-06-17,Mirae Asset Large Cap Fund - Regular - Growth,122.03842201009525,Mutual Fund,148567
2022-06-20,Mirae Asset Large Cap Fund - Regular - Growth,122.34446573306732,Mutual Fund,148567
2022-06-21,Mirae Asset Large Cap Fund - Regular - Growth,124.50442268766182,Mutual Fund,148567
2022-06-22,Mirae Asset Large Cap Fund - Regular - Growth,124.44150579205547,Mutual Fund,148567
2022-06-23,Mirae Asset Large Cap Fund - Regular - Growth,124.9175105407153,Mutual Fund,148567
2022-06-24,Mirae Asset Large Cap Fund - Regular - Growth,125.84162023817329,Mutual Fund,148567
2022-06-27,Mirae Asset Large Cap Fund - Regular - Growth,126.47790649011988,Mutual Fund,148567
2022-06-28,Mirae Asset Large Cap Fund - Regular - Growth,127.48856250551599,Mutual Fund,148567
2022-06-29,Mirae Asset Large Cap Fund - Regular - Growth,126.63719157198298,Mutual Fund,148567
2022-06-30,Mirae Asset Large Cap Fund - Regular - Growth,125.61628665051524,Mutual Fund,148567
2022-07-01,Mirae Asset Large Cap Fund - Regular - Growth,125.37045525071393,Mutual Fund,148567
2022-07-04,Mirae Asset Large Cap Fund - Regular - Growth,123.0530637111859,Mutual Fund,148567
2022-07-05,Mirae Asset Large Cap Fund - Regular - Growth,123.07356152332913,Mutual Fund,148567
2022-07-06,Mirae Asset Large Cap Fund - Regular - Growth,122.42289833369875,Mutual Fund,148567
2022-07-07,Mirae Asset Large Cap Fund - Regular - Growth,122.8345627275756,Mutual Fund,148567
2022-07-08,Mirae Asset Large Cap Fund - Regular - Growth,122.61107963684714,Mutual Fund,148567
2022-07-11,Mirae Asset Large Cap Fund - Regular - Growth,121.58063753889607,Mutual Fund,148567
2022-07-12,Mirae Asset Large Cap Fund - Regular - Growth,123.05776112646869,Mutual Fund,148567
2022-07-13,Mirae Asset Large Cap Fund - Regular - Growth,123.2109253338724,Mutual Fund,148567
2022-07-14,Mirae Asset Large Cap Fund - Regular - Growth,124.21617220439738,Mutual Fund,148567
2022-07-15,Mirae Asset Large Cap Fund - Regular - Growth,124.48150499491828,Mutual Fund,148567
2022-07-18,Mirae Asset Large Cap Fund - Regular - Growth,125.05644015635278,Mutual Fund,148567
2022-07-19,Mirae Asset Large Cap Fund - Regular - Growth,123.628141218538,Mutual Fund,148567
2022-07-20,Mirae Asset Large Cap Fund - Regular - Growth,125.09401947861538,Mutual Fund,148567
2022-07-21,Mirae Asset Large Cap Fund - Regular - Growth,126.13229060203783,Mutual Fund,148567
2022-07-22,Mirae Asset Large Cap Fund - Regular - Growth,126.17641783651285,Mutual Fund,148567
2022-07-25,Mirae Asset Large Cap Fund - Regular - Growth,126.56260231112833,Mutual Fund,148567
2022-07-26,Mirae Asset Large Cap Fund - Regular - Growth,127.75247183686018,Mutual Fund,148567
2022-07-27,Mirae Asset Large Cap Fund - Regular - Growth,127.39973865289518,Mutual Fund,148567
2022-07-28,Mirae Asset Large Cap Fund - Regular - Growth,125.69827789908814,Mutual Fund,148567
2022-07-29,Mirae Asset Large Cap Fund - Regular - Growth,125.37187870989048,Mutual Fund,148567
2022-08-01,Mirae Asset Large Cap Fund - Regular - Growth,125.60532601485524,Mutual Fund,148567
2022-08-02,Mirae Asset Large Cap Fund - Regular - Growth,125.63422223614049,Mutual Fund,148567
2022-08-03,Mirae Asset Large Cap Fund - Regular - Growth,127.16814184486003,Mutual Fund,148567
2022-08-04,Mirae Asset Large Cap Fund - Regular - Growth,126.16118682332306,Mutual Fund,148567
2022-08-05,Mirae Asset Large Cap Fund - Regular - Growth,125.30212921023636,Mutual Fund,148567
2022-08-08,Mirae Asset Large Cap Fund - Regular - Growth,124.20236465038417,Mutual Fund,148567
2022-08-09,Mirae Asset Large Cap Fund - Regular - Growth,124.73715826303815,Mutual Fund,148567
2022-08-10,Mirae Asset Large Cap Fund - Regular - Growth,123.13320446282918,Mutual Fund,148567
2022-08-11,Mirae Asset Large Cap Fund - Regular - Growth,124.00749308910568,Mutual Fund,148567
2022-08-12,Mirae Asset Large Cap Fund - Regular - Growth,123.0549142081154,Mutual Fund,148567
2022-08-15,Mirae Asset Large Cap Fund - Regular - Growth,122.28183352929621,Mutual Fund,148567
2022-08-16,Mirae Asset Large Cap Fund - Regular - Growth,124.26997896127337,Mutual Fund,148567
2022-08-17,Mirae Asset Large Cap Fund - Regular - Growth,125.69301110013467,Mutual Fund,148567
2022-08-18,Mirae Asset Large Cap Fund - Regular - Growth,125.89016019609574,Mutual Fund,148567
2022-08-19,Mirae Asset Large Cap Fund - Regular - Growth,124.50712726009732,Mutual Fund,148567
2022-08-22,Mirae Asset Large Cap Fund - Regular - Growth,126.80416333339977,Mutual Fund,148567
2022-08-23,Mirae Asset Large Cap Fund - Regular - Growth,126.65014505049011,Mutual Fund,148567
2022-08-24,Mirae Asset Large Cap Fund - Regular - Growth,126.99248698246583,Mutual Fund,148567
2022-08-25,Mirae Asset Large Cap Fund - Regular - Growth,128.08399547909366,Mutual Fund,148567
2022-08-26,Mirae Asset Large Cap Fund - Regular - Growth,125.95079955701951,Mutual Fund,148567
2022-08-29,Mirae Asset Large Cap Fund - Regular - Growth,125.30654193368387,Mutual Fund,148567
2022-08-30,Mirae Asset Large Cap Fund - Regular - Growth,125.29586598985925,Mutual Fund,148567
2022-08-31,Mirae Asset Large Cap Fund - Regular - Growth,125.50511448882156,Mutual Fund,148567
2022-09-01,Mirae Asset Large Cap Fund - Regular - Growth,124.13460799357733,Mutual Fund,148567
2022-09-02,Mirae Asset Large Cap Fund - Regular - Growth,124.55652129352582,Mutual Fund,148567
2022-09-05,Mirae Asset Large Cap Fund - Regular - Growth,124.65787158690074,Mutual Fund,148567
2022-09-06,Mirae Asset Large Cap Fund - Regular - Growth,126.56971960701138,Mutual Fund,148567
2022-09-07,Mirae Asset Large Cap Fund - Regular - Growth,127.757169252143,Mutual Fund,148567
2022-09-08,Mirae Asset Large Cap Fund - Regular - Growth,127.51987860740141,Mutual Fund,148567
2022-09-09,Mirae Asset Large Cap Fund - Regular - Growth,127.3652909408211,Mutual Fund,148567
2022-09-12,Mirae Asset Large Cap Fund - Regular - Growth,128.57622766236688,Mutual Fund,148567
2022-09-13,Mirae Asset Large Cap Fund - Regular - Growth,128.96483201758255,Mutual Fund,148567
2022-09-14,Mirae Asset Large Cap Fund - Regular - Growth,127.48044878820919,Mutual Fund,148567
2022-09-15,Mirae Asset Large Cap Fund - Regular - Growth,129.92324708119696,Mutual Fund,148567
2022-09-16,Mirae Asset Large Cap Fund - Regular - Growth,128.86049245993675,Mutual Fund,148567
2022-09-19,Mirae Asset Large Cap Fund - Regular - Growth,131.7767332750664,Mutual Fund,148567
2022-09-20,Mirae Asset Large Cap Fund - Regular - Growth,132.34327002735887,Mutual Fund,148567
2022-09-21,Mirae Asset Large Cap Fund - Regular - Growth,131.6715396419146,Mutual Fund,148567
2022-09-22,Mirae Asset Large Cap Fund - Regular - Growth,129.01792704487028,Mutual Fund,148567
2022-09-23,Mirae Asset Large Cap Fund - Regular - Growth,129.9717870391195,Mutual Fund,148567
2022-09-26,Mirae Asset Large Cap Fund - Regular - Growth,128.27303085774804,Mutual Fund,148567
2022-09-27,Mirae Asset Large Cap Fund - Regular - Growth,128.74419584520734,Mutual Fund,148567
2022-09-28,Mirae Asset Large Cap Fund - Regular - Growth,131.0261432512377,Mutual Fund,148567
2022-09-29,Mirae Asset Large Cap Fund - Regular - Growth,129.7850291951477,Mutual Fund,148567
2022-09-30,Mirae Asset Large Cap Fund - Regular - Growth,130.6998864079577,Mutual Fund,148567
2022-10-03,Mirae Asset Large Cap Fund - Regular - Growth,129.83470792041157,Mutual Fund,148567
2022-10-04,Mirae Asset Large Cap Fund - Regular - Growth,131.2063531829971,Mutual Fund,148567
2022-10-05,Mirae Asset Large Cap Fund - Regular - Growth,131.35026490575282,Mutual Fund,148567
2022-10-06,Mirae Asset Large Cap Fund - Regular - Growth,131.39595794532215,Mutual Fund,148567
2022-10-07,Mirae Asset Large Cap Fund - Regular - Growth,132.87094634412986,Mutual Fund,148567
2022-10-10,Mirae Asset Large Cap Fund - Regular - Growth,133.67477374116396,Mutual Fund,148567
2022-10-11,Mirae Asset Large Cap Fund - Regular - Growth,132.79792288836958,Mutual Fund,148567
2022-10-12,Mirae Asset Large Cap Fund - Regular - Growth,134.9770965418484,Mutual Fund,148567
2022-10-13,Mirae Asset Large Cap Fund - Regular - Growth,133.22994274847204,Mutual Fund,148567
2022-10-14,Mirae Asset Large Cap Fund - Regular - Growth,133.6231021730529,Mutual Fund,148567
2022-10-17,Mirae Asset Large Cap Fund - Regular - Growth,132.72546881627994,Mutual Fund,148567
2022-10-18,Mirae Asset Large Cap Fund - Regular - Growth,131.06358022758275,Mutual Fund,148567
2022-10-19,Mirae Asset Large Cap Fund - Regular - Growth,129.8260248194343,Mutual Fund,148567
2022-10-20,Mirae Asset Large Cap Fund - Regular - Growth,129.83670076325893,Mutual Fund,148567
2022-10-21,Mirae Asset Large Cap Fund - Regular - Growth,130.30487648644734,Mutual Fund,148567
2022-10-24,Mirae Asset Large Cap Fund - Regular - Growth,131.59538457596582,Mutual Fund,148567
2022-10-25,Mirae Asset Large Cap Fund - Regular - Growth,133.3885161007468,Mutual Fund,148567
2022-10-26,Mirae Asset Large Cap Fund - Regular - Growth,133.7845224436809,Mutual Fund,148567
2022-10-27,Mirae Asset Large Cap Fund - Regular - Growth,133.33143538776457,Mutual Fund,148567
2022-10-28,Mirae Asset Large Cap Fund - Regular - Growth,134.62820669766018,Mutual Fund,148567
2022-10-31,Mirae Asset Large Cap Fund - Regular - Growth,133.96942979072307,Mutual Fund,148567
2022-11-01,Mirae Asset Large Cap Fund - Regular - Growth,132.16562232211749,Mutual Fund,148567
2022-11-02,Mirae Asset Large Cap Fund - Regular - Growth,133.33342823061182,Mutual Fund,148567
2022-11-03,Mirae Asset Large Cap Fund - Regular - Growth,134.96898282454163,Mutual Fund,148567
2022-11-04,Mirae Asset Large Cap Fund - Regular - Growth,134.06337809637964,Mutual Fund,148567
2022-11-07,Mirae Asset Large Cap Fund - Regular - Growth,136.47229806096394,Mutual Fund,148567
2022-11-08,Mirae Asset Large Cap Fund - Regular - Growth,137.24665985304213,Mutual Fund,148567
2022-11-09,Mirae Asset Large Cap Fund - Regular - Growth,137.84394332354947,Mutual Fund,148567
2022-11-10,Mirae Asset Large Cap Fund - Regular - Growth,137.2880825150816,Mutual Fund,148567
2022-11-11,Mirae Asset Large Cap Fund - Regular - Growth,138.5968108820608,Mutual Fund,148567
2022-11-14,Mirae Asset Large Cap Fund - Regular - Growth,136.81663283578698,Mutual Fund,148567
2022-11-15,Mirae Asset Large Cap Fund - Regular - Growth,136.47756485991744,Mutual Fund,148567
2022-11-16,Mirae Asset Large Cap Fund - Regular - Growth,135.6680436261769,Mutual Fund,148567
2022-11-17,Mirae Asset Large Cap Fund - Regular - Growth,134.180101748862,Mutual Fund,148567
2022-11-18,Mirae Asset Large Cap Fund - Regular - Growth,135.27502654751368,Mutual Fund,148567
2022-11-21,Mirae Asset Large Cap Fund - Regular - Growth,135.75259710126778,Mutual Fund,148567
2022-11-22,Mirae Asset Large Cap Fund - Regular - Growth,136.78987180326664,Mutual Fund,148567
2022-11-23,Mirae Asset Large Cap Fund - Regular - Growth,136.5249660504987,Mutual Fund,148567
2022-11-24,Mirae Asset Large Cap Fund - Regular - Growth,137.78728964832024,Mutual Fund,148567
2022-11-25,Mirae Asset Large Cap Fund - Regular - Growth,137.9522685668898,Mutual Fund,148567
2022-11-28,Mirae Asset Large Cap Fund - Regular - Growth,137.44992982346264,Mutual Fund,148567
2022-11-29,Mirae Asset Large Cap Fund - Regular - Growth,136.7481644493918,Mutual Fund,148567
2022-11-30,Mirae Asset Large Cap Fund - Regular - Growth,134.44685799855952,Mutual Fund,148567
2022-12-01,Mirae Asset Large Cap Fund - Regular - Growth,135.90476488724786,Mutual Fund,148567
2022-12-02,Mirae Asset Large Cap Fund - Regular - Growth,137.2409660163357,Mutual Fund,148567
2022-12-05,Mirae Asset Large Cap Fund - Regular - Growth,140.90281474817593,Mutual Fund,148567
2022-12-06,Mirae Asset Large Cap Fund - Regular - Growth,140.56018812436488,Mutual Fund,148567
2022-12-07,Mirae Asset Large Cap Fund - Regular - Growth,139.80817464135956,Mutual Fund,148567
2022-12-08,Mirae Asset Large Cap Fund - Regular - Growth,137.79696917072124,Mutual Fund,148567
2022-12-09,Mirae Asset Large Cap Fund - Regular - Growth,139.04021841557613,Mutual Fund,148567
2022-12-12,Mirae Asset Large Cap Fund - Regular - Growth,140.01030584443876,Mutual Fund,148567
2022-12-13,Mirae Asset Large Cap Fund - Regular - Growth,142.01282821409973,Mutual Fund,148567
2022-12-14,Mirae Asset Large Cap Fund - Regular - Growth,140.94210222145048,Mutual Fund,148567
2022-12-15,Mirae Asset Large Cap Fund - Regular - Growth,141.90848865645393,Mutual Fund,148567
2022-12-16,Mirae Asset Large Cap Fund - Regular - Growth,141.32956780932489,Mutual Fund,148567
2022-12-19,Mirae Asset Large Cap Fund - Regular - Growth,143.08810927611415,Mutual Fund,148567
2022-12-20,Mirae Asset Large Cap Fund - Regular - Growth,143.84054979687247,Mutual Fund,148567
2022-12-21,Mirae Asset Large Cap Fund - Regular - Growth,141.95375465827024,Mutual Fund,148567
2022-12-22,Mirae Asset Large Cap Fund - Regular - Growth,141.8627956168846,Mutual Fund,148567
2022-12-23,Mirae Asset Large Cap Fund - Regular - Growth,139.5182160070832,Mutual Fund,148567
2022-12-26,Mirae Asset Large Cap Fund - Regular - Growth,138.16550275154665,Mutual Fund,148567
2022-12-27,Mirae Asset Large Cap Fund - Regular - Growth,136.8989087761953,Mutual Fund,148567
2022-12-28,Mirae Asset Large Cap Fund - Regular - Growth,136.1974280939598,Mutual Fund,148567
2022-12-29,Mirae Asset Large Cap Fund - Regular - Growth,135.95245076966447,Mutual Fund,148567
2022-12-30,Mirae Asset Large Cap Fund - Regular - Growth,136.22006109486796,Mutual Fund,148567
2023-01-02,Mirae Asset Large Cap Fund - Regular - Growth,136.42817082648895,Mutual Fund,148567
2023-01-03,Mirae Asset Large Cap Fund - Regular - Growth,136.4698781803638,Mutual Fund,148567
2023-01-04,Mirae Asset Large Cap Fund - Regular - Growth,136.94104316782312,Mutual Fund,148567
2023-01-05,Mirae Asset Large Cap Fund - Regular - Growth,135.50989731165512,Mutual Fund,148567
2023-01-06,Mirae Asset Large Cap Fund - Regular - Growth,135.66733189658865,Mutual Fund,148567
2023-01-09,Mirae Asset Large Cap Fund - Regular - Growth,137.4654455284878,Mutual Fund,148567
2023-01-10,Mirae Asset Large Cap Fund - Regular - Growth,137.33534135974529,Mutual Fund,148567
2023-01-11,Mirae Asset Large Cap Fund - Regular - Growth,138.00707174518956,Mutual Fund,148567
2023-01-12,Mirae Asset Large Cap Fund - Regular - Growth,138.56819935261092,Mutual Fund,148567
2023-01-13,Mirae Asset Large Cap Fund - Regular - Growth,139.69799890108965,Mutual Fund,148567
2023-01-16,Mirae Asset Large Cap Fund - Regular - Growth,140.1244672704033,Mutual Fund,148567
2023-01-17,Mirae Asset Large Cap Fund - Regular - Growth,141.24586840974004,Mutual Fund,148567
2023-01-18,Mirae Asset Large Cap Fund - Regular - Growth,141.95247354501134,Mutual Fund,148567
2023-01-19,Mirae Asset Large Cap Fund - Regular - Growth,142.85138801504326,Mutual Fund,148567
2023-01-20,Mirae Asset Large Cap Fund - Regular - Growth,143.48340388945996,Mutual Fund,148567
2023-01-23,Mirae Asset Large Cap Fund - Regular - Growth,142.28855225660996,Mutual Fund,148567
2023-01-24,Mirae Asset Large Cap Fund - Regular - Growth,140.89954079206976,Mutual Fund,148567
2023-01-25,Mirae Asset Large Cap Fund - Regular - Growth,140.53385412959756,Mutual Fund,148567
2023-01-26,Mirae Asset Large Cap Fund - Regular - Growth,142.54363614105924,Mutual Fund,148567
2023-01-27,Mirae Asset Large Cap Fund - Regular - Growth,142.4014325693155,Mutual Fund,148567
2023-01-30,Mirae Asset Large Cap Fund - Regular - Growth,142.8644838394681,Mutual Fund,148567
2023-01-31,Mirae Asset Large Cap Fund - Regular - Growth,140.4794779890509,Mutual Fund,148567
2023-02-01,Mirae Asset Large Cap Fund - Regular - Growth,140.7923543160707,Mutual Fund,148567
2023-02-02,Mirae Asset Large Cap Fund - Regular - Growth,140.97185251824175,Mutual Fund,148567
2023-02-03,Mirae Asset Large Cap Fund - Regular - Growth,137.75810873519973,Mutual Fund,148567
2023-02-06,Mirae Asset Large Cap Fund - Regular - Growth,138.1832959912544,Mutual Fund,148567
2023-02-07,Mirae Asset Large Cap Fund - Regular - Growth,136.25607461203631,Mutual Fund,148567
2023-02-08,Mirae Asset Large Cap Fund - Regular - Growth,135.45708697620273,Mutual Fund,148567
2023-02-09,Mirae Asset Large Cap Fund - Regular - Growth,136.72083403320087,Mutual Fund,148567
2023-02-10,Mirae Asset Large Cap Fund - Regular - Growth,136.98146940843895,Mutual Fund,148567
2023-02-13,Mirae Asset Large Cap Fund - Regular - Growth,136.51115849648562,Mutual Fund,148567
2023-02-14,Mirae Asset Large Cap Fund - Regular - Growth,135.9399243289103,Mutual Fund,148567
2023-02-15,Mirae Asset Large Cap Fund - Regular - Growth,135.50961261981982,Mutual Fund,148567
2023-02-16,Mirae Asset Large Cap Fund - Regular - Growth,135.7719561460698,Mutual Fund,148567
2023-02-17,Mirae Asset Large Cap Fund - Regular - Growth,134.41127151914424,Mutual Fund,148567
2023-02-20,Mirae Asset Large Cap Fund - Regular - Growth,135.8207807958277,Mutual Fund,148567
2023-02-21,Mirae Asset Large Cap Fund - Regular - Growth,134.52258602675548,Mutual Fund,148567
2023-02-22,Mirae Asset Large Cap Fund - Regular - Growth,132.55750063343947,Mutual Fund,148567
2023-02-23,Mirae Asset Large Cap Fund - Regular - Growth,133.79021628038743,Mutual Fund,148567
2023-02-24,Mirae Asset Large Cap Fund - Regular - Growth,133.3445312121895,Mutual Fund,148567
2023-02-27,Mirae Asset Large Cap Fund - Regular - Growth,133.49627196041658,Mutual Fund,148567
2023-02-28,Mirae Asset Large Cap Fund - Regular - Growth,134.33839040930158,Mutual Fund,148567
2023-03-01,Mirae Asset Large Cap Fund - Regular - Growth,133.55762305092864,Mutual Fund,148567
2023-03-02,Mirae Asset Large Cap Fund - Regular - Growth,133.78836578345783,Mutual Fund,148567
2023-03-03,Mirae Asset Large Cap Fund - Regular - Growth,134.62479039563638,Mutual Fund,148567
2023-03-06,Mirae Asset Large Cap Fund - Regular - Growth,136.66047936411246,Mutual Fund,148567
2023-03-07,Mirae Asset Large Cap Fund - Regular - Growth,136.11600622905752,Mutual Fund,148567
2023-03-08,Mirae Asset Large Cap Fund - Regular - Growth,135.631460725338,Mutual Fund,148567
2023-03-09,Mirae Asset Large Cap Fund - Regular - Growth,136.37721098796624,Mutual Fund,148567
2023-03-10,Mirae Asset Large Cap Fund - Regular - Growth,136.69891276188105,Mutual Fund,148567
2023-03-13,Mirae Asset Large Cap Fund - Regular - Growth,136.6042527266362,Mutual Fund,148567
2023-03-14,Mirae Asset Large Cap Fund - Regular - Growth,138.6080562095561,Mutual Fund,148567
2023-03-15,Mirae Asset Large Cap Fund - Regular - Growth,136.63699228769835,Mutual Fund,148567
2023-03-16,Mirae Asset Large Cap Fund - Regular - Growth,135.0041422662041,Mutual Fund,148567
2023-03-17,Mirae Asset Large Cap Fund - Regular - Growth,133.09798808279996,Mutual Fund,148567
2023-03-20,Mirae Asset Large Cap Fund - Regular - Growth,134.5853605764442,Mutual Fund,148567
2023-03-21,Mirae Asset Large Cap Fund - Regular - Growth,135.26748221387774,Mutual Fund,148567
2023-03-22,Mirae Asset Large Cap Fund - Regular - Growth,133.7110719501677,Mutual Fund,148567
2023-03-23,Mirae Asset Large Cap Fund - Regular - Growth,133.6350592301365,Mutual Fund,148567
2023-03-24,Mirae Asset Large Cap Fund - Regular - Growth,133.67135743914017,Mutual Fund,148567
2023-03-27,Mirae Asset Large Cap Fund - Regular - Growth,131.15980606792192,Mutual Fund,148567
2023-03-28,Mirae Asset Large Cap Fund - Regular - Growth,131.4454943246684,Mutual Fund,148567
2023-03-29,Mirae Asset Large Cap Fund - Regular - Growth,130.1547015433146,Mutual Fund,148567
2023-03-30,Mirae Asset Large Cap Fund - Regular - Growth,131.0359651195565,Mutual Fund,148567
2023-03-31,Mirae Asset Large Cap Fund - Regular - Growth,129.7841751196419,Mutual Fund,148567
2023-04-03,Mirae Asset Large Cap Fund - Regular - Growth,130.10231824561518,Mutual Fund,148567
2023-04-04,Mirae Asset Large Cap Fund - Regular - Growth,131.66413765419637,Mutual Fund,148567
2023-04-05,Mirae Asset Large Cap Fund - Regular - Growth,132.86909584720033,Mutual Fund,148567
2023-04-06,Mirae Asset Large Cap Fund - Regular - Growth,133.5337089367615,Mutual Fund,148567
2023-04-07,Mirae Asset Large Cap Fund - Regular - Growth,133.5068055583235,Mutual Fund,148567
2023-04-10,Mirae Asset Large Cap Fund - Regular - Growth,131.82014877995326,Mutual Fund,148567
2023-04-11,Mirae Asset Large Cap Fund - Regular - Growth,131.37844939744983,Mutual Fund,148567
2023-04-12,Mirae Asset Large Cap Fund - Regular - Growth,131.1844319116773,Mutual Fund,148567
2023-04-13,Mirae Asset Large Cap Fund - Regular - Growth,130.90785379366113,Mutual Fund,148567
2023-04-14,Mirae Asset Large Cap Fund - Regular - Growth,129.21593021633743,Mutual Fund,148567
2023-04-17,Mirae Asset Large Cap Fund - Regular - Growth,129.77890832068837,Mutual Fund,148567
2023-04-18,Mirae Asset Large Cap Fund - Regular - Growth,128.50064198008874,Mutual Fund,148567
2023-04-19,Mirae Asset Large Cap Fund - Regular - Growth,130.33192221080301,Mutual Fund,148567
2023-04-20,Mirae Asset Large Cap Fund - Regular - Growth,130.56949754737994,Mutual Fund,148567
2023-04-21,Mirae Asset Large Cap Fund - Regular - Growth,131.77004301693643,Mutual Fund,148567
2023-04-24,Mirae Asset Large Cap Fund - Regular - Growth,132.95735031615038,Mutual Fund,148567
2023-04-25,Mirae Asset Large Cap Fund - Regular - Growth,135.48612554340562,Mutual Fund,148567
2023-04-26,Mirae Asset Large Cap Fund - Regular - Growth,135.77366429708172,Mutual Fund,148567
2023-04-27,Mirae Asset Large Cap Fund - Regular - Growth,135.3772309163946,Mutual Fund,148567
2023-04-28,Mirae Asset Large Cap Fund - Regular - Growth,135.00499634170998,Mutual Fund,148567
2023-05-01,Mirae Asset Large Cap Fund - Regular - Growth,136.8685890957334,Mutual Fund,148567
2023-05-02,Mirae Asset Large Cap Fund - Regular - Growth,135.3540285318158,Mutual Fund,148567
2023-05-03,Mirae Asset Large Cap Fund - Regular - Growth,134.37924368767034,Mutual Fund,148567
2023-05-04,Mirae Asset Large Cap Fund - Regular - Growth,134.72984168287044,Mutual Fund,148567
2023-05-05,Mirae Asset Large Cap Fund - Regular - Growth,134.61781544567089,Mutual Fund,148567
2023-05-08,Mirae Asset Large Cap Fund - Regular - Growth,135.84156329980618,Mutual Fund,148567
2023-05-09,Mirae Asset Large Cap Fund - Regular - Growth,134.31646913798164,Mutual Fund,148567
2023-05-10,Mirae Asset Large Cap Fund - Regular - Growth,134.30650492374534,Mutual Fund,148567
2023-05-11,Mirae Asset Large Cap Fund - Regular - Growth,134.15433713776528,Mutual Fund,148567
2023-05-12,Mirae Asset Large Cap Fund - Regular - Growth,132.96033958042122,Mutual Fund,148567
2023-05-15,Mirae Asset Large Cap Fund - Regular - Growth,134.06380513413262,Mutual Fund,148567
2023-05-16,Mirae Asset Large Cap Fund - Regular - Growth,134.0243753149404,Mutual Fund,148567
2023-05-17,Mirae Asset Large Cap Fund - Regular - Growth,133.93512442456668,Mutual Fund,148567
2023-05-18,Mirae Asset Large Cap Fund - Regular - Growth,133.03307834434622,Mutual Fund,148567
2023-05-19,Mirae Asset Large Cap Fund - Regular - Growth,132.66838810329764,Mutual Fund,148567
2023-05-22,Mirae Asset Large Cap Fund - Regular - Growth,131.5462752343726,Mutual Fund,148567
2023-05-23,Mirae Asset Large Cap Fund - Regular - Growth,132.6205598749634,Mutual Fund,148567
2023-05-24,Mirae Asset Large Cap Fund - Regular - Growth,133.90309659309284,Mutual Fund,148567
2023-05-25,Mirae Asset Large Cap Fund - Regular - Growth,135.97195216038403,Mutual Fund,148567
2023-05-26,Mirae Asset Large Cap Fund - Regular - Growth,136.56396883193793,Mutual Fund,148567
2023-05-29,Mirae Asset Large Cap Fund - Regular - Growth,136.22618196932737,Mutual Fund,148567
2023-05-30,Mirae Asset Large Cap Fund - Regular - Growth,135.73394978605415,Mutual Fund,148567
2023-05-31,Mirae Asset Large Cap Fund - Regular - Growth,136.39301138482656,Mutual Fund,148567
2023-06-01,Mirae Asset Large Cap Fund - Regular - Growth,136.70531832817576,Mutual Fund,148567
2023-06-02,Mirae Asset Large Cap Fund - Regular - Growth,136.56581932886755,Mutual Fund,148567
2023-06-05,Mirae Asset Large Cap Fund - Regular - Growth,136.32084200457223,Mutual Fund,148567
2023-06-06,Mirae Asset Large Cap Fund - Regular - Growth,137.80721807679285,Mutual Fund,148567
2023-06-07,Mirae Asset Large Cap Fund - Regular - Growth,137.35427336679422,Mutual Fund,148567
2023-06-08,Mirae Asset Large Cap Fund - Regular - Growth,139.0669794480965,Mutual Fund,148567
2023-06-09,Mirae Asset Large Cap Fund - Regular - Growth,139.36248957316164,Mutual Fund,148567
2023-06-12,Mirae Asset Large Cap Fund - Regular - Growth,138.98271066484097,Mutual Fund,148567
2023-06-13,Mirae Asset Large Cap Fund - Regular - Growth,138.09475683046898,Mutual Fund,148567
2023-06-14,Mirae Asset Large Cap Fund - Regular - Growth,137.97789083206894,Mutual Fund,148567
2023-06-15,Mirae Asset Large Cap Fund - Regular - Growth,138.66328642560873,Mutual Fund,148567
2023-06-16,Mirae Asset Large Cap Fund - Regular - Growth,138.27425503264004,Mutual Fund,148567
2023-06-19,Mirae Asset Large Cap Fund - Regular - Growth,139.3869730709994,Mutual Fund,148567
2023-06-20,Mirae Asset Large Cap Fund - Regular - Growth,138.93474009058906,Mutual Fund,148567
2023-06-21,Mirae Asset Large Cap Fund - Regular - Growth,138.85360291752204,Mutual Fund,148567
2023-06-22,Mirae Asset Large Cap Fund - Regular - Growth,137.3576896688181,Mutual Fund,148567
2023-06-23,Mirae Asset Large Cap Fund - Regular - Growth,138.10827969264682,Mutual Fund,148567
2023-06-26,Mirae Asset Large Cap Fund - Regular - Growth,137.85433457553881,Mutual Fund,148567
2023-06-27,Mirae Asset Large Cap Fund - Regular - Growth,139.85941917171772,Mutual Fund,148567
2023-06-28,Mirae Asset Large Cap Fund - Regular - Growth,140.8041690272366,Mutual Fund,148567
2023-06-29,Mirae Asset Large Cap Fund - Regular - Growth,140.98181673247808,Mutual Fund,148567
2023-06-30,Mirae Asset Large Cap Fund - Regular - Growth,142.58690930002837,Mutual Fund,148567
2023-07-03,Mirae Asset Large Cap Fund - Regular - Growth,143.17109694611082,Mutual Fund,148567
2023-07-04,Mirae Asset Large Cap Fund - Regular - Growth,144.52437958531803,Mutual Fund,148567
2023-07-05,Mirae Asset Large Cap Fund - Regular - Growth,143.50347466385026,Mutual Fund,148567
2023-07-06,Mirae Asset Large Cap Fund - Regular - Growth,144.16267860854035,Mutual Fund,148567
2023-07-07,Mirae Asset Large Cap Fund - Regular - Growth,144.87796684478903,Mutual Fund,148567
2023-07-10,Mirae Asset Large Cap Fund - Regular - Growth,142.99131405210449,Mutual Fund,148567
2023-07-11,Mirae Asset Large Cap Fund - Regular - Growth,144.97874775449333,Mutual Fund,148567
2023-07-12,Mirae Asset Large Cap Fund - Regular - Growth,143.57678281144595,Mutual Fund,148567
2023-07-13,Mirae Asset Large Cap Fund - Regular - Growth,142.01467871102946,Mutual Fund,148567
2023-07-14,Mirae Asset Large Cap Fund - Regular - Growth,138.56264786182217,Mutual Fund,148567
2023-07-17,Mirae Asset Large Cap Fund - Regular - Growth,139.21473451062917,Mutual Fund,148567
2023-07-18,Mirae Asset Large Cap Fund - Regular - Growth,137.28281571612825,Mutual Fund,148567
2023-07-19,Mirae Asset Large Cap Fund - Regular - Growth,136.72894775050764,Mutual Fund,148567
2023-07-20,Mirae Asset Large Cap Fund - Regular - Growth,137.81405068084072,Mutual Fund,148567
2023-07-21,Mirae Asset Large Cap Fund - Regular - Growth,138.11895563647153,Mutual Fund,148567
2023-07-24,Mirae Asset Large Cap Fund - Regular - Growth,137.43213658375512,Mutual Fund,148567
2023-07-25,Mirae Asset Large Cap Fund - Regular - Growth,135.58761818269835,Mutual Fund,148567
2023-07-26,Mirae Asset Large Cap Fund - Regular - Growth,135.52882931870417,Mutual Fund,148567
2023-07-27,Mirae Asset Large Cap Fund - Regular - Growth,136.6254622683678,Mutual Fund,148567
2023-07-28,Mirae Asset Large Cap Fund - Regular - Growth,137.54345109136636,Mutual Fund,148567
2023-07-31,Mirae Asset Large Cap Fund - Regular - Growth,139.80006092405299,Mutual Fund,148567
2023-08-01,Mirae Asset Large Cap Fund - Regular - Growth,139.0685452531909,Mutual Fund,148567
2023-08-02,Mirae Asset Large Cap Fund - Regular - Growth,137.5334868771301,Mutual Fund,148567
2023-08-03,Mirae Asset Large Cap Fund - Regular - Growth,137.98116478817528,Mutual Fund,148567
2023-08-04,Mirae Asset Large Cap Fund - Regular - Growth,138.30998385797318,Mutual Fund,148567
2023-08-07,Mirae Asset Large Cap Fund - Regular - Growth,138.3753206341798,Mutual Fund,148567
2023-08-08,Mirae Asset Large Cap Fund - Regular - Growth,137.53846898424825,Mutual Fund,148567
2023-08-09,Mirae Asset Large Cap Fund - Regular - Growth,134.4266448782518,Mutual Fund,148567
2023-08-10,Mirae Asset Large Cap Fund - Regular - Growth,133.30737892768002,Mutual Fund,148567
2023-08-11,Mirae Asset Large Cap Fund - Regular - Growth,134.03291607000028,Mutual Fund,148567
2023-08-14,Mirae Asset Large Cap Fund - Regular - Growth,134.4384595894177,Mutual Fund,148567
2023-08-15,Mirae Asset Large Cap Fund - Regular - Growth,135.65765237418782,Mutual Fund,148567
2023-08-16,Mirae Asset Large Cap Fund - Regular - Growth,136.14148614831902,Mutual Fund,148567
2023-08-17,Mirae Asset Large Cap Fund - Regular - Growth,137.09876244459213,Mutual Fund,148567
2023-08-18,Mirae Asset Large Cap Fund - Regular - Growth,138.09774609474005,Mutual Fund,148567
2023-08-21,Mirae Asset Large Cap Fund - Regular - Growth,138.19397193507916,Mutual Fund,148567
2023-08-22,Mirae Asset Large Cap Fund - Regular - Growth,138.2988808763956,Mutual Fund,148567
2023-08-23,Mirae Asset Large Cap Fund - Regular - Growth,134.86563968831965,Mutual Fund,148567
2023-08-24,Mirae Asset Large Cap Fund - Regular - Growth,134.15618763469507,Mutual Fund,148567
2023-08-25,Mirae Asset Large Cap Fund - Regular - Growth,133.50125406753486,Mutual Fund,148567
2023-08-28,Mirae Asset Large Cap Fund - Regular - Growth,133.4420381657877,Mutual Fund,148567
2023-08-29,Mirae Asset Large Cap Fund - Regular - Growth,132.41985213106096,Mutual Fund,148567
2023-08-30,Mirae Asset Large Cap Fund - Regular - Growth,133.58822742322602,Mutual Fund,148567
2023-08-31,Mirae Asset Large Cap Fund - Regular - Growth,132.62212568005788,Mutual Fund,148567
2023-09-01,Mirae Asset Large Cap Fund - Regular - Growth,133.9869383385957,Mutual Fund,148567
2023-09-04,Mirae Asset Large Cap Fund - Regular - Growth,132.92446840917077,Mutual Fund,148567
2023-09-05,Mirae Asset Large Cap Fund - Regular - Growth,132.28690104396526,Mutual Fund,148567
2023-09-06,Mirae Asset Large Cap Fund - Regular - Growth,131.56392612816285,Mutual Fund,148567
2023-09-07,Mirae Asset Large Cap Fund - Regular - Growth,131.05703231537052,Mutual Fund,148567
2023-09-08,Mirae Asset Large Cap Fund - Regular - Growth,132.49472608375095,Mutual Fund,148567
2023-09-11,Mirae Asset Large Cap Fund - Regular - Growth,132.18128037306047,Mutual Fund,148567
2023-09-12,Mirae Asset Large Cap Fund - Regular - Growth,131.8981543428319,Mutual Fund,148567
2023-09-13,Mirae Asset Large Cap Fund - Regular - Growth,131.10571461921072,Mutual Fund,148567
2023-09-14,Mirae Asset Large Cap Fund - Regular - Growth,130.87312138975196,Mutual Fund,148567
2023-09-15,Mirae Asset Large Cap Fund - Regular - Growth,131.19083747797225,Mutual Fund,148567
2023-09-18,Mirae Asset Large Cap Fund - Regular - Growth,131.0097734707069,Mutual Fund,148567
2023-09-19,Mirae Asset Large Cap Fund - Regular - Growth,130.90372576204913,Mutual Fund,148567
2023-09-20,Mirae Asset Large Cap Fund - Regular - Growth,132.15010661709258,Mutual Fund,148567
2023-09-21,Mirae Asset Large Cap Fund - Regular - Growth,132.53771455088466,Mutual Fund,148567
2023-09-22,Mirae Asset Large Cap Fund - Regular - Growth,131.26699254392108,Mutual Fund,148567
2023-09-25,Mirae Asset Large Cap Fund - Regular - Growth,131.23610347978857,Mutual Fund,148567
2023-09-26,Mirae Asset Large Cap Fund - Regular - Growth,130.681808476415,Mutual Fund,148567
2023-09-27,Mirae Asset Large Cap Fund - Regular - Growth,131.35140367309435,Mutual Fund,148567
2023-09-28,Mirae Asset Large Cap Fund - Regular - Growth,131.5385885548191,Mutual Fund,148567
2023-09-29,Mirae Asset Large Cap Fund - Regular - Growth,132.92489544692378,Mutual Fund,148567
2023-10-02,Mirae Asset Large Cap Fund - Regular - Growth,132.12832769169043,Mutual Fund,148567
2023-10-03,Mirae Asset Large Cap Fund - Regular - Growth,131.97231656593348,Mutual Fund,148567
2023-10-04,Mirae Asset Large Cap Fund - Regular - Growth,130.80707288395703,Mutual Fund,148567
2023-10-05,Mirae Asset Large Cap Fund - Regular - Growth,130.826431928759,Mutual Fund,148567
2023-10-06,Mirae Asset Large Cap Fund - Regular - Growth,129.13208847083504,Mutual Fund,148567
2023-10-09,Mirae Asset Large Cap Fund - Regular - Growth,129.56553179011408,Mutual Fund,148567
2023-10-10,Mirae Asset Large Cap Fund - Regular - Growth,129.56894809213796,Mutual Fund,148567
2023-10-11,Mirae Asset Large Cap Fund - Regular - Growth,129.81335603276264,Mutual Fund,148567
2023-10-12,Mirae Asset Large Cap Fund - Regular - Growth,130.78629037997845,Mutual Fund,148567
2023-10-13,Mirae Asset Large Cap Fund - Regular - Growth,131.11340129876442,Mutual Fund,148567
2023-10-16,Mirae Asset Large Cap Fund - Regular - Growth,129.71229043122298,Mutual Fund,148567
2023-10-17,Mirae Asset Large Cap Fund - Regular - Growth,129.1446149115892,Mutual Fund,148567
2023-10-18,Mirae Asset Large Cap Fund - Regular - Growth,129.1198467219161,Mutual Fund,148567
2023-10-19,Mirae Asset Large Cap Fund - Regular - Growth,128.81323361527336,Mutual Fund,148567
2023-10-20,Mirae Asset Large Cap Fund - Regular - Growth,128.64583481610353,Mutual Fund,148567
2023-10-23,Mirae Asset Large Cap Fund - Regular - Growth,130.56593889943855,Mutual Fund,148567
2023-10-24,Mirae Asset Large Cap Fund - Regular - Growth,130.74899574955114,Mutual Fund,148567
2023-10-25,Mirae Asset Large Cap Fund - Regular - Growth,131.25816709702607,Mutual Fund,148567
2023-10-26,Mirae Asset Large Cap Fund - Regular - Growth,129.01991988771778,Mutual Fund,148567
2023-10-27,Mirae Asset Large Cap Fund - Regular - Growth,129.938478094387,Mutual Fund,148567
2023-10-30,Mirae Asset Large Cap Fund - Regular - Growth,133.31691610416328,Mutual Fund,148567
2023-10-31,Mirae Asset Large Cap Fund - Regular - Growth,134.97809296327216,Mutual Fund,148567
2023-11-01,Mirae Asset Large Cap Fund - Regular - Growth,134.52457886960286,Mutual Fund,148567
2023-11-02,Mirae Asset Large Cap Fund - Regular - Growth,137.32893579345065,Mutual Fund,148567
2023-11-03,Mirae Asset Large Cap Fund - Regular - Growth,137.4331330051788,Mutual Fund,148567
2023-11-06,Mirae Asset Large Cap Fund - Regular - Growth,137.8763981927765,Mutual Fund,148567
2023-11-07,Mirae Asset Large Cap Fund - Regular - Growth,137.6224530756685,Mutual Fund,148567
2023-11-08,Mirae Asset Large Cap Fund - Regular - Growth,137.33776124034563,Mutual Fund,148567
2023-11-09,Mirae Asset Large Cap Fund - Regular - Growth,134.71119436765696,Mutual Fund,148567
2023-11-10,Mirae Asset Large Cap Fund - Regular - Growth,135.7199998861235,Mutual Fund,148567
2023-11-13,Mirae Asset Large Cap Fund - Regular - Growth,135.43488101304766,Mutual Fund,148567
2023-11-14,Mirae Asset Large Cap Fund - Regular - Growth,135.28015100054967,Mutual Fund,148567
2023-11-15,Mirae Asset Large Cap Fund - Regular - Growth,135.67658438123675,Mutual Fund,148567
2023-11-16,Mirae Asset Large Cap Fund - Regular - Growth,135.2512547792644,Mutual Fund,148567
2023-11-17,Mirae Asset Large Cap Fund - Regular - Growth,135.63630048653857,Mutual Fund,148567
2023-11-20,Mirae Asset Large Cap Fund - Regular - Growth,137.15370796880936,Mutual Fund,148567
2023-11-21,Mirae Asset Large Cap Fund - Regular - Growth,137.71526261398367,Mutual Fund,148567
2023-11-22,Mirae Asset Large Cap Fund - Regular - Growth,137.5999624206779,Mutual Fund,148567
2023-11-23,Mirae Asset Large Cap Fund - Regular - Growth,137.5211027822935,Mutual Fund,148567
2023-11-24,Mirae Asset Large Cap Fund - Regular - Growth,137.83568726032524,Mutual Fund,148567
2023-11-27,Mirae Asset Large Cap Fund - Regular - Growth,136.8984817384424,Mutual Fund,148567
2023-11-28,Mirae Asset Large Cap Fund - Regular - Growth,137.2203258582749,Mutual Fund,148567
2023-11-29,Mirae Asset Large Cap Fund - Regular - Growth,138.12251428441303,Mutual Fund,148567
2023-11-30,Mirae Asset Large Cap Fund - Regular - Growth,138.30058902740748,Mutual Fund,148567
2023-12-01,Mirae Asset Large Cap Fund - Regular - Growth,137.85533099696252,Mutual Fund,148567
2023-12-04,Mirae Asset Large Cap Fund - Regular - Growth,137.57761411160507,Mutual Fund,148567
2023-12-05,Mirae Asset Large Cap Fund - Regular - Growth,138.44265025323358,Mutual Fund,148567
2023-12-06,Mirae Asset Large Cap Fund - Regular - Growth,137.17662566155283,Mutual Fund,148567
2023-12-07,Mirae Asset Large Cap Fund - Regular - Growth,136.2626225242488,Mutual Fund,148567
2023-12-08,Mirae Asset Large Cap Fund - Regular - Growth,134.41454547525052,Mutual Fund,148567
2023-12-11,Mirae Asset Large Cap Fund - Regular - Growth,134.52429417776747,Mutual Fund,148567
2023-12-12,Mirae Asset Large Cap Fund - Regular - Growth,135.62064243559578,Mutual Fund,148567
2023-12-13,Mirae Asset Large Cap Fund - Regular - Growth,137.29334931403523,Mutual Fund,148567
2023-12-14,Mirae Asset Large Cap Fund - Regular - Growth,139.25316790839776,Mutual Fund,148567
2023-12-15,Mirae Asset Large Cap Fund - Regular - Growth,138.47923315407257,Mutual Fund,148567
2023-12-18,Mirae Asset Large Cap Fund - Regular - Growth,138.856592181793,Mutual Fund,148567
2023-12-19,Mirae Asset Large Cap Fund - Regular - Growth,138.43610234102115,Mutual Fund,148567
2023-12-20,Mirae Asset Large Cap Fund - Regular - Growth,140.53485055102124,Mutual Fund,148567
2023-12-21,Mirae Asset Large Cap Fund - Regular - Growth,142.2330373487221,Mutual Fund,148567
2023-12-22,Mirae Asset Large Cap Fund - Regular - Growth,142.51758683812727,Mutual Fund,148567
2023-12-25,Mirae Asset Large Cap Fund - Regular - Growth,141.81439800487982,Mutual Fund,148567
2023-12-26,Mirae Asset Large Cap Fund - Regular - Growth,137.63782643477586,Mutual Fund,148567
2023-12-27,Mirae Asset Large Cap Fund - Regular - Growth,135.97878476443194,Mutual Fund,148567
2023-12-28,Mirae Asset Large Cap Fund - Regular - Growth,133.84445007501648,Mutual Fund,148567
2023-12-29,Mirae Asset Large Cap Fund - Regular - Growth,132.21643981472272,Mutual Fund,148567
2024-01-01,Mirae Asset Large Cap Fund - Regular - Growth,134.4948285728115,Mutual Fund,148567
2024-01-02,Mirae Asset Large Cap Fund - Regular - Growth,133.0360676086172,Mutual Fund,148567
2024-01-03,Mirae Asset Large Cap Fund - Regular - Growth,131.86513008993433,Mutual Fund,148567
2024-01-04,Mirae Asset Large Cap Fund - Regular - Growth,130.86643113162177,Mutual Fund,148567
2024-01-05,Mirae Asset Large Cap Fund - Regular - Growth,133.96928744480553,Mutual Fund,148567
2024-01-08,Mirae Asset Large Cap Fund - Regular - Growth,133.9645900295227,Mutual Fund,148567
2024-01-09,Mirae Asset Large Cap Fund - Regular - Growth,135.2141024947547,Mutual Fund,148567
2024-01-10,Mirae Asset Large Cap Fund - Regular - Growth,135.49324283928877,Mutual Fund,148567
2024-01-11,Mirae Asset Large Cap Fund - Regular - Growth,133.2112954332584,Mutual Fund,148567
2024-01-12,Mirae Asset Large Cap Fund - Regular - Growth,135.0938201943308,Mutual Fund,148567
2024-01-15,Mirae Asset Large Cap Fund - Regular - Growth,135.64242136099793,Mutual Fund,148567
2024-01-16,Mirae Asset Large Cap Fund - Regular - Growth,135.5668356787197,Mutual Fund,148567
2024-01-17,Mirae Asset Large Cap Fund - Regular - Growth,137.75867811887036,Mutual Fund,148567
2024-01-18,Mirae Asset Large Cap Fund - Regular - Growth,137.40921889101156,Mutual Fund,148567
2024-01-19,Mirae Asset Large Cap Fund - Regular - Growth,137.30516402520107,Mutual Fund,148567
2024-01-22,Mirae Asset Large Cap Fund - Regular - Growth,136.95855171569548,Mutual Fund,148567
2024-01-23,Mirae Asset Large Cap Fund - Regular - Growth,138.33603316090515,Mutual Fund,148567
2024-01-24,Mirae Asset Large Cap Fund - Regular - Growth,139.40433927295413,Mutual Fund,148567
2024-01-25,Mirae Asset Large Cap Fund - Regular - Growth,139.81941996885485,Mutual Fund,148567
2024-01-26,Mirae Asset Large Cap Fund - Regular - Growth,138.60008483816705,Mutual Fund,148567
2024-01-29,Mirae Asset Large Cap Fund - Regular - Growth,138.2194518543404,Mutual Fund,148567
2024-01-30,Mirae Asset Large Cap Fund - Regular - Growth,137.01363958583045,Mutual Fund,148567
2024-01-31,Mirae Asset Large Cap Fund - Regular - Growth,138.4943218213446,Mutual Fund,148567
2024-02-01,Mirae Asset Large Cap Fund - Regular - Growth,136.654785527406,Mutual Fund,148567
2024-02-02,Mirae Asset Large Cap Fund - Regular - Growth,138.66129358276146,Mutual Fund,148567
2024-02-05,Mirae Asset Large Cap Fund - Regular - Growth,140.3173459888345,Mutual Fund,148567
2024-02-06,Mirae Asset Large Cap Fund - Regular - Growth,139.2571535940922,Mutual Fund,148567
2024-02-07,Mirae Asset Large Cap Fund - Regular - Growth,138.81815878402432,Mutual Fund,148567
2024-02-08,Mirae Asset Large Cap Fund - Regular - Growth,138.01988287777905,Mutual Fund,148567
2024-02-09,Mirae Asset Large Cap Fund - Regular - Growth,138.61602758094512,Mutual Fund,148567
2024-02-12,Mirae Asset Large Cap Fund - Regular - Growth,140.42595592401017,Mutual Fund,148567
2024-02-13,Mirae Asset Large Cap Fund - Regular - Growth,141.9751065459195,Mutual Fund,148567
2024-02-14,Mirae Asset Large Cap Fund - Regular - Growth,141.50707316864873,Mutual Fund,148567
2024-02-15,Mirae Asset Large Cap Fund - Regular - Growth,143.15558124108568,Mutual Fund,148567
2024-02-16,Mirae Asset Large Cap Fund - Regular - Growth,144.71740064966687,Mutual Fund,148567
2024-02-19,Mirae Asset Large Cap Fund - Regular - Growth,144.5511406178383,Mutual Fund,148567
2024-02-20,Mirae Asset Large Cap Fund - Regular - Growth,144.6136304756917,Mutual Fund,148567
2024-02-21,Mirae Asset Large Cap Fund - Regular - Growth,146.66896318080506,Mutual Fund,148567
2024-02-22,Mirae Asset Large Cap Fund - Regular - Growth,148.12074919503397,Mutual Fund,148567
2024-02-23,Mirae Asset Large Cap Fund - Regular - Growth,149.80655189789823,Mutual Fund,148567
2024-02-26,Mirae Asset Large Cap Fund - Regular - Growth,153.34071634159616,Mutual Fund,148567
2024-02-27,Mirae Asset Large Cap Fund - Regular - Growth,154.16205228650261,Mutual Fund,148567
2024-02-28,Mirae Asset Large Cap Fund - Regular - Growth,154.68517353390837,Mutual Fund,148567
2024-02-29,Mirae Asset Large Cap Fund - Regular - Growth,156.62961876916347,Mutual Fund,148567
2024-03-01,Mirae Asset Large Cap Fund - Regular - Growth,159.48194626726317,Mutual Fund,148567
2024-03-04,Mirae Asset Large Cap Fund - Regular - Growth,158.7061610160084,Mutual Fund,148567
2024-03-05,Mirae Asset Large Cap Fund - Regular - Growth,158.5057379639411,Mutual Fund,148567
2024-03-06,Mirae Asset Large Cap Fund - Regular - Growth,157.16925214301793,Mutual Fund,148567
2024-03-07,Mirae Asset Large Cap Fund - Regular - Growth,157.72639406474477,Mutual Fund,148567
2024-03-08,Mirae Asset Large Cap Fund - Regular - Growth,159.0503534449137,Mutual Fund,148567
2024-03-11,Mirae Asset Large Cap Fund - Regular - Growth,157.8062501245528,Mutual Fund,148567
2024-03-12,Mirae Asset Large Cap Fund - Regular - Growth,159.4744019336271,Mutual Fund,148567
2024-03-13,Mirae Asset Large Cap Fund - Regular - Growth,158.91996458433584,Mutual Fund,148567
2024-03-14,Mirae Asset Large Cap Fund - Regular - Growth,158.25378568968037,Mutual Fund,148567
2024-03-15,Mirae Asset Large Cap Fund - Regular - Growth,159.9212257691663,Mutual Fund,148567
2024-03-18,Mirae Asset Large Cap Fund - Regular - Growth,159.12408863026232,Mutual Fund,148567
2024-03-19,Mirae Asset Large Cap Fund - Regular - Growth,157.2476847436494,Mutual Fund,148567
2024-03-20,Mirae Asset Large Cap Fund - Regular - Growth,158.36410377586796,Mutual Fund,148567
2024-03-21,Mirae Asset Large Cap Fund - Regular - Growth,158.26189940698706,Mutual Fund,148567
2024-03-22,Mirae Asset Large Cap Fund - Regular - Growth,160.0254229808945,Mutual Fund,148567
2024-03-25,Mirae Asset Large Cap Fund - Regular - Growth,161.2884583083043,Mutual Fund,148567
2024-03-26,Mirae Asset Large Cap Fund - Regular - Growth,158.9027407282988,Mutual Fund,148567
2024-03-27,Mirae Asset Large Cap Fund - Regular - Growth,160.83992632175318,Mutual Fund,148567
2024-03-28,Mirae Asset Large Cap Fund - Regular - Growth,163.64186336500072,Mutual Fund,148567
2024-03-29,Mirae Asset Large Cap Fund - Regular - Growth,165.2254616989841,Mutual Fund,148567
2024-04-01,Mirae Asset Large Cap Fund - Regular - Growth,166.88379163973974,Mutual Fund,148567
2024-04-02,Mirae Asset Large Cap Fund - Regular - Growth,166.6056477166293,Mutual Fund,148567
2024-04-03,Mirae Asset Large Cap Fund - Regular - Growth,165.99227915742622,Mutual Fund,148567
2024-04-04,Mirae Asset Large Cap Fund - Regular - Growth,166.3894242677016,Mutual Fund,148567
2024-04-05,Mirae Asset Large Cap Fund - Regular - Growth,167.8312460676942,Mutual Fund,148567
2024-04-08,Mirae Asset Large Cap Fund - Regular - Growth,169.24815733209604,Mutual Fund,148567
2024-04-09,Mirae Asset Large Cap Fund - Regular - Growth,168.68304403898017,Mutual Fund,148567
2024-04-10,Mirae Asset Large Cap Fund - Regular - Growth,167.96946395374343,Mutual Fund,148567
2024-04-11,Mirae Asset Large Cap Fund - Regular - Growth,165.862032642766,Mutual Fund,148567
2024-04-12,Mirae Asset Large Cap Fund - Regular - Growth,166.89702981008224,Mutual Fund,148567
2024-04-15,Mirae Asset Large Cap Fund - Regular - Growth,166.41020677168018,Mutual Fund,148567
2024-04-16,Mirae Asset Large Cap Fund - Regular - Growth,166.05448432344426,Mutual Fund,148567
2024-04-17,Mirae Asset Large Cap Fund - Regular - Growth,168.69130010220454,Mutual Fund,148567
2024-04-18,Mirae Asset Large Cap Fund - Regular - Growth,169.67149409122112,Mutual Fund,148567
2024-04-19,Mirae Asset Large Cap Fund - Regular - Growth,170.24315529654942,Mutual Fund,148567
2024-04-22,Mirae Asset Large Cap Fund - Regular - Growth,171.58263038174343,Mutual Fund,148567
2024-04-23,Mirae Asset Large Cap Fund - Regular - Growth,173.83553922057084,Mutual Fund,148567
2024-04-24,Mirae Asset Large Cap Fund - Regular - Growth,171.4617786976489,Mutual Fund,148567
2024-04-25,Mirae Asset Large Cap Fund - Regular - Growth,170.69666939021872,Mutual Fund,148567
2024-04-26,Mirae Asset Large Cap Fund - Regular - Growth,170.43546463131,Mutual Fund,148567
2024-04-29,Mirae Asset Large Cap Fund - Regular - Growth,169.05841022385331,Mutual Fund,148567
2024-04-30,Mirae Asset Large Cap Fund - Regular - Growth,168.75051600395165,Mutual Fund,148567
2024-05-01,Mirae Asset Large Cap Fund - Regular - Growth,166.54358489652887,Mutual Fund,148567
2024-05-02,Mirae Asset Large Cap Fund - Regular - Growth,167.99024645772192,Mutual Fund,148567
2024-05-03,Mirae Asset Large Cap Fund - Regular - Growth,167.31154112231226,Mutual Fund,148567
2024-05-06,Mirae Asset Large Cap Fund - Regular - Growth,167.6948786785745,Mutual Fund,148567
2024-05-07,Mirae Asset Large Cap Fund - Regular - Growth,167.85729537062616,Mutual Fund,148567
2024-05-08,Mirae Asset Large Cap Fund - Regular - Growth,168.77158319976556,Mutual Fund,148567
2024-05-09,Mirae Asset Large Cap Fund - Regular - Growth,165.2334330703731,Mutual Fund,148567
2024-05-10,Mirae Asset Large Cap Fund - Regular - Growth,165.97647876056575,Mutual Fund,148567
2024-05-13,Mirae Asset Large Cap Fund - Regular - Growth,165.65975909376905,Mutual Fund,148567
2024-05-14,Mirae Asset Large Cap Fund - Regular - Growth,166.34102665569665,Mutual Fund,148567
2024-05-15,Mirae Asset Large Cap Fund - Regular - Growth,164.7046179862609,Mutual Fund,148567
2024-05-16,Mirae Asset Large Cap Fund - Regular - Growth,165.39200642264794,Mutual Fund,148567
2024-05-17,Mirae Asset Large Cap Fund - Regular - Growth,167.383141118896,Mutual Fund,148567
2024-05-20,Mirae Asset Large Cap Fund - Regular - Growth,167.75010889462715,Mutual Fund,148567
2024-05-21,Mirae Asset Large Cap Fund - Regular - Growth,166.77831331475258,Mutual Fund,148567
2024-05-22,Mirae Asset Large Cap Fund - Regular - Growth,165.87612488861444,Mutual Fund,148567
2024-05-23,Mirae Asset Large Cap Fund - Regular - Growth,166.80735188195547,Mutual Fund,148567
2024-05-24,Mirae Asset Large Cap Fund - Regular - Growth,167.73388146001372,Mutual Fund,148567
2024-05-27,Mirae Asset Large Cap Fund - Regular - Growth,168.3489581702287,Mutual Fund,148567
2024-05-28,Mirae Asset Large Cap Fund - Regular - Growth,168.38013192619658,Mutual Fund,148567
2024-05-29,Mirae Asset Large Cap Fund - Regular - Growth,168.76887862732997,Mutual Fund,148567
2024-05-30,Mirae Asset Large Cap Fund - Regular - Growth,168.75934145084665,Mutual Fund,148567
2024-05-31,Mirae Asset Large Cap Fund - Regular - Growth,168.28020509199828,Mutual Fund,148567
2024-06-03,Mirae Asset Large Cap Fund - Regular - Growth,169.49555453699153,Mutual Fund,148567
2024-06-04,Mirae Asset Large Cap Fund - Regular - Growth,170.0474296597649,Mutual Fund,148567
2024-06-05,Mirae Asset Large Cap Fund - Regular - Growth,172.08254924457034,Mutual Fund,148567
2024-06-06,Mirae Asset Large Cap Fund - Regular - Growth,173.87568076935133,Mutual Fund,148567
2024-06-07,Mirae Asset Large Cap Fund - Regular - Growth,174.39154237495637,Mutual Fund,148567
2024-06-10,Mirae Asset Large Cap Fund - Regular - Growth,175.40020554750524,Mutual Fund,148567
2024-06-11,Mirae Asset Large Cap Fund - Regular - Growth,174.01546446049485,Mutual Fund,148567
2024-06-12,Mirae Asset Large Cap Fund - Regular - Growth,173.98614120145658,Mutual Fund,148567
2024-06-13,Mirae Asset Large Cap Fund - Regular - Growth,174.60278371676588,Mutual Fund,148567
2024-06-14,Mirae Asset Large Cap Fund - Regular - Growth,172.27144227730702,Mutual Fund,148567
2024-06-17,Mirae Asset Large Cap Fund - Regular - Growth,173.014345621582,Mutual Fund,148567
2024-06-18,Mirae Asset Large Cap Fund - Regular - Growth,171.64540493143204,Mutual Fund,148567
2024-06-19,Mirae Asset Large Cap Fund - Regular - Growth,170.45197675775862,Mutual Fund,148567
2024-06-20,Mirae Asset Large Cap Fund - Regular - Growth,169.74551396840496,Mutual Fund,148567
2024-06-21,Mirae Asset Large Cap Fund - Regular - Growth,169.78736366819746,Mutual Fund,148567
2024-06-24,Mirae Asset Large Cap Fund - Regular - Growth,167.89700988165367,Mutual Fund,148567
2024-06-25,Mirae Asset Large Cap Fund - Regular - Growth,169.2575521626616,Mutual Fund,148567
2024-06-26,Mirae Asset Large Cap Fund - Regular - Growth,169.6100006547913,Mutual Fund,148567
2024-06-27,Mirae Asset Large Cap Fund - Regular - Growth,172.60310826545813,Mutual Fund,148567
2024-06-28,Mirae Asset Large Cap Fund - Regular - Growth,173.14971658927803,Mutual Fund,148567
2024-07-01,Mirae Asset Large Cap Fund - Regular - Growth,174.11339845184585,Mutual Fund,148567
2024-07-02,Mirae Asset Large Cap Fund - Regular - Growth,172.89634085584066,Mutual Fund,148567
2024-07-03,Mirae Asset Large Cap Fund - Regular - Growth,171.19203318368037,Mutual Fund,148567
2024-07-04,Mirae Asset Large Cap Fund - Regular - Growth,172.21806255818396,Mutual Fund,148567
2024-07-05,Mirae Asset Large Cap Fund - Regular - Growth,170.65368092308486,Mutual Fund,148567
2024-07-08,Mirae Asset Large Cap Fund - Regular - Growth,171.71088405355624,Mutual Fund,148567
2024-07-09,Mirae Asset Large Cap Fund - Regular - Growth,174.4046381993811,Mutual Fund,148567
2024-07-10,Mirae Asset Large Cap Fund - Regular - Growth,175.95620870189066,Mutual Fund,148567
2024-07-11,Mirae Asset Large Cap Fund - Regular - Growth,176.93483688581298,Mutual Fund,148567
2024-07-12,Mirae Asset Large Cap Fund - Regular - Growth,177.44742453531177,Mutual Fund,148567
2024-07-15,Mirae Asset Large Cap Fund - Regular - Growth,176.93882257150747,Mutual Fund,148567
2024-07-16,Mirae Asset Large Cap Fund - Regular - Growth,176.85142217806336,Mutual Fund,148567
2024-07-17,Mirae Asset Large Cap Fund - Regular - Growth,176.06254110238373,Mutual Fund,148567
2024-07-18,Mirae Asset Large Cap Fund - Regular - Growth,174.12165451507016,Mutual Fund,148567
2024-07-19,Mirae Asset Large Cap Fund - Regular - Growth,174.26585092966118,Mutual Fund,148567
2024-07-22,Mirae Asset Large Cap Fund - Regular - Growth,176.06780790133718,Mutual Fund,148567
2024-07-23,Mirae Asset Large Cap Fund - Regular - Growth,174.16763224647477,Mutual Fund,148567
2024-07-24,Mirae Asset Large Cap Fund - Regular - Growth,176.42011404754922,Mutual Fund,148567
2024-07-25,Mirae Asset Large Cap Fund - Regular - Growth,178.41608850499776,Mutual Fund,148567
2024-07-26,Mirae Asset Large Cap Fund - Regular - Growth,179.1342236595997,Mutual Fund,148567
2024-07-29,Mirae Asset Large Cap Fund - Regular - Growth,179.86801686514437,Mutual Fund,148567
2024-07-30,Mirae Asset Large Cap Fund - Regular - Growth,179.66545862431215,Mutual Fund,148567
2024-07-31,Mirae Asset Large Cap Fund - Regular - Growth,179.82488605209295,Mutual Fund,148567
2024-08-01,Mirae Asset Large Cap Fund - Regular - Growth,179.18361769302822,Mutual Fund,148567
2024-08-02,Mirae Asset Large Cap Fund - Regular - Growth,179.3261059566073,Mutual Fund,148567
2024-08-05,Mirae Asset Large Cap Fund - Regular - Growth,179.63997870505074,Mutual Fund,148567
2024-08-06,Mirae Asset Large Cap Fund - Regular - Growth,182.73941871621065,Mutual Fund,148567
2024-08-07,Mirae Asset Large Cap Fund - Regular - Growth,183.74808188875951,Mutual Fund,148567
2024-08-08,Mirae Asset Large Cap Fund - Regular - Growth,183.50367394813486,Mutual Fund,148567
2024-08-09,Mirae Asset Large Cap Fund - Regular - Growth,183.43833717192823,Mutual Fund,148567
2024-08-12,Mirae Asset Large Cap Fund - Regular - Growth,182.38213046288047,Mutual Fund,148567
2024-08-13,Mirae Asset Large Cap Fund - Regular - Growth,181.59581161371872,Mutual Fund,148567
2024-08-14,Mirae Asset Large Cap Fund - Regular - Growth,183.15464175802902,Mutual Fund,148567
2024-08-15,Mirae Asset Large Cap Fund - Regular - Growth,182.45259169212287,Mutual Fund,148567
2024-08-16,Mirae Asset Large Cap Fund - Regular - Growth,181.55524302718524,Mutual Fund,148567
2024-08-19,Mirae Asset Large Cap Fund - Regular - Growth,180.7021639426403,Mutual Fund,148567
2024-08-20,Mirae Asset Large Cap Fund - Regular - Growth,179.6364200571092,Mutual Fund,148567
2024-08-21,Mirae Asset Large Cap Fund - Regular - Growth,181.5247810008057,Mutual Fund,148567
2024-08-22,Mirae Asset Large Cap Fund - Regular - Growth,181.84719450430882,Mutual Fund,148567
2024-08-23,Mirae Asset Large Cap Fund - Regular - Growth,181.488482791802,Mutual Fund,148567
2024-08-26,Mirae Asset Large Cap Fund - Regular - Growth,181.6291205584515,Mutual Fund,148567
2024-08-27,Mirae Asset Large Cap Fund - Regular - Growth,182.07138932462556,Mutual Fund,148567
2024-08-28,Mirae Asset Large Cap Fund - Regular - Growth,180.96877784642012,Mutual Fund,148567
2024-08-29,Mirae Asset Large Cap Fund - Regular - Growth,178.85664912015986,Mutual Fund,148567
2024-08-30,Mirae Asset Large Cap Fund - Regular - Growth,181.07397147957192,Mutual Fund,148567
2024-09-02,Mirae Asset Large Cap Fund - Regular - Growth,182.7527992324708,Mutual Fund,148567
2024-09-03,Mirae Asset Large Cap Fund - Regular - Growth,183.4574115248949,Mutual Fund,148567
2024-09-04,Mirae Asset Large Cap Fund - Regular - Growth,185.04613431191405,Mutual Fund,148567
2024-09-05,Mirae Asset Large Cap Fund - Regular - Growth,188.29389876927718,Mutual Fund,148567
2024-09-06,Mirae Asset Large Cap Fund - Regular - Growth,187.50359423442092,Mutual Fund,148567
2024-09-09,Mirae Asset Large Cap Fund - Regular - Growth,185.75644044104456,Mutual Fund,148567
2024-09-10,Mirae Asset Large Cap Fund - Regular - Growth,186.93961970864632,Mutual Fund,148567
2024-09-11,Mirae Asset Large Cap Fund - Regular - Growth,184.6321923833546,Mutual Fund,148567
2024-09-12,Mirae Asset Large Cap Fund - Regular - Growth,184.78934227645283,Mutual Fund,148567
2024-09-13,Mirae Asset Large Cap Fund - Regular - Growth,184.39874507838988,Mutual Fund,148567
2024-09-16,Mirae Asset Large Cap Fund - Regular - Growth,185.5935967112399,Mutual Fund,148567
2024-09-17,Mirae Asset Large Cap Fund - Regular - Growth,184.90122616773473,Mutual Fund,148567
2024-09-18,Mirae Asset Large Cap Fund - Regular - Growth,186.96453024423712,Mutual Fund,148567
2024-09-19,Mirae Asset Large Cap Fund - Regular - Growth,185.83288019882872,Mutual Fund,148567
2024-09-20,Mirae Asset Large Cap Fund - Regular - Growth,187.08965230586148,Mutual Fund,148567
2024-09-23,Mirae Asset Large Cap Fund - Regular - Growth,186.08938754245463,Mutual Fund,148567
2024-09-24,Mirae Asset Large Cap Fund - Regular - Growth,187.0880865007672,Mutual Fund,148567
2024-09-25,Mirae Asset Large Cap Fund - Regular - Growth,185.5171569534557,Mutual Fund,148567
2024-09-26,Mirae Asset Large Cap Fund - Regular - Growth,185.57338359093197,Mutual Fund,148567
2024-09-27,Mirae Asset Large Cap Fund - Regular - Growth,187.84664789598497,Mutual Fund,148567
2024-09-30,Mirae Asset Large Cap Fund - Regular - Growth,188.13432899557873,Mutual Fund,148567
2024-10-01,Mirae Asset Large Cap Fund - Regular - Growth,190.20560444347015,Mutual Fund,148567
2024-10-02,Mirae Asset Large Cap Fund - Regular - Growth,190.25969589218153,Mutual Fund,148567
2024-10-03,Mirae Asset Large Cap Fund - Regular - Growth,189.51195278670608,Mutual Fund,148567
2024-10-04,Mirae Asset Large Cap Fund - Regular - Growth,189.89742553173318,Mutual Fund,148567
2024-10-07,Mirae Asset Large Cap Fund - Regular - Growth,191.0344847220127,Mutual Fund,148567
2024-10-08,Mirae Asset Large Cap Fund - Regular - Growth,187.9478558434423,Mutual Fund,148567
2024-10-09,Mirae Asset Large Cap Fund - Regular - Growth,188.91296116518677,Mutual Fund,148567
2024-10-10,Mirae Asset Large Cap Fund - Regular - Growth,187.4503568612156,Mutual Fund,148567
2024-10-11,Mirae Asset Large Cap Fund - Regular - Growth,185.59160386839267,Mutual Fund,148567
2024-10-14,Mirae Asset Large Cap Fund - Regular - Growth,186.57151316557392,Mutual Fund,148567
2024-10-15,Mirae Asset Large Cap Fund - Regular - Growth,188.8843496357368,Mutual Fund,148567
2024-10-16,Mirae Asset Large Cap Fund - Regular - Growth,189.34284583652422,Mutual Fund,148567
2024-10-17,Mirae Asset Large Cap Fund - Regular - Growth,187.18943679414215,Mutual Fund,148567
2024-10-18,Mirae Asset Large Cap Fund - Regular - Growth,186.1817700430169,Mutual Fund,148567
2024-10-21,Mirae Asset Large Cap Fund - Regular - Growth,185.59203090614562,Mutual Fund,148567
2024-10-22,Mirae Asset Large Cap Fund - Regular - Growth,186.0091044448936,Mutual Fund,148567
2024-10-23,Mirae Asset Large Cap Fund - Regular - Growth,185.98718317357375,Mutual Fund,148567
2024-10-24,Mirae Asset Large Cap Fund - Regular - Growth,186.89762766293626,Mutual Fund,148567
2024-10-25,Mirae Asset Large Cap Fund - Regular - Growth,188.65047529301904,Mutual Fund,148567
2024-10-28,Mirae Asset Large Cap Fund - Regular - Growth,189.32263271621633,Mutual Fund,148567
2024-10-29,Mirae Asset Large Cap Fund - Regular - Growth,190.9264441705076,Mutual Fund,148567
2024-10-30,Mirae Asset Large Cap Fund - Regular - Growth,190.57114876002467,Mutual Fund,148567
2024-10-31,Mirae Asset Large Cap Fund - Regular - Growth,196.29302761226106,Mutual Fund,148567
2024-11-01,Mirae Asset Large Cap Fund - Regular - Growth,197.35478581209765,Mutual Fund,148567
2024-11-04,Mirae Asset Large Cap Fund - Regular - Growth,198.65141477607557,Mutual Fund,148567
2024-11-05,Mirae Asset Large Cap Fund - Regular - Growth,201.85889533874052,Mutual Fund,148567
2024-11-06,Mirae Asset Large Cap Fund - Regular - Growth,202.1202424435669,Mutual Fund,148567
2024-11-07,Mirae Asset Large Cap Fund - Regular - Growth,201.0765621752733,Mutual Fund,148567
2024-11-08,Mirae Asset Large Cap Fund - Regular - Growth,203.51167378870736,Mutual Fund,148567
2024-11-11,Mirae Asset Large Cap Fund - Regular - Growth,206.08286809942572,Mutual Fund,148567
2024-11-12,Mirae Asset Large Cap Fund - Regular - Growth,206.46848319037053,Mutual Fund,148567
2024-11-13,Mirae Asset Large Cap Fund - Regular - Growth,209.8057832299427,Mutual Fund,148567
2024-11-14,Mirae Asset Large Cap Fund - Regular - Growth,209.7599478444557,Mutual Fund,148567
2024-11-15,Mirae Asset Large Cap Fund - Regular - Growth,211.60076525165329,Mutual Fund,148567
2024-11-18,Mirae Asset Large Cap Fund - Regular - Growth,214.55871342065777,Mutual Fund,148567
2024-11-19,Mirae Asset Large Cap Fund - Regular - Growth,214.8556470048995,Mutual Fund,148567
2024-11-20,Mirae Asset Large Cap Fund - Regular - Growth,215.8342751888218,Mutual Fund,148567
2024-11-21,Mirae Asset Large Cap Fund - Regular - Growth,217.90853990098412,Mutual Fund,148567
2024-11-22,Mirae Asset Large Cap Fund - Regular - Growth,217.31794668860687,Mutual Fund,148567
2024-11-25,Mirae Asset Large Cap Fund - Regular - Growth,215.87455908352,Mutual Fund,148567
2024-11-26,Mirae Asset Large Cap Fund - Regular - Growth,218.53998639173025,Mutual Fund,148567
2024-11-27,Mirae Asset Large Cap Fund - Regular - Growth,219.24516806782495,Mutual Fund,148567
2024-11-28,Mirae Asset Large Cap Fund - Regular - Growth,218.3822671149614,Mutual Fund,148567
2024-11-29,Mirae Asset Large Cap Fund - Regular - Growth,218.67649612676755,Mutual Fund,148567
2024-12-02,Mirae Asset Large Cap Fund - Regular - Growth,219.7727020386782,Mutual Fund,148567
2024-12-03,Mirae Asset Large Cap Fund - Regular - Growth,216.8638632112669,Mutual Fund,148567
2024-12-04,Mirae Asset Large Cap Fund - Regular - Growth,218.35023928348753,Mutual Fund,148567
2024-12-05,Mirae Asset Large Cap Fund - Regular - Growth,219.2512889422843,Mutual Fund,148567
2024-12-06,Mirae Asset Large Cap Fund - Regular - Growth,222.58987009511543,Mutual Fund,148567
2024-12-09,Mirae Asset Large Cap Fund - Regular - Growth,222.27500092524838,Mutual Fund,148567
2024-12-10,Mirae Asset Large Cap Fund - Regular - Growth,225.10711530304013,Mutual Fund,148567
2024-12-11,Mirae Asset Large Cap Fund - Regular - Growth,225.13458806514882,Mutual Fund,148567
2024-12-12,Mirae Asset Large Cap Fund - Regular - Growth,225.52732045197672,Mutual Fund,148567
2024-12-13,Mirae Asset Large Cap Fund - Regular - Growth,226.20360590678615,Mutual Fund,148567
2024-12-16,Mirae Asset Large Cap Fund - Regular - Growth,230.53704267815297,Mutual Fund,148567
2024-12-17,Mirae Asset Large Cap Fund - Regular - Growth,228.1484781797942,Mutual Fund,148567
2024-12-18,Mirae Asset Large Cap Fund - Regular - Growth,229.26503955793044,Mutual Fund,148567
2024-12-19,Mirae Asset Large Cap Fund - Regular - Growth,229.46873656610398,Mutual Fund,148567
2024-12-20,Mirae Asset Large Cap Fund - Regular - Growth,229.52937592702773,Mutual Fund,148567
2024-12-23,Mirae Asset Large Cap Fund - Regular - Growth,230.83155638179446,Mutual Fund,148567
2024-12-24,Mirae Asset Large Cap Fund - Regular - Growth,233.21442704344676,Mutual Fund,148567
2024-12-25,Mirae Asset Large Cap Fund - Regular - Growth,234.43134229353433,Mutual Fund,148567
2024-12-26,Mirae Asset Large Cap Fund - Regular - Growth,237.12139544549996,Mutual Fund,148567
2024-12-27,Mirae Asset Large Cap Fund - Regular - Growth,236.71926822810642,Mutual Fund,148567
2024-12-30,Mirae Asset Large Cap Fund - Regular - Growth,236.74005073208497,Mutual Fund,148567
2024-12-31,Mirae Asset Large Cap Fund - Regular - Growth,234.78065917547545,Mutual Fund,148567
2025-01-01,Mirae Asset Large Cap Fund - Regular - Growth,239.04576990636474,Mutual Fund,148567
2025-01-02,Mirae Asset Large Cap Fund - Regular - Growth,238.77559735464337,Mutual Fund,148567
2025-01-03,Mirae Asset Large Cap Fund - Regular - Growth,238.27340095713384,Mutual Fund,148567
2025-01-06,Mirae Asset Large Cap Fund - Regular - Growth,239.6752235542636,Mutual Fund,148567
2025-01-07,Mirae Asset Large Cap Fund - Regular - Growth,242.1517578297371,Mutual Fund,148567
2025-01-08,Mirae Asset Large Cap Fund - Regular - Growth,240.80246087622444,Mutual Fund,148567
2025-01-09,Mirae Asset Large Cap Fund - Regular - Growth,243.46134027222223,Mutual Fund,148567
2025-01-10,Mirae Asset Large Cap Fund - Regular - Growth,242.93622618196923,Mutual Fund,148567
2025-01-13,Mirae Asset Large Cap Fund - Regular - Growth,246.1476924303287,Mutual Fund,148567
2025-01-14,Mirae Asset Large Cap Fund - Regular - Growth,245.10273104877615,Mutual Fund,148567
2025-01-15,Mirae Asset Large Cap Fund - Regular - Growth,246.8249743065618,Mutual Fund,148567
2025-01-16,Mirae Asset Large Cap Fund - Regular - Growth,247.04532578710166,Mutual Fund,148567
2025-01-17,Mirae Asset Large Cap Fund - Regular - Growth,244.72964239858555,Mutual Fund,148567
2025-01-20,Mirae Asset Large Cap Fund - Regular - Growth,241.81724492323275,Mutual Fund,148567
2025-01-21,Mirae Asset Large Cap Fund - Regular - Growth,240.36190026106232,Mutual Fund,148567
2025-01-22,Mirae Asset Large Cap Fund - Regular - Growth,242.60028981628832,Mutual Fund,148567
2025-01-23,Mirae Asset Large Cap Fund - Regular - Growth,238.60136595142586,Mutual Fund,148567
2025-01-24,Mirae Asset Large Cap Fund - Regular - Growth,239.4285380789564,Mutual Fund,148567
2025-01-27,Mirae Asset Large Cap Fund - Regular - Growth,240.0742191614686,Mutual Fund,148567
2025-01-28,Mirae Asset Large Cap Fund - Regular - Growth,236.6607640559476,Mutual Fund,148567
2025-01-29,Mirae Asset Large Cap Fund - Regular - Growth,235.12456691254548,Mutual Fund,148567
2025-01-30,Mirae Asset Large Cap Fund - Regular - Growth,233.59463298952045,Mutual Fund,148567
2025-01-31,Mirae Asset Large Cap Fund - Regular - Growth,233.82366757103762,Mutual Fund,148567
2025-02-03,Mirae Asset Large Cap Fund - Regular - Growth,236.9894407798278,Mutual Fund,148567
2025-02-04,Mirae Asset Large Cap Fund - Regular - Growth,239.37017625271508,Mutual Fund,148567
2025-02-05,Mirae Asset Large Cap Fund - Regular - Growth,238.7338900007685,Mutual Fund,148567
2025-02-06,Mirae Asset Large Cap Fund - Regular - Growth,237.11627099246405,Mutual Fund,148567
2025-02-07,Mirae Asset Large Cap Fund - Regular - Growth,234.00046120077306,Mutual Fund,148567
2025-02-10,Mirae Asset Large Cap Fund - Regular - Growth,233.34083021833,Mutual Fund,148567
2025-02-11,Mirae Asset Large Cap Fund - Regular - Growth,231.61801757687374,Mutual Fund,148567
2025-02-12,Mirae Asset Large Cap Fund - Regular - Growth,231.6635682705254,Mutual Fund,148567
2025-02-13,Mirae Asset Large Cap Fund - Regular - Growth,231.78669748930253,Mutual Fund,148567
2025-02-14,Mirae Asset Large Cap Fund - Regular - Growth,230.9356112476048,Mutual Fund,148567
2025-02-17,Mirae Asset Large Cap Fund - Regular - Growth,230.13021804547645,Mutual Fund,148567
2025-02-18,Mirae Asset Large Cap Fund - Regular - Growth,228.84454971715846,Mutual Fund,148567
2025-02-19,Mirae Asset Large Cap Fund - Regular - Growth,227.93011954210144,Mutual Fund,148567
2025-02-20,Mirae Asset Large Cap Fund - Regular - Growth,230.95397387098316,Mutual Fund,148567
2025-02-21,Mirae Asset Large Cap Fund - Regular - Growth,232.13074757229015,Mutual Fund,148567
2025-02-24,Mirae Asset Large Cap Fund - Regular - Growth,233.34139960200062,Mutual Fund,148567
2025-02-25,Mirae Asset Large Cap Fund - Regular - Growth,235.5547362757181,Mutual Fund,148567
2025-02-26,Mirae Asset Large Cap Fund - Regular - Growth,237.6036634145367,Mutual Fund,148567
2025-02-27,Mirae Asset Large Cap Fund - Regular - Growth,240.73214199289953,Mutual Fund,148567
2025-02-28,Mirae Asset Large Cap Fund - Regular - Growth,242.1094810921914,Mutual Fund,148567
2025-03-03,Mirae Asset Large Cap Fund - Regular - Growth,242.673028580213,Mutual Fund,148567
2025-03-04,Mirae Asset Large Cap Fund - Regular - Growth,241.53653877360415,Mutual Fund,148567
2025-03-05,Mirae Asset Large Cap Fund - Regular - Growth,239.91109073982835,Mutual Fund,148567
2025-03-06,Mirae Asset Large Cap Fund - Regular - Growth,241.9099121156301,Mutual Fund,148567
2025-03-07,Mirae Asset Large Cap Fund - Regular - Growth,241.7977435325129,Mutual Fund,148567
2025-03-10,Mirae Asset Large Cap Fund - Regular - Growth,239.0385102645638,Mutual Fund,148567
2025-03-11,Mirae Asset Large Cap Fund - Regular - Growth,234.7876341254406,Mutual Fund,148567
2025-03-12,Mirae Asset Large Cap Fund - Regular - Growth,239.4004959331768,Mutual Fund,148567
2025-03-13,Mirae Asset Large Cap Fund - Regular - Growth,237.45035686121523,Mutual Fund,148567
2025-03-14,Mirae Asset Large Cap Fund - Regular - Growth,236.13935095955347,Mutual Fund,148567
2025-03-17,Mirae Asset Large Cap Fund - Regular - Growth,238.8339591808843,Mutual Fund,148567
2025-03-18,Mirae Asset Large Cap Fund - Regular - Growth,236.42375810304102,Mutual Fund,148567
2025-03-19,Mirae Asset Large Cap Fund - Regular - Growth,237.65704313365964,Mutual Fund,148567
2025-03-20,Mirae Asset Large Cap Fund - Regular - Growth,241.631198808849,Mutual Fund,148567
2025-03-21,Mirae Asset Large Cap Fund - Regular - Growth,246.30498466934432,Mutual Fund,148567
2025-03-24,Mirae Asset Large Cap Fund - Regular - Growth,245.46158510720036,Mutual Fund,148567
2025-03-25,Mirae Asset Large Cap Fund - Regular - Growth,245.56222367098698,Mutual Fund,148567
2025-03-26,Mirae Asset Large Cap Fund - Regular - Growth,244.8315620756309,Mutual Fund,148567
2025-03-27,Mirae Asset Large Cap Fund - Regular - Growth,244.91910481499266,Mutual Fund,148567
2025-03-28,Mirae Asset Large Cap Fund - Regular - Growth,247.86723111567846,Mutual Fund,148567
2025-03-31,Mirae Asset Large Cap Fund - Regular - Growth,244.95355252706673,Mutual Fund,148567
2025-04-01,Mirae Asset Large Cap Fund - Regular - Growth,246.4844828715154,Mutual Fund,148567
2025-04-02,Mirae Asset Large Cap Fund - Regular - Growth,246.18683755768535,Mutual Fund,148567
2025-04-03,Mirae Asset Large Cap Fund - Regular - Growth,249.30464019222356,Mutual Fund,148567
2025-04-04,Mirae Asset Large Cap Fund - Regular - Growth,252.34372553429506,Mutual Fund,148567
2025-04-07,Mirae Asset Large Cap Fund - Regular - Growth,251.56907905038156,Mutual Fund,148567
2025-04-08,Mirae Asset Large Cap Fund - Regular - Growth,251.45306712748754,Mutual Fund,148567
2025-04-09,Mirae Asset Large Cap Fund - Regular - Growth,253.57145907412487,Mutual Fund,148567
2025-04-10,Mirae Asset Large Cap Fund - Regular - Growth,255.91205299823176,Mutual Fund,148567
2025-04-11,Mirae Asset Large Cap Fund - Regular - Growth,250.52141309639347,Mutual Fund,148567
2025-04-14,Mirae Asset Large Cap Fund - Regular - Growth,252.6247163757587,Mutual Fund,148567
2025-04-15,Mirae Asset Large Cap Fund - Regular - Growth,256.45211340983917,Mutual Fund,148567
2025-04-16,Mirae Asset Large Cap Fund - Regular - Growth,257.16341596039337,Mutual Fund,148567
2025-04-17,Mirae Asset Large Cap Fund - Regular - Growth,259.4613061092018,Mutual Fund,148567
2025-04-18,Mirae Asset Large Cap Fund - Regular - Growth,262.5393942327125,Mutual Fund,148567
2025-04-21,Mirae Asset Large Cap Fund - Regular - Growth,263.1886339631662,Mutual Fund,148567
2025-04-22,Mirae Asset Large Cap Fund - Regular - Growth,265.2221877428774,Mutual Fund,148567
2025-04-23,Mirae Asset Large Cap Fund - Regular - Growth,265.3887324665412,Mutual Fund,148567
2025-04-24,Mirae Asset Large Cap Fund - Regular - Growth,265.4035364419781,Mutual Fund,148567
2025-04-25,Mirae Asset Large Cap Fund - Regular - Growth,263.99573531630654,Mutual Fund,148567
2025-04-28,Mirae Asset Large Cap Fund - Regular - Growth,264.53536869016096,Mutual Fund,148567
2025-04-29,Mirae Asset Large Cap Fund - Regular - Growth,269.1129287103172,Mutual Fund,148567
2025-04-30,Mirae Asset Large Cap Fund - Regular - Growth,267.11723894470396,Mutual Fund,148567
2025-05-01,Mirae Asset Large Cap Fund - Regular - Growth,268.7130790276063,Mutual Fund,148567
2025-05-02,Mirae Asset Large Cap Fund - Regular - Growth,269.6137016486501,Mutual Fund,148567
2025-05-05,Mirae Asset Large Cap Fund - Regular - Growth,273.2843758273853,Mutual Fund,148567
2025-05-06,Mirae Asset Large Cap Fund - Regular - Growth,277.46479073726607,Mutual Fund,148567
2025-05-07,Mirae Asset Large Cap Fund - Regular - Growth,275.3543701620178,Mutual Fund,148567
2025-05-08,Mirae Asset Large Cap Fund - Regular - Growth,274.10485769678576,Mutual Fund,148567
2025-05-09,Mirae Asset Large Cap Fund - Regular - Growth,272.99242435026173,Mutual Fund,148567
2025-05-12,Mirae Asset Large Cap Fund - Regular - Growth,271.96938424002906,Mutual Fund,148567
2025-05-13,Mirae Asset Large Cap Fund - Regular - Growth,271.15530793692335,Mutual Fund,148567
2025-05-14,Mirae Asset Large Cap Fund - Regular - Growth,272.1268188249625,Mutual Fund,148567
2025-05-15,Mirae Asset Large Cap Fund - Regular - Growth,270.2306288557947,Mutual Fund,148567
2025-05-16,Mirae Asset Large Cap Fund - Regular - Growth,268.6804818124618,Mutual Fund,148567
2025-05-19,Mirae Asset Large Cap Fund - Regular - Growth,266.95140595062844,Mutual Fund,148567
2025-05-20,Mirae Asset Large Cap Fund - Regular - Growth,268.2520206003008,Mutual Fund,148567
2025-05-21,Mirae Asset Large Cap Fund - Regular - Growth,268.23949415954667,Mutual Fund,148567
2025-05-22,Mirae Asset Large Cap Fund - Regular - Growth,267.8074742994442,Mutual Fund,148567
2025-05-23,Mirae Asset Large Cap Fund - Regular - Growth,265.9635252820581,Mutual Fund,148567
2025-05-26,Mirae Asset Large Cap Fund - Regular - Growth,262.36288529481226,Mutual Fund,148567
2025-05-27,Mirae Asset Large Cap Fund - Regular - Growth,266.30259325792764,Mutual Fund,148567
2025-05-28,Mirae Asset Large Cap Fund - Regular - Growth,265.7625328463202,Mutual Fund,148567
2025-05-29,Mirae Asset Large Cap Fund - Regular - Growth,272.33236633006567,Mutual Fund,148567
2025-05-30,Mirae Asset Large Cap Fund - Regular - Growth,274.3361698129856,Mutual Fund,148567
2025-06-02,Mirae Asset Large Cap Fund - Regular - Growth,278.9416296330034,Mutual Fund,148567
2025-06-03,Mirae Asset Large Cap Fund - Regular - Growth,281.5415778190894,Mutual Fund,148567
2025-06-04,Mirae Asset Large Cap Fund - Regular - Growth,282.08092650110854,Mutual Fund,148567
2025-06-05,Mirae Asset Large Cap Fund - Regular - Growth,280.7428748750911,Mutual Fund,148567
2025-06-06,Mirae Asset Large Cap Fund - Regular - Growth,278.4782936710154,Mutual Fund,148567
2025-06-09,Mirae Asset Large Cap Fund - Regular - Growth,281.3868478065914,Mutual Fund,148567
2025-06-10,Mirae Asset Large Cap Fund - Regular - Growth,282.19081754954306,Mutual Fund,148567
2025-06-11,Mirae Asset Large Cap Fund - Regular - Growth,283.8757661769014,Mutual Fund,148567
2025-06-12,Mirae Asset Large Cap Fund - Regular - Growth,286.0700284976523,Mutual Fund,148567
2025-06-13,Mirae Asset Large Cap Fund - Regular - Growth,287.1176944516404,Mutual Fund,148567
2025-06-16,Mirae Asset Large Cap Fund - Regular - Growth,286.07287541600556,Mutual Fund,148567
2025-06-17,Mirae Asset Large Cap Fund - Regular - Growth,288.7882661413149,Mutual Fund,148567
2025-06-18,Mirae Asset Large Cap Fund - Regular - Growth,288.4326860389967,Mutual Fund,148567
2025-06-19,Mirae Asset Large Cap Fund - Regular - Growth,288.81203790956437,Mutual Fund,148567
2025-06-20,Mirae Asset Large Cap Fund - Regular - Growth,290.7950588885057,Mutual Fund,148567
2025-06-23,Mirae Asset Large Cap Fund - Regular - Growth,290.79392012116443,Mutual Fund,148567
2025-06-24,Mirae Asset Large Cap Fund - Regular - Growth,286.3167139729596,Mutual Fund,148567
2025-06-25,Mirae Asset Large Cap Fund - Regular - Growth,289.10555519178223,Mutual Fund,148567
2025-06-26,Mirae Asset Large Cap Fund - Regular - Growth,292.47374429548694,Mutual Fund,148567
2025-06-27,Mirae Asset Large Cap Fund - Regular - Growth,287.93703755369955,Mutual Fund,148567
2025-06-30,Mirae Asset Large Cap Fund - Regular - Growth,285.44712276196583,Mutual Fund,148567
2025-07-01,Mirae Asset Large Cap Fund - Regular - Growth,290.73783582960584,Mutual Fund,148567
2025-07-02,Mirae Asset Large Cap Fund - Regular - Growth,291.4837284381517,Mutual Fund,148567
2025-07-03,Mirae Asset Large Cap Fund - Regular - Growth,291.6431558659325,Mutual Fund,148567
2025-07-04,Mirae Asset Large Cap Fund - Regular - Growth,290.6985483563313,Mutual Fund,148567
2025-07-07,Mirae Asset Large Cap Fund - Regular - Growth,288.2167472819043,Mutual Fund,148567
2025-07-08,Mirae Asset Large Cap Fund - Regular - Growth,287.87141608565764,Mutual Fund,148567
2025-07-09,Mirae Asset Large Cap Fund - Regular - Growth,290.50581198381764,Mutual Fund,148567
2025-07-10,Mirae Asset Large Cap Fund - Regular - Growth,290.6154183404169,Mutual Fund,148567
2025-07-11,Mirae Asset Large Cap Fund - Regular - Growth,292.334529988014,Mutual Fund,148567
2025-07-14,Mirae Asset Large Cap Fund - Regular - Growth,297.0756454675632,Mutual Fund,148567
2025-07-15,Mirae Asset Large Cap Fund - Regular - Growth,295.71125984677843,Mutual Fund,148567
2025-07-16,Mirae Asset Large Cap Fund - Regular - Growth,296.6551556267913,Mutual Fund,148567
2025-07-17,Mirae Asset Large Cap Fund - Regular - Growth,299.44897895273215,Mutual Fund,148567
2025-07-18,Mirae Asset Large Cap Fund - Regular - Growth,297.1486689233235,Mutual Fund,148567
2025-07-21,Mirae Asset Large Cap Fund - Regular - Growth,297.7692971243273,Mutual Fund,148567
2025-07-22,Mirae Asset Large Cap Fund - Regular - Growth,302.8832165622317,Mutual Fund,148567
2025-07-23,Mirae Asset Large Cap Fund - Regular - Growth,302.13148777106176,Mutual Fund,148567
2025-07-24,Mirae Asset Large Cap Fund - Regular - Growth,305.1489365336487,Mutual Fund,148567
2025-07-25,Mirae Asset Large Cap Fund - Regular - Growth,304.92659221026156,Mutual Fund,148567
2025-07-28,Mirae Asset Large Cap Fund - Regular - Growth,309.9644989281348,Mutual Fund,148567
2025-07-29,Mirae Asset Large Cap Fund - Regular - Growth,305.6565420760294,Mutual Fund,148567
2025-07-30,Mirae Asset Large Cap Fund - Regular - Growth,305.98948917743945,Mutual Fund,148567
2025-07-31,Mirae Asset Large Cap Fund - Regular - Growth,302.18045476673734,Mutual Fund,148567
2025-08-01,Mirae Asset Large Cap Fund - Regular - Growth,300.4734425221415,Mutual Fund,148567
2025-08-04,Mirae Asset Large Cap Fund - Regular - Growth,298.7603094030862,Mutual Fund,148567
2025-08-05,Mirae Asset Large Cap Fund - Regular - Growth,298.2115658905014,Mutual Fund,148567
2025-08-06,Mirae Asset Large Cap Fund - Regular - Growth,295.2548988347559,Mutual Fund,148567
2025-08-07,Mirae Asset Large Cap Fund - Regular - Growth,295.2204511226818,Mutual Fund,148567
2025-08-08,Mirae Asset Large Cap Fund - Regular - Growth,296.5747301833126,Mutual Fund,148567
2025-08-11,Mirae Asset Large Cap Fund - Regular - Growth,292.74590969005556,Mutual Fund,148567
2025-08-12,Mirae Asset Large Cap Fund - Regular - Growth,291.2613841147645,Mutual Fund,148567
2025-08-13,Mirae Asset Large Cap Fund - Regular - Growth,298.0158402537169,Mutual Fund,148567
2025-08-14,Mirae Asset Large Cap Fund - Regular - Growth,299.036602829267,Mutual Fund,148567
2025-08-15,Mirae Asset Large Cap Fund - Regular - Growth,294.4328511602611,Mutual Fund,148567
2025-08-18,Mirae Asset Large Cap Fund - Regular - Growth,290.9687209080526,Mutual Fund,148567
2025-08-19,Mirae Asset Large Cap Fund - Regular - Growth,291.69952484932634,Mutual Fund,148567
2025-08-20,Mirae Asset Large Cap Fund - Regular - Growth,292.1091964003559,Mutual Fund,148567
2025-08-21,Mirae Asset Large Cap Fund - Regular - Growth,290.7496505407716,Mutual Fund,148567
2025-08-22,Mirae Asset Large Cap Fund - Regular - Growth,296.5814204414427,Mutual Fund,148567
2025-08-25,Mirae Asset Large Cap Fund - Regular - Growth,303.6672578767109,Mutual Fund,148567
2025-08-26,Mirae Asset Large Cap Fund - Regular - Growth,303.11637917536115,Mutual Fund,148567
2025-08-27,Mirae Asset Large Cap Fund - Regular - Growth,305.6166852190841,Mutual Fund,148567
2025-08-28,Mirae Asset Large Cap Fund - Regular - Growth,308.2739988099877,Mutual Fund,148567
2025-08-29,Mirae Asset Large Cap Fund - Regular - Growth,311.31863564284794,Mutual Fund,148567
2025-09-01,Mirae Asset Large Cap Fund - Regular - Growth,309.7259271701342,Mutual Fund,148567
2025-09-02,Mirae Asset Large Cap Fund - Regular - Growth,315.23172491936054,Mutual Fund,148567
2025-09-03,Mirae Asset Large Cap Fund - Regular - Growth,315.2036827735812,Mutual Fund,148567
2025-09-04,Mirae Asset Large Cap Fund - Regular - Growth,316.54216143735164,Mutual Fund,148567
2025-09-05,Mirae Asset Large Cap Fund - Regular - Growth,316.7111260416157,Mutual Fund,148567
2025-09-08,Mirae Asset Large Cap Fund - Regular - Growth,316.48451134069876,Mutual Fund,148567
2025-09-09,Mirae Asset Large Cap Fund - Regular - Growth,317.4261295860291,Mutual Fund,148567
2025-09-10,Mirae Asset Large Cap Fund - Regular - Growth,314.28583629650035,Mutual Fund,148567
2025-09-11,Mirae Asset Large Cap Fund - Regular - Growth,309.0288592113462,Mutual Fund,148567
2025-09-12,Mirae Asset Large Cap Fund - Regular - Growth,308.6069459113977,Mutual Fund,148567
2025-09-15,Mirae Asset Large Cap Fund - Regular - Growth,306.3780935326551,Mutual Fund,148567
2025-09-16,Mirae Asset Large Cap Fund - Regular - Growth,308.0199113469619,Mutual Fund,148567
2025-09-17,Mirae Asset Large Cap Fund - Regular - Growth,309.3600981617443,Mutual Fund,148567
2025-09-18,Mirae Asset Large Cap Fund - Regular - Growth,309.5565355281171,Mutual Fund,148567
2025-09-19,Mirae Asset Large Cap Fund - Regular - Growth,313.7896184275326,Mutual Fund,148567
2025-09-22,Mirae Asset Large Cap Fund - Regular - Growth,313.93424187987665,Mutual Fund,148567
2025-09-23,Mirae Asset Large Cap Fund - Regular - Growth,310.08293073162906,Mutual Fund,148567
2025-09-24,Mirae Asset Large Cap Fund - Regular - Growth,309.6316941726423,Mutual Fund,148567
2025-09-25,Mirae Asset Large Cap Fund - Regular - Growth,313.00714291814774,Mutual Fund,148567
2025-09-26,Mirae Asset Large Cap Fund - Regular - Growth,308.0076695980431,Mutual Fund,148567
2025-09-29,Mirae Asset Large Cap Fund - Regular - Growth,307.9111590658687,Mutual Fund,148567
2025-09-30,Mirae Asset Large Cap Fund - Regular - Growth,309.6373880093488,Mutual Fund,148567
2025-10-01,Mirae Asset Large Cap Fund - Regular - Growth,317.128911309952,Mutual Fund,148567
2025-10-02,Mirae Asset Large Cap Fund - Regular - Growth,320.6916872830999,Mutual Fund,148567
2025-10-03,Mirae Asset Large Cap Fund - Regular - Growth,321.23260177021336,Mutual Fund,148567
2025-10-06,Mirae Asset Large Cap Fund - Regular - Growth,322.8778358865442,Mutual Fund,148567
2025-10-07,Mirae Asset Large Cap Fund - Regular - Growth,317.6829216214904,Mutual Fund,148567
2025-10-08,Mirae Asset Large Cap Fund - Regular - Growth,314.9179945168348,Mutual Fund,148567
2025-10-09,Mirae Asset Large Cap Fund - Regular - Growth,316.89446758356377,Mutual Fund,148567
2025-10-10,Mirae Asset Large Cap Fund - Regular - Growth,317.5089749101081,Mutual Fund,148567
2025-10-13,Mirae Asset Large Cap Fund - Regular - Growth,318.4827633328299,Mutual Fund,148567
2025-10-14,Mirae Asset Large Cap Fund - Regular - Growth,318.74297167031494,Mutual Fund,148567
2025-10-15,Mirae Asset Large Cap Fund - Regular - Growth,318.89314661344775,Mutual Fund,148567
2025-10-16,Mirae Asset Large Cap Fund - Regular - Growth,319.34751478262297,Mutual Fund,148567
2025-10-17,Mirae Asset Large Cap Fund - Regular - Growth,316.5504175005759,Mutual Fund,148567
2025-10-20,Mirae Asset Large Cap Fund - Regular - Growth,316.0749821355867,Mutual Fund,148567
2025-10-21,Mirae Asset Large Cap Fund - Regular - Growth,312.78721847536076,Mutual Fund,148567
2025-10-22,Mirae Asset Large Cap Fund - Regular - Growth,311.24319230648723,Mutual Fund,148567
2025-10-23,Mirae Asset Large Cap Fund - Regular - Growth,314.7056144076838,Mutual Fund,148567
2025-10-24,Mirae Asset Large Cap Fund - Regular - Growth,314.36640408589665,Mutual Fund,148567
2025-10-27,Mirae Asset Large Cap Fund - Regular - Growth,316.1857272595273,Mutual Fund,148567
2025-10-28,Mirae Asset Large Cap Fund - Regular - Growth,316.67069980099984,Mutual Fund,148567
2025-10-29,Mirae Asset Large Cap Fund - Regular - Growth,315.76054000347267,Mutual Fund,148567
2025-10-30,Mirae Asset Large Cap Fund - Regular - Growth,313.1258594134774,Mutual Fund,148567
2025-10-31,Mirae Asset Large Cap Fund - Regular - Growth,312.1840988222294,Mutual Fund,148567
2025-11-03,Mirae Asset Large Cap Fund - Regular - Growth,312.85013537096717,Mutual Fund,148567
2025-11-04,Mirae Asset Large Cap Fund - Regular - Growth,314.6172175928162,Mutual Fund,148567
2025-11-05,Mirae Asset Large Cap Fund - Regular - Growth,315.11927164440806,Mutual Fund,148567
2025-11-06,Mirae Asset Large Cap Fund - Regular - Growth,317.09304013870144,Mutual Fund,148567
2025-11-07,Mirae Asset Large Cap Fund - Regular - Growth,313.0316264159856,Mutual Fund,148567
2025-11-10,Mirae Asset Large Cap Fund - Regular - Growth,315.5961304685739,Mutual Fund,148567
2025-11-11,Mirae Asset Large Cap Fund - Regular - Growth,312.63277315469827,Mutual Fund,148567
2025-11-12,Mirae Asset Large Cap Fund - Regular - Growth,315.5189789812014,Mutual Fund,148567
2025-11-13,Mirae Asset Large Cap Fund - Regular - Growth,317.0835029622181,Mutual Fund,148567
2025-11-14,Mirae Asset Large Cap Fund - Regular - Growth,312.05755330142847,Mutual Fund,148567
2025-11-17,Mirae Asset Large Cap Fund - Regular - Growth,314.2543778486973,Mutual Fund,148567
2025-11-18,Mirae Asset Large Cap Fund - Regular - Growth,317.18798486578163,Mutual Fund,148567
2025-11-19,Mirae Asset Large Cap Fund - Regular - Growth,320.891825643332,Mutual Fund,148567
2025-11-20,Mirae Asset Large Cap Fund - Regular - Growth,318.88844919816506,Mutual Fund,148567
2025-11-21,Mirae Asset Large Cap Fund - Regular - Growth,319.5583290866798,Mutual Fund,148567
2025-11-24,Mirae Asset Large Cap Fund - Regular - Growth,321.68739697714176,Mutual Fund,148567
2025-11-25,Mirae Asset Large Cap Fund - Regular - Growth,323.9501276842878,Mutual Fund,148567
2025-11-26,Mirae Asset Large Cap Fund - Regular - Growth,325.2900298072348,Mutual Fund,148567
2025-11-27,Mirae Asset Large Cap Fund - Regular - Growth,324.2356735951166,Mutual Fund,148567
2025-11-28,Mirae Asset Large Cap Fund - Regular - Growth,327.2417346842906,Mutual Fund,148567
2025-12-01,Mirae Asset Large Cap Fund - Regular - Growth,330.2929194293633,Mutual Fund,148567
2025-12-02,Mirae Asset Large Cap Fund - Regular - Growth,330.0139214307469,Mutual Fund,148567
2025-12-03,Mirae Asset Large Cap Fund - Regular - Growth,327.910475805464,Mutual Fund,148567
2025-12-04,Mirae Asset Large Cap Fund - Regular - Growth,325.980265161975,Mutual Fund,148567
2025-12-05,Mirae Asset Large Cap Fund - Regular - Growth,330.0979055221672,Mutual Fund,148567
2025-12-08,Mirae Asset Large Cap Fund - Regular - Growth,333.04887874120624,Mutual Fund,148567
2025-12-09,Mirae Asset Large Cap Fund - Regular - Growth,333.1619013998294,Mutual Fund,148567
2025-12-10,Mirae Asset Large Cap Fund - Regular - Growth,332.7488135467759,Mutual Fund,148567
2025-12-11,Mirae Asset Large Cap Fund - Regular - Growth,327.76926865514383,Mutual Fund,148567
2025-12-12,Mirae Asset Large Cap Fund - Regular - Growth,327.69439470245396,Mutual Fund,148567
2025-12-15,Mirae Asset Large Cap Fund - Regular - Growth,324.4373777604428,Mutual Fund,148567
2025-12-16,Mirae Asset Large Cap Fund - Regular - Growth,325.0602834961292,Mutual Fund,148567
2025-12-17,Mirae Asset Large Cap Fund - Regular - Growth,328.6454077783499,Mutual Fund,148567
2025-12-18,Mirae Asset Large Cap Fund - Regular - Growth,325.9841085017519,Mutual Fund,148567
2025-12-19,Mirae Asset Large Cap Fund - Regular - Growth,326.83932277506176,Mutual Fund,148567
2025-12-22,Mirae Asset Large Cap Fund - Regular - Growth,329.8981941996882,Mutual Fund,148567
2025-12-23,Mirae Asset Large Cap Fund - Regular - Growth,330.7102776599466,Mutual Fund,148567
2025-12-24,Mirae Asset Large Cap Fund - Regular - Growth,329.35542921564513,Mutual Fund,148567
2025-12-25,Mirae Asset Large Cap Fund - Regular - Growth,329.5555675758771,Mutual Fund,148567
2025-12-26,Mirae Asset Large Cap Fund - Regular - Growth,332.52106007851756,Mutual Fund,148567
2025-12-29,Mirae Asset Large Cap Fund - Regular - Growth,333.4639594371069,Mutual Fund,148567
2025-12-30,Mirae Asset Large Cap Fund - Regular - Growth,333.6260914373232,Mutual Fund,148567
2025-12-31,Mirae Asset Large Cap Fund - Regular - Growth,337.2190447450153,Mutual Fund,148567
2026-01-01,Mirae Asset Large Cap Fund - Regular - Growth,338.92876156204676,Mutual Fund,148567
2026-01-02,Mirae Asset Large Cap Fund - Regular - Growth,335.525270670762,Mutual Fund,148567
2026-01-05,Mirae Asset Large Cap Fund - Regular - Growth,337.5729166963216,Mutual Fund,148567
2026-01-06,Mirae Asset Large Cap Fund - Regular - Growth,340.58737619463767,Mutual Fund,148567
2026-01-07,Mirae Asset Large Cap Fund - Regular - Growth,337.06488411618795,Mutual Fund,148567
2026-01-08,Mirae Asset Large Cap Fund - Regular - Growth,330.55825221988414,Mutual Fund,148567
2026-01-09,Mirae Asset Large Cap Fund - Regular - Growth,327.7037895330195,Mutual Fund,148567
2026-01-12,Mirae Asset Large Cap Fund - Regular - Growth,327.57653228263024,Mutual Fund,148567
2026-01-13,Mirae Asset Large Cap Fund - Regular - Growth,330.67739575296673,Mutual Fund,148567
2026-01-14,Mirae Asset Large Cap Fund - Regular - Growth,328.2585115741461,Mutual Fund,148567
2026-01-15,Mirae Asset Large Cap Fund - Regular - Growth,330.03982838776113,Mutual Fund,148567
2026-01-16,Mirae Asset Large Cap Fund - Regular - Growth,321.89351386591534,Mutual Fund,148567
2026-01-19,Mirae Asset Large Cap Fund - Regular - Growth,322.5720768554074,Mutual Fund,148567
2026-01-20,Mirae Asset Large Cap Fund - Regular - Growth,321.58291507357814,Mutual Fund,148567
2026-01-21,Mirae Asset Large Cap Fund - Regular - Growth,327.7591620949898,Mutual Fund,148567
2026-01-22,Mirae Asset Large Cap Fund - Regular - Growth,322.5017579720826,Mutual Fund,148567
2026-01-23,Mirae Asset Large Cap Fund - Regular - Growth,322.626880033707,Mutual Fund,148567
2026-01-26,Mirae Asset Large Cap Fund - Regular - Growth,317.43452799517104,Mutual Fund,148567
2026-01-27,Mirae Asset Large Cap Fund - Regular - Growth,316.06231334891487,Mutual Fund,148567
2026-01-28,Mirae Asset Large Cap Fund - Regular - Growth,311.5166388143149,Mutual Fund,148567
2026-01-29,Mirae Asset Large Cap Fund - Regular - Growth,318.06611683183473,Mutual Fund,148567
2026-01-30,Mirae Asset Large Cap Fund - Regular - Growth,317.233962597186,Mutual Fund,148567
2026-02-02,Mirae Asset Large Cap Fund - Regular - Growth,316.8074942278724,Mutual Fund,148567
2026-02-03,Mirae Asset Large Cap Fund - Regular - Growth,316.8516214623474,Mutual Fund,148567
2026-02-04,Mirae Asset Large Cap Fund - Regular - Growth,313.8652041098107,Mutual Fund,148567
2026-02-05,Mirae Asset Large Cap Fund - Regular - Growth,316.963220661794,Mutual Fund,148567
2026-02-06,Mirae Asset Large Cap Fund - Regular - Growth,318.9223275265682,Mutual Fund,148567
2026-02-09,Mirae Asset Large Cap Fund - Regular - Growth,321.6805643730937,Mutual Fund,148567
2026-02-10,Mirae Asset Large Cap Fund - Regular - Growth,318.4080317260575,Mutual Fund,148567
2026-02-11,Mirae Asset Large Cap Fund - Regular - Growth,321.77807132669176,Mutual Fund,148567
2026-02-12,Mirae Asset Large Cap Fund - Regular - Growth,324.8527431481786,Mutual Fund,148567
2026-02-13,Mirae Asset Large Cap Fund - Regular - Growth,324.3549594741166,Mutual Fund,148567
2026-02-16,Mirae Asset Large Cap Fund - Regular - Growth,327.09397962175774,Mutual Fund,148567
2026-02-17,Mirae Asset Large Cap Fund - Regular - Growth,328.0506865343602,Mutual Fund,148567
2026-02-18,Mirae Asset Large Cap Fund - Regular - Growth,323.6382477786913,Mutual Fund,148567
2026-02-19,Mirae Asset Large Cap Fund - Regular - Growth,323.283521751879,Mutual Fund,148567
2026-02-20,Mirae Asset Large Cap Fund - Regular - Growth,322.07970232621636,Mutual Fund,148567
2026-02-23,Mirae Asset Large Cap Fund - Regular - Growth,322.4888044935753,Mutual Fund,148567
2026-02-24,Mirae Asset Large Cap Fund - Regular - Growth,325.5740099129691,Mutual Fund,148567
2026-02-25,Mirae Asset Large Cap Fund - Regular - Growth,321.06079024759583,Mutual Fund,148567
2026-02-26,Mirae Asset Large Cap Fund - Regular - Growth,319.9722710152389,Mutual Fund,148567
2026-02-27,Mirae Asset Large Cap Fund - Regular - Growth,317.82540988506923,Mutual Fund,148567
2026-03-02,Mirae Asset Large Cap Fund - Regular - Growth,315.81263860933666,Mutual Fund,148567
2026-03-03,Mirae Asset Large Cap Fund - Regular - Growth,313.6901186310871,Mutual Fund,148567
2026-03-04,Mirae Asset Large Cap Fund - Regular - Growth,314.0407166262872,Mutual Fund,148567
2026-03-05,Mirae Asset Large Cap Fund - Regular - Growth,315.6559157539914,Mutual Fund,148567
2026-03-06,Mirae Asset Large Cap Fund - Regular - Growth,316.790412717753,Mutual Fund,148567
2026-03-09,Mirae Asset Large Cap Fund - Regular - Growth,317.47324608477487,Mutual Fund,148567
2026-03-10,Mirae Asset Large Cap Fund - Regular - Growth,319.38352829979124,Mutual Fund,148567
2026-03-11,Mirae Asset Large Cap Fund - Regular - Growth,326.3274468551509,Mutual Fund,148567
2026-03-12,Mirae Asset Large Cap Fund - Regular - Growth,326.8872933493133,Mutual Fund,148567
2026-03-13,Mirae Asset Large Cap Fund - Regular - Growth,330.0146331603349,Mutual Fund,148567
2026-03-16,Mirae Asset Large Cap Fund - Regular - Growth,333.0046091608131,Mutual Fund,148567
2026-03-17,Mirae Asset Large Cap Fund - Regular - Growth,338.4413691399737,Mutual Fund,148567
2026-03-18,Mirae Asset Large Cap Fund - Regular - Growth,340.2940012583371,Mutual Fund,148567
2026-03-19,Mirae Asset Large Cap Fund - Regular - Growth,337.94387015774697,Mutual Fund,148567
2026-03-20,Mirae Asset Large Cap Fund - Regular - Growth,339.02854605032707,Mutual Fund,148567
2026-03-23,Mirae Asset Large Cap Fund - Regular - Growth,339.9556450120559,Mutual Fund,148567
2026-03-24,Mirae Asset Large Cap Fund - Regular - Growth,342.58505880309787,Mutual Fund,148567
2026-03-25,Mirae Asset Large Cap Fund - Regular - Growth,340.13186925812084,Mutual Fund,148567
2026-03-26,Mirae Asset Large Cap Fund - Regular - Growth,344.129227317889,Mutual Fund,148567
2026-03-27,Mirae Asset Large Cap Fund - Regular - Growth,344.32267541999096,Mutual Fund,148567
2026-03-30,Mirae Asset Large Cap Fund - Regular - Growth,347.0599874166202,Mutual Fund,148567
2026-03-31,Mirae Asset Large Cap Fund - Regular - Growth,348.1887905436753,Mutual Fund,148567
2026-04-01,Mirae Asset Large Cap Fund - Regular - Growth,348.7452207358138,Mutual Fund,148567
2026-04-02,Mirae Asset Large Cap Fund - Regular - Growth,349.6455586650223,Mutual Fund,148567
2026-04-03,Mirae Asset Large Cap Fund - Regular - Growth,351.90530010789746,Mutual Fund,148567
2026-04-06,Mirae Asset Large Cap Fund - Regular - Growth,358.22161551228794,Mutual Fund,148567
2026-04-07,Mirae Asset Large Cap Fund - Regular - Growth,352.08622176924507,Mutual Fund,148567
2026-04-08,Mirae Asset Large Cap Fund - Regular - Growth,353.94952983143315,Mutual Fund,148567
2026-04-09,Mirae Asset Large Cap Fund - Regular - Growth,354.269523454336,Mutual Fund,148567
2026-04-10,Mirae Asset Large Cap Fund - Regular - Growth,353.899139376581,Mutual Fund,148567
2026-04-13,Mirae Asset Large Cap Fund - Regular - Growth,346.7782848455681,Mutual Fund,148567
2026-04-14,Mirae Asset Large Cap Fund - Regular - Growth,348.737107018507,Mutual Fund,148567
2026-04-15,Mirae Asset Large Cap Fund - Regular - Growth,348.53269828074514,Mutual Fund,148567
2026-04-16,Mirae Asset Large Cap Fund - Regular - Growth,346.1558061476347,Mutual Fund,148567
2026-04-17,Mirae Asset Large Cap Fund - Regular - Growth,346.4642697512069,Mutual Fund,148567
2026-04-20,Mirae Asset Large Cap Fund - Regular - Growth,345.74912386087595,Mutual Fund,148567
2026-04-21,Mirae Asset Large Cap Fund - Regular - Growth,340.6524282790086,Mutual Fund,148567
2026-04-22,Mirae Asset Large Cap Fund - Regular - Growth,341.09341593192363,Mutual Fund,148567
2026-04-23,Mirae Asset Large Cap Fund - Regular - Growth,343.0197832356357,Mutual Fund,148567
2026-04-24,Mirae Asset Large Cap Fund - Regular - Growth,341.53838927053323,Mutual Fund,148567
2026-04-27,Mirae Asset Large Cap Fund - Regular - Growth,342.504206321866,Mutual Fund,148567
2026-04-28,Mirae Asset Large Cap Fund - Regular - Growth,343.00782617855214,Mutual Fund,148567
2026-04-29,Mirae Asset Large Cap Fund - Regular - Growth,346.36377353333796,Mutual Fund,148567
2026-04-30,Mirae Asset Large Cap Fund - Regular - Growth,346.2256979932063,Mutual Fund,148567
2026-05-01,Mirae Asset Large Cap Fund - Regular - Growth,348.8603785832017,Mutual Fund,148567
2026-05-04,Mirae Asset Large Cap Fund - Regular - Growth,348.07719134422854,Mutual Fund,148567
2026-05-05,Mirae Asset Large Cap Fund - Regular - Growth,354.35179939474415,Mutual Fund,148567
2026-05-06,Mirae Asset Large Cap Fund - Regular - Growth,353.17146704549566,Mutual Fund,148567
2026-05-07,Mirae Asset Large Cap Fund - Regular - Growth,351.22545600514627,Mutual Fund,148567
2026-05-08,Mirae Asset Large Cap Fund - Regular - Growth,351.0953518364038,Mutual Fund,148567
2026-05-11,Mirae Asset Large Cap Fund - Regular - Growth,349.02834676604215,Mutual Fund,148567
2026-05-12,Mirae Asset Large Cap Fund - Regular - Growth,345.38400658207433,Mutual Fund,148567
2026-05-13,Mirae Asset Large Cap Fund - Regular - Growth,347.7868056721992,Mutual Fund,148567
2026-05-14,Mirae Asset Large Cap Fund - Regular - Growth,338.69346376015193,Mutual Fund,148567
2026-05-15,Mirae Asset Large Cap Fund - Regular - Growth,336.7306559015185,Mutual Fund,148567
2026-05-18,Mirae Asset Large Cap Fund - Regular - Growth,332.94126522745364,Mutual Fund,148567
2026-05-19,Mirae Asset Large Cap Fund - Regular - Growth,333.53100436432493,Mutual Fund,148567
2026-05-20,Mirae Asset Large Cap Fund - Regular - Growth,327.3223024736864,Mutual Fund,148567
2026-05-21,Mirae Asset Large Cap Fund - Regular - Growth,329.07728529253416,Mutual Fund,148567
2026-05-22,Mirae Asset Large Cap Fund - Regular - Growth,331.1578132250736,Mutual Fund,148567
2026-05-25,Mirae Asset Large Cap Fund - Regular - Growth,326.592210262001,Mutual Fund,148567
2026-05-26,Mirae Asset Large Cap Fund - Regular - Growth,327.3104877625206,Mutual Fund,148567
2026-05-27,Mirae Asset Large Cap Fund - Regular - Growth,328.9732304267237,Mutual Fund,148567
2026-05-28,Mirae Asset Large Cap Fund - Regular - Growth,331.8837774051469,Mutual Fund,148567
2026-05-29,Mirae Asset Large Cap Fund - Regular - Growth,327.78108336630925,Mutual Fund,148567
2022-01-03,NIFTY50,100.0,Benchmark,
2022-01-04,NIFTY50,101.12532077501643,Benchmark,
2022-01-05,NIFTY50,101.95657753851728,Benchmark,
2022-01-06,NIFTY50,102.20502275508936,Benchmark,
2022-01-07,NIFTY50,101.52268448886655,Benchmark,
2022-01-10,NIFTY50,103.61320292531948,Benchmark,
2022-01-11,NIFTY50,104.36848553032416,Benchmark,
2022-01-12,NIFTY50,103.82872028990226,Benchmark,
2022-01-13,NIFTY50,103.923102032323,Benchmark,
2022-01-14,NIFTY50,102.73804235916624,Benchmark,
2022-01-17,NIFTY50,102.88959051129063,Benchmark,
2022-01-18,NIFTY50,102.54773538126278,Benchmark,
2022-01-19,NIFTY50,104.62213289017934,Benchmark,
2022-01-20,NIFTY50,105.32716622105451,Benchmark,
2022-01-21,NIFTY50,103.21732553812173,Benchmark,
2022-01-24,NIFTY50,104.83484910068665,Benchmark,
2022-01-25,NIFTY50,105.23215564812706,Benchmark,
2022-01-26,NIFTY50,106.61844108344071,Benchmark,
2022-01-27,NIFTY50,106.91216209649808,Benchmark,
2022-01-28,NIFTY50,107.09629510215358,Benchmark,
2022-01-31,NIFTY50,106.41744398692268,Benchmark,
2022-02-01,NIFTY50,107.03935735808872,Benchmark,
2022-02-02,NIFTY50,108.04965931678143,Benchmark,
2022-02-03,NIFTY50,106.56018851195267,Benchmark,
2022-02-04,NIFTY50,105.89757265707762,Benchmark,
2022-02-07,NIFTY50,104.88481254276766,Benchmark,
2022-02-08,NIFTY50,106.47992687272878,Benchmark,
2022-02-09,NIFTY50,107.51286672966414,Benchmark,
2022-02-10,NIFTY50,107.2479004206877,Benchmark,
2022-02-11,NIFTY50,108.24831259050167,Benchmark,
2022-02-14,NIFTY50,107.0932081160296,Benchmark,
2022-02-15,NIFTY50,107.4118536837178,Benchmark,
2022-02-16,NIFTY50,108.28821474447483,Benchmark,
2022-02-17,NIFTY50,107.86112449757881,Benchmark,
2022-02-18,NIFTY50,107.90508546664095,Benchmark,
2022-02-21,NIFTY50,108.40214739901424,Benchmark,
2022-02-22,NIFTY50,109.48345003855886,Benchmark,
2022-02-23,NIFTY50,108.17559691735865,Benchmark,
2022-02-24,NIFTY50,108.07589869883549,Benchmark,
2022-02-25,NIFTY50,107.31632861310301,Benchmark,
2022-02-28,NIFTY50,107.84974838204782,Benchmark,
2022-03-01,NIFTY50,107.62994353673727,Benchmark,
2022-03-02,NIFTY50,108.40197589978513,Benchmark,
2022-03-03,NIFTY50,107.26733699998698,Benchmark,
2022-03-04,NIFTY50,106.90267247248737,Benchmark,
2022-03-07,NIFTY50,108.72302245668087,Benchmark,
2022-03-08,NIFTY50,108.59354053870209,Benchmark,
2022-03-09,NIFTY50,109.61213162680181,Benchmark,
2022-03-10,NIFTY50,108.71907797441129,Benchmark,
2022-03-11,NIFTY50,107.45421399330823,Benchmark,
2022-03-14,NIFTY50,108.74966200360274,Benchmark,
2022-03-15,NIFTY50,109.52186586587973,Benchmark,
2022-03-16,NIFTY50,109.20007614565786,Benchmark,
2022-03-17,NIFTY50,110.72396112912818,Benchmark,
2022-03-18,NIFTY50,110.21460841866863,Benchmark,
2022-03-21,NIFTY50,109.49648397997134,Benchmark,
2022-03-22,NIFTY50,109.56251118317905,Benchmark,
2022-03-23,NIFTY50,109.37214703886589,Benchmark,
2022-03-24,NIFTY50,108.38979945451828,Benchmark,
2022-03-25,NIFTY50,108.33726352400062,Benchmark,
2022-03-28,NIFTY50,108.61297711800133,Benchmark,
2022-03-29,NIFTY50,109.40576088777163,Benchmark,
2022-03-30,NIFTY50,111.86688915833341,Benchmark,
2022-03-31,NIFTY50,113.04817584844973,Benchmark,
2022-04-01,NIFTY50,112.1250526645551,Benchmark,
2022-04-04,NIFTY50,114.70783105496622,Benchmark,
2022-04-05,NIFTY50,114.81027326115519,Benchmark,
2022-04-06,NIFTY50,115.17756744350116,Benchmark,
2022-04-07,NIFTY50,114.59321240351039,Benchmark,
2022-04-08,NIFTY50,114.63951719537037,Benchmark,
2022-04-11,NIFTY50,114.67067288865887,Benchmark,
2022-04-12,NIFTY50,115.36655959398148,Benchmark,
2022-04-13,NIFTY50,116.28293714153108,Benchmark,
2022-04-14,NIFTY50,115.97743984807474,Benchmark,
2022-04-15,NIFTY50,117.17113164909678,Benchmark,
2022-04-18,NIFTY50,116.70448224668584,Benchmark,
2022-04-19,NIFTY50,117.83254700936807,Benchmark,
2022-04-20,NIFTY50,117.25562360263876,Benchmark,
2022-04-21,NIFTY50,116.22760005693794,Benchmark,
2022-04-22,NIFTY50,115.99990624708829,Benchmark,
2022-04-25,NIFTY50,115.82103255112557,Benchmark,
2022-04-26,NIFTY50,114.94547182010437,Benchmark,
2022-04-27,NIFTY50,114.64357601045938,Benchmark,
2022-04-28,NIFTY50,114.19018921509969,Benchmark,
2022-04-29,NIFTY50,114.24712695916452,Benchmark,
2022-05-02,NIFTY50,114.81513240598002,Benchmark,
2022-05-03,NIFTY50,114.7926660069665,Benchmark,
2022-05-04,NIFTY50,113.97198502926082,Benchmark,
2022-05-05,NIFTY50,113.68689614406868,Benchmark,
2022-05-06,NIFTY50,114.66810040022224,Benchmark,
2022-05-09,NIFTY50,114.10158128005901,Benchmark,
2022-05-10,NIFTY50,113.26077772613765,Benchmark,
2022-05-11,NIFTY50,111.89690152342784,Benchmark,
2022-05-12,NIFTY50,111.32460859588453,Benchmark,
2022-05-13,NIFTY50,112.13294162909423,Benchmark,
2022-05-16,NIFTY50,111.51697356453735,Benchmark,
2022-05-17,NIFTY50,111.53692464152394,Benchmark,
2022-05-18,NIFTY50,111.14321957789485,Benchmark,
2022-05-19,NIFTY50,110.69686425092873,Benchmark,
2022-05-20,NIFTY50,111.94726513037678,Benchmark,
2022-05-23,NIFTY50,111.86397367143857,Benchmark,
2022-05-24,NIFTY50,110.77329574070251,Benchmark,
2022-05-25,NIFTY50,109.44852136223,Benchmark,
2022-05-26,NIFTY50,108.55609654034626,Benchmark,
2022-05-27,NIFTY50,107.56974730731939,Benchmark,
2022-05-30,NIFTY50,108.38271081971504,Benchmark,
2022-05-31,NIFTY50,108.24974175074435,Benchmark,
2022-06-01,NIFTY50,108.35955842378509,Benchmark,
2022-06-02,NIFTY50,108.18874519159056,Benchmark,
2022-06-03,NIFTY50,108.06160709640965,Benchmark,
2022-06-06,NIFTY50,108.95025893525295,Benchmark,
2022-06-07,NIFTY50,109.9128841082528,Benchmark,
2022-06-08,NIFTY50,111.58803141179901,Benchmark,
2022-06-09,NIFTY50,110.84115226902074,Benchmark,
2022-06-10,NIFTY50,110.53959945783396,Benchmark,
2022-06-13,NIFTY50,110.76895109356504,Benchmark,
2022-06-14,NIFTY50,112.25876489685199,Benchmark,
2022-06-15,NIFTY50,111.67521018659707,Benchmark,
2022-06-16,NIFTY50,112.5969613766588,Benchmark,
2022-06-17,NIFTY50,112.08949515771947,Benchmark,
2022-06-20,NIFTY50,113.04062988236885,Benchmark,
2022-06-21,NIFTY50,113.18074475255253,Benchmark,
2022-06-22,NIFTY50,112.2718560046741,Benchmark,
2022-06-23,NIFTY50,112.21680475212948,Benchmark,
2022-06-24,NIFTY50,112.83614563485888,Benchmark,
2022-06-27,NIFTY50,110.25822638927256,Benchmark,
2022-06-28,NIFTY50,111.13584511104307,Benchmark,
2022-06-29,NIFTY50,109.86229183566505,Benchmark,
2022-06-30,NIFTY50,109.71823248321182,Benchmark,
2022-07-01,NIFTY50,109.67249935544889,Benchmark,
2022-07-04,NIFTY50,107.30072218325395,Benchmark,
2022-07-05,NIFTY50,106.81292120925268,Benchmark,
2022-07-06,NIFTY50,107.23006450086024,Benchmark,
2022-07-07,NIFTY50,108.93036502467606,Benchmark,
2022-07-08,NIFTY50,109.7188041473089,Benchmark,
2022-07-11,NIFTY50,110.58796224044325,Benchmark,
2022-07-12,NIFTY50,108.7021567171391,Benchmark,
2022-07-13,NIFTY50,108.48589618923015,Benchmark,
2022-07-14,NIFTY50,110.16704596579525,Benchmark,
2022-07-15,NIFTY50,111.12429749628296,Benchmark,
2022-07-18,NIFTY50,110.71172751745166,Benchmark,
2022-07-19,NIFTY50,110.86819198081056,Benchmark,
2022-07-20,NIFTY50,111.81458189345462,Benchmark,
2022-07-21,NIFTY50,112.74553687547863,Benchmark,
2022-07-22,NIFTY50,112.68253949198521,Benchmark,
2022-07-25,NIFTY50,112.5104114323675,Benchmark,
2022-07-26,NIFTY50,112.97203019072452,Benchmark,
2022-07-27,NIFTY50,113.9318542096489,Benchmark,
2022-07-28,NIFTY50,113.6204687759931,Benchmark,
2022-07-29,NIFTY50,111.96538688225289,Benchmark,
2022-08-01,NIFTY50,111.94526430603719,Benchmark,
2022-08-02,NIFTY50,110.84612574666504,Benchmark,
2022-08-03,NIFTY50,112.66870522083696,Benchmark,
2022-08-04,NIFTY50,111.84585191956253,Benchmark,
2022-08-05,NIFTY50,111.79120083188585,Benchmark,
2022-08-08,NIFTY50,111.19581267482228,Benchmark,
2022-08-09,NIFTY50,110.77781188706916,Benchmark,
2022-08-10,NIFTY50,111.5902609017775,Benchmark,
2022-08-11,NIFTY50,112.61022398371013,Benchmark,
2022-08-12,NIFTY50,113.27061034860675,Benchmark,
2022-08-15,NIFTY50,114.22648988526156,Benchmark,
2022-08-16,NIFTY50,113.78945268307712,Benchmark,
2022-08-17,NIFTY50,112.82642734520935,Benchmark,
2022-08-18,NIFTY50,112.18976504033972,Benchmark,
2022-08-19,NIFTY50,112.64012201598513,Benchmark,
2022-08-22,NIFTY50,113.8224377014761,Benchmark,
2022-08-23,NIFTY50,112.73113094023333,Benchmark,
2022-08-24,NIFTY50,112.457075172114,Benchmark,
2022-08-25,NIFTY50,112.25939372735876,Benchmark,
2022-08-26,NIFTY50,111.60409517292575,Benchmark,
2022-08-29,NIFTY50,112.20434247481414,Benchmark,
2022-08-30,NIFTY50,113.1795442579488,Benchmark,
2022-08-31,NIFTY50,115.53108452110867,Benchmark,
2022-09-01,NIFTY50,117.470683635944,Benchmark,
2022-09-02,NIFTY50,118.28947812212944,Benchmark,
2022-09-05,NIFTY50,117.90114670101251,Benchmark,
2022-09-06,NIFTY50,118.64219487000098,Benchmark,
2022-09-07,NIFTY50,116.81349858999074,Benchmark,
2022-09-08,NIFTY50,117.50378298716238,Benchmark,
2022-09-09,NIFTY50,117.91229415090471,Benchmark,
2022-09-12,NIFTY50,118.04280506425815,Benchmark,
2022-09-13,NIFTY50,117.34554636510266,Benchmark,
2022-09-14,NIFTY50,118.16719917177332,Benchmark,
2022-09-15,NIFTY50,117.26917204173859,Benchmark,
2022-09-16,NIFTY50,118.34332888007026,Benchmark,
2022-09-19,NIFTY50,118.98376416798033,Benchmark,
2022-09-20,NIFTY50,119.45984602799238,Benchmark,
2022-09-21,NIFTY50,118.55753141722988,Benchmark,
2022-09-22,NIFTY50,117.9820943371529,Benchmark,
2022-09-23,NIFTY50,116.60958600657784,Benchmark,
2022-09-26,NIFTY50,117.4706264695343,Benchmark,
2022-09-27,NIFTY50,117.56152106096313,Benchmark,
2022-09-28,NIFTY50,117.10098846439048,Benchmark,
2022-09-29,NIFTY50,117.02598613485928,Benchmark,
2022-09-30,NIFTY50,118.09265417351979,Benchmark,
2022-10-03,NIFTY50,117.05153951999682,Benchmark,
2022-10-04,NIFTY50,116.68761815582333,Benchmark,
2022-10-05,NIFTY50,115.24262281774406,Benchmark,
2022-10-06,NIFTY50,114.30835218395723,Benchmark,
2022-10-07,NIFTY50,114.12810649416159,Benchmark,
2022-10-10,NIFTY50,115.2008341722507,Benchmark,
2022-10-11,NIFTY50,115.86304986225784,Benchmark,
2022-10-12,NIFTY50,116.86140404132249,Benchmark,
2022-10-13,NIFTY50,117.55386076206284,Benchmark,
2022-10-14,NIFTY50,116.68813265351068,Benchmark,
2022-10-17,NIFTY50,118.37522773668496,Benchmark,
2022-10-18,NIFTY50,119.1534340719808,Benchmark,
2022-10-19,NIFTY50,120.97715687434683,Benchmark,
2022-10-20,NIFTY50,122.70529743968834,Benchmark,
2022-10-21,NIFTY50,122.6719122564214,Benchmark,
2022-10-24,NIFTY50,122.23984853188117,Benchmark,
2022-10-25,NIFTY50,120.08033023891589,Benchmark,
2022-10-26,NIFTY50,120.3011640796011,Benchmark,
2022-10-27,NIFTY50,120.3197431627548,Benchmark,
2022-10-28,NIFTY50,119.748707896225,Benchmark,
2022-10-31,NIFTY50,119.31721583578184,Benchmark,
2022-11-01,NIFTY50,119.88264879416069,Benchmark,
2022-11-02,NIFTY50,118.10334429213441,Benchmark,
2022-11-03,NIFTY50,119.40548077236426,Benchmark,
2022-11-04,NIFTY50,120.3212866558168,Benchmark,
2022-11-07,NIFTY50,120.02756564275943,Benchmark,
2022-11-08,NIFTY50,120.00995838857071,Benchmark,
2022-11-09,NIFTY50,120.37976789294365,Benchmark,
2022-11-10,NIFTY50,121.2435523435659,Benchmark,
2022-11-11,NIFTY50,123.3334419495121,Benchmark,
2022-11-14,NIFTY50,122.86170473663753,Benchmark,
2022-11-15,NIFTY50,124.30086910092706,Benchmark,
2022-11-16,NIFTY50,124.13462918150884,Benchmark,
2022-11-17,NIFTY50,123.78968706535699,Benchmark,
2022-11-18,NIFTY50,123.58726080859633,Benchmark,
2022-11-21,NIFTY50,124.7475102599417,Benchmark,
2022-11-22,NIFTY50,124.22358011500769,Benchmark,
2022-11-23,NIFTY50,124.39142069389763,Benchmark,
2022-11-24,NIFTY50,123.92888727298536,Benchmark,
2022-11-25,NIFTY50,123.55364695969058,Benchmark,
2022-11-28,NIFTY50,124.98738051505826,Benchmark,
2022-11-29,NIFTY50,125.0360291297161,Benchmark,
2022-11-30,NIFTY50,124.41508758751499,Benchmark,
2022-12-01,NIFTY50,124.03270147300725,Benchmark,
2022-12-02,NIFTY50,124.375928596868,Benchmark,
2022-12-05,NIFTY50,124.38198823629658,Benchmark,
2022-12-06,NIFTY50,124.44372795877653,Benchmark,
2022-12-07,NIFTY50,124.19865556037696,Benchmark,
2022-12-08,NIFTY50,125.32471949871957,Benchmark,
2022-12-09,NIFTY50,125.97778856317412,Benchmark,
2022-12-12,NIFTY50,125.80617500124376,Benchmark,
2022-12-13,NIFTY50,126.00008346295857,Benchmark,
2022-12-14,NIFTY50,125.22187712766271,Benchmark,
2022-12-15,NIFTY50,125.2058705329457,Benchmark,
2022-12-16,NIFTY50,124.55937560560706,Benchmark,
2022-12-19,NIFTY50,124.81845377438403,Benchmark,
2022-12-20,NIFTY50,124.77214898252409,Benchmark,
2022-12-21,NIFTY50,124.58555782125136,Benchmark,
2022-12-22,NIFTY50,124.7908423984972,Benchmark,
2022-12-23,NIFTY50,125.15596425727442,Benchmark,
2022-12-26,NIFTY50,126.33868010763334,Benchmark,
2022-12-27,NIFTY50,127.20732370308039,Benchmark,
2022-12-28,NIFTY50,128.26301579107778,Benchmark,
2022-12-29,NIFTY50,127.95471734354595,Benchmark,
2022-12-30,NIFTY50,128.31766687875447,Benchmark,
2023-01-02,NIFTY50,130.21570601373526,Benchmark,
2023-01-03,NIFTY50,130.1744318659292,Benchmark,
2023-01-04,NIFTY50,130.37445713348228,Benchmark,
2023-01-05,NIFTY50,130.58905983550977,Benchmark,
2023-01-06,NIFTY50,130.54006822239376,Benchmark,
2023-01-09,NIFTY50,131.98729305045148,Benchmark,
2023-01-10,NIFTY50,131.57289374650972,Benchmark,
2023-01-11,NIFTY50,132.8049442084429,Benchmark,
2023-01-12,NIFTY50,133.70811631535094,Benchmark,
2023-01-13,NIFTY50,133.70525799486575,Benchmark,
2023-01-16,NIFTY50,133.31938472936605,Benchmark,
2023-01-17,NIFTY50,133.34716760448205,Benchmark,
2023-01-18,NIFTY50,134.68320376566618,Benchmark,
2023-01-19,NIFTY50,135.9409219455563,Benchmark,
2023-01-20,NIFTY50,136.8995454698769,Benchmark,
2023-01-23,NIFTY50,136.86787527890107,Benchmark,
2023-01-24,NIFTY50,136.9819222662599,Benchmark,
2023-01-25,NIFTY50,137.75189663855843,Benchmark,
2023-01-26,NIFTY50,137.55044221076272,Benchmark,
2023-01-27,NIFTY50,138.563145158663,Benchmark,
2023-01-30,NIFTY50,138.80147192071755,Benchmark,
2023-01-31,NIFTY50,140.0255190852922,Benchmark,
2023-02-01,NIFTY50,138.4788818707598,Benchmark,
2023-02-02,NIFTY50,137.8576544965102,Benchmark,
2023-02-03,NIFTY50,137.54775538950668,Benchmark,
2023-02-06,NIFTY50,138.07894566847304,Benchmark,
2023-02-07,NIFTY50,137.72016928117287,Benchmark,
2023-02-08,NIFTY50,140.26790466243568,Benchmark,
2023-02-09,NIFTY50,138.94112945962354,Benchmark,
2023-02-10,NIFTY50,140.1728940895082,Benchmark,
2023-02-13,NIFTY50,141.65962090667117,Benchmark,
2023-02-14,NIFTY50,142.30657316528743,Benchmark,
2023-02-15,NIFTY50,142.00690684562088,Benchmark,
2023-02-16,NIFTY50,142.05223980851588,Benchmark,
2023-02-17,NIFTY50,143.074032215559,Benchmark,
2023-02-20,NIFTY50,141.28049327751654,Benchmark,
2023-02-21,NIFTY50,140.6154764334339,Benchmark,
2023-02-22,NIFTY50,140.0644494103004,Benchmark,
2023-02-23,NIFTY50,140.7575921279572,Benchmark,
2023-02-24,NIFTY50,142.08608232306042,Benchmark,
2023-02-27,NIFTY50,144.4786680683875,Benchmark,
2023-02-28,NIFTY50,142.35745126992367,Benchmark,
2023-03-01,NIFTY50,141.23155883081017,Benchmark,
2023-03-02,NIFTY50,140.9034808055209,Benchmark,
2023-03-03,NIFTY50,141.61411644454705,Benchmark,
2023-03-06,NIFTY50,142.57125364221534,Benchmark,
2023-03-07,NIFTY50,141.26883132993697,Benchmark,
2023-03-08,NIFTY50,141.77241023301647,Benchmark,
2023-03-09,NIFTY50,138.89739715620024,Benchmark,
2023-03-10,NIFTY50,139.29619003029293,Benchmark,
2023-03-13,NIFTY50,139.33271936609358,Benchmark,
2023-03-14,NIFTY50,139.28538557885895,Benchmark,
2023-03-15,NIFTY50,138.90528612073933,Benchmark,
2023-03-16,NIFTY50,138.86938561544545,Benchmark,
2023-03-17,NIFTY50,139.301963837673,Benchmark,
2023-03-20,NIFTY50,141.27660596165666,Benchmark,
2023-03-21,NIFTY50,139.86408114428903,Benchmark,
2023-03-22,NIFTY50,139.61832274897301,Benchmark,
2023-03-23,NIFTY50,140.30489132951394,Benchmark,
2023-03-24,NIFTY50,140.30243317389667,Benchmark,
2023-03-27,NIFTY50,140.5120052318703,Benchmark,
2023-03-28,NIFTY50,139.9052409592757,Benchmark,
2023-03-29,NIFTY50,140.92114522611936,Benchmark,
2023-03-30,NIFTY50,138.5022629323286,Benchmark,
2023-03-31,NIFTY50,137.4463421786924,Benchmark,
2023-04-03,NIFTY50,139.7316265730057,Benchmark,
2023-04-04,NIFTY50,138.39839156589707,Benchmark,
2023-04-05,NIFTY50,137.4790413650429,Benchmark,
2023-04-06,NIFTY50,136.66013254603803,Benchmark,
2023-04-07,NIFTY50,136.12065313766465,Benchmark,
2023-04-10,NIFTY50,136.16398527622002,Benchmark,
2023-04-11,NIFTY50,137.43793871646596,Benchmark,
2023-04-12,NIFTY50,138.0420161678045,Benchmark,
2023-04-13,NIFTY50,137.84101907128644,Benchmark,
2023-04-14,NIFTY50,139.89626583295225,Benchmark,
2023-04-17,NIFTY50,139.4854680128218,Benchmark,
2023-04-18,NIFTY50,139.61775108487606,Benchmark,
2023-04-19,NIFTY50,139.82074900573375,Benchmark,
2023-04-20,NIFTY50,140.86100616311117,Benchmark,
2023-04-21,NIFTY50,139.6058604716577,Benchmark,
2023-04-24,NIFTY50,138.50620741459818,Benchmark,
2023-04-25,NIFTY50,139.64610562408907,Benchmark,
2023-04-26,NIFTY50,141.76966624535078,Benchmark,
2023-04-27,NIFTY50,141.4148915067299,Benchmark,
2023-04-28,NIFTY50,140.0279772409095,Benchmark,
2023-05-01,NIFTY50,138.73595921519723,Benchmark,
2023-05-02,NIFTY50,139.98487376799295,Benchmark,
2023-05-03,NIFTY50,138.13050977002578,Benchmark,
2023-05-04,NIFTY50,138.2685666494601,Benchmark,
2023-05-05,NIFTY50,138.13491158357297,Benchmark,
2023-05-08,NIFTY50,137.43839604774362,Benchmark,
2023-05-09,NIFTY50,136.5407119161671,Benchmark,
2023-05-10,NIFTY50,137.3867176133715,Benchmark,
2023-05-11,NIFTY50,138.3300205398915,Benchmark,
2023-05-12,NIFTY50,139.72528110152862,Benchmark,
2023-05-15,NIFTY50,140.34736597192378,Benchmark,
2023-05-16,NIFTY50,140.42293996555205,Benchmark,
2023-05-17,NIFTY50,140.67778782001093,Benchmark,
2023-05-18,NIFTY50,141.89143069801955,Benchmark,
2023-05-19,NIFTY50,139.98778925488782,Benchmark,
2023-05-22,NIFTY50,140.5645983287977,Benchmark,
2023-05-23,NIFTY50,139.9671521809848,Benchmark,
2023-05-24,NIFTY50,140.4658147728298,Benchmark,
2023-05-25,NIFTY50,139.35169861411526,Benchmark,
2023-05-26,NIFTY50,140.3920129379024,Benchmark,
2023-05-29,NIFTY50,141.13637675865368,Benchmark,
2023-05-30,NIFTY50,140.39024077920158,Benchmark,
2023-05-31,NIFTY50,139.92090455553458,Benchmark,
2023-06-01,NIFTY50,139.34821146312333,Benchmark,
2023-06-02,NIFTY50,139.4799228710806,Benchmark,
2023-06-05,NIFTY50,141.88531389218127,Benchmark,
2023-06-06,NIFTY50,139.85550618283358,Benchmark,
2023-06-07,NIFTY50,140.29580187037115,Benchmark,
2023-06-08,NIFTY50,140.8586623403133,Benchmark,
2023-06-09,NIFTY50,140.31432378711511,Benchmark,
2023-06-12,NIFTY50,138.4703069093043,Benchmark,
2023-06-13,NIFTY50,138.30841163702354,Benchmark,
2023-06-14,NIFTY50,137.00141601196887,Benchmark,
2023-06-15,NIFTY50,137.69267223810547,Benchmark,
2023-06-16,NIFTY50,136.20800341169186,Benchmark,
2023-06-19,NIFTY50,136.21703570442503,Benchmark,
2023-06-20,NIFTY50,135.42430910106444,Benchmark,
2023-06-21,NIFTY50,136.73387721455578,Benchmark,
2023-06-22,NIFTY50,138.5689761324528,Benchmark,
2023-06-23,NIFTY50,138.22792133216078,Benchmark,
2023-06-26,NIFTY50,137.1084886973438,Benchmark,
2023-06-27,NIFTY50,139.06552356713874,Benchmark,
2023-06-28,NIFTY50,138.97651546723014,Benchmark,
2023-06-29,NIFTY50,139.40086172646036,Benchmark,
2023-06-30,NIFTY50,139.32877488382408,Benchmark,
2023-07-03,NIFTY50,139.16064847288564,Benchmark,
2023-07-04,NIFTY50,138.66610186253928,Benchmark,
2023-07-05,NIFTY50,136.60256597146645,Benchmark,
2023-07-06,NIFTY50,138.66021372233982,Benchmark,
2023-07-07,NIFTY50,138.95136224696054,Benchmark,
2023-07-10,NIFTY50,138.92477986644835,Benchmark,
2023-07-11,NIFTY50,140.05141546888797,Benchmark,
2023-07-12,NIFTY50,139.47757904828268,Benchmark,
2023-07-13,NIFTY50,139.96709501457508,Benchmark,
2023-07-14,NIFTY50,139.15401716936,Benchmark,
2023-07-17,NIFTY50,138.82748263713273,Benchmark,
2023-07-18,NIFTY50,139.5599558446657,Benchmark,
2023-07-19,NIFTY50,139.94108429815998,Benchmark,
2023-07-20,NIFTY50,139.6343865100999,Benchmark,
2023-07-21,NIFTY50,140.53961660775727,Benchmark,
2023-07-24,NIFTY50,139.7144766500947,Benchmark,
2023-07-25,NIFTY50,138.73836020440478,Benchmark,
2023-07-26,NIFTY50,138.2908615492446,Benchmark,
2023-07-27,NIFTY50,138.09592409215514,Benchmark,
2023-07-28,NIFTY50,137.78608215156132,Benchmark,
2023-07-31,NIFTY50,137.37059668583515,Benchmark,
2023-08-01,NIFTY50,138.45687280302403,Benchmark,
2023-08-02,NIFTY50,140.23909279194518,Benchmark,
2023-08-03,NIFTY50,140.15597283223605,Benchmark,
2023-08-04,NIFTY50,140.90405246961808,Benchmark,
2023-08-07,NIFTY50,140.1250458045864,Benchmark,
2023-08-08,NIFTY50,140.08308565986388,Benchmark,
2023-08-09,NIFTY50,140.68276129765525,Benchmark,
2023-08-10,NIFTY50,139.78359083942644,Benchmark,
2023-08-11,NIFTY50,140.7116875009653,Benchmark,
2023-08-14,NIFTY50,139.94297078968023,Benchmark,
2023-08-15,NIFTY50,141.1855398709989,Benchmark,
2023-08-16,NIFTY50,142.23894530260816,Benchmark,
2023-08-17,NIFTY50,143.6127684606064,Benchmark,
2023-08-18,NIFTY50,144.89089504876068,Benchmark,
2023-08-21,NIFTY50,147.27244767701498,Benchmark,
2023-08-22,NIFTY50,147.95615793707069,Benchmark,
2023-08-23,NIFTY50,146.2832401235029,Benchmark,
2023-08-24,NIFTY50,146.50744678236066,Benchmark,
2023-08-25,NIFTY50,146.02890676673135,Benchmark,
2023-08-28,NIFTY50,144.4746664197084,Benchmark,
2023-08-29,NIFTY50,146.06509310407378,Benchmark,
2023-08-30,NIFTY50,145.7686852697603,Benchmark,
2023-08-31,NIFTY50,144.06861341158333,Benchmark,
2023-09-01,NIFTY50,143.37815751518258,Benchmark,
2023-09-04,NIFTY50,146.13209213624648,Benchmark,
2023-09-05,NIFTY50,147.84805625632106,Benchmark,
2023-09-06,NIFTY50,148.80473612271172,Benchmark,
2023-09-07,NIFTY50,149.64662583841746,Benchmark,
2023-09-08,NIFTY50,148.61437197839854,Benchmark,
2023-09-11,NIFTY50,147.4981978289347,Benchmark,
2023-09-12,NIFTY50,148.2443338083868,Benchmark,
2023-09-13,NIFTY50,150.256877262004,Benchmark,
2023-09-14,NIFTY50,149.0823362082327,Benchmark,
2023-09-15,NIFTY50,149.0354597522757,Benchmark,
2023-09-18,NIFTY50,149.39274981292354,Benchmark,
2023-09-19,NIFTY50,148.87573680356368,Benchmark,
2023-09-20,NIFTY50,148.7323062816172,Benchmark,
2023-09-21,NIFTY50,147.55502124018017,Benchmark,
2023-09-22,NIFTY50,147.99903274434843,Benchmark,
2023-09-25,NIFTY50,148.27857648779928,Benchmark,
2023-09-26,NIFTY50,149.0997719631923,Benchmark,
2023-09-27,NIFTY50,148.92158426414602,Benchmark,
2023-09-28,NIFTY50,149.86477285784662,Benchmark,
2023-09-29,NIFTY50,150.3526309982576,Benchmark,
2023-10-02,NIFTY50,151.9537478012376,Benchmark,
2023-10-03,NIFTY50,151.69661329039056,Benchmark,
2023-10-04,NIFTY50,152.94518484472812,Benchmark,
2023-10-05,NIFTY50,152.73732777904564,Benchmark,
2023-10-06,NIFTY50,153.61506083363554,Benchmark,
2023-10-09,NIFTY50,155.3694979474407,Benchmark,
2023-10-10,NIFTY50,156.94631902629664,Benchmark,
2023-10-11,NIFTY50,156.75915620092684,Benchmark,
2023-10-12,NIFTY50,156.16016656005195,Benchmark,
2023-10-13,NIFTY50,157.48196828521986,Benchmark,
2023-10-16,NIFTY50,156.97295857321853,Benchmark,
2023-10-17,NIFTY50,158.32597315808462,Benchmark,
2023-10-18,NIFTY50,156.8587400866306,Benchmark,
2023-10-19,NIFTY50,157.54347934206098,Benchmark,
2023-10-20,NIFTY50,157.14394330464214,Benchmark,
2023-10-23,NIFTY50,155.08841071092783,Benchmark,
2023-10-24,NIFTY50,154.18180861943756,Benchmark,
2023-10-25,NIFTY50,153.76712348344722,Benchmark,
2023-10-26,NIFTY50,156.284389168338,Benchmark,
2023-10-27,NIFTY50,152.56965869938477,Benchmark,
2023-10-30,NIFTY50,152.22671740757255,Benchmark,
2023-10-31,NIFTY50,151.86468253491933,Benchmark,
2023-11-01,NIFTY50,150.7347884471266,Benchmark,
2023-11-02,NIFTY50,150.32804944208507,Benchmark,
2023-11-03,NIFTY50,150.2176039385376,Benchmark,
2023-11-06,NIFTY50,149.46683747989948,Benchmark,
2023-11-07,NIFTY50,149.97630452317847,Benchmark,
2023-11-08,NIFTY50,152.00399707536712,Benchmark,
2023-11-09,NIFTY50,152.0146871939817,Benchmark,
2023-11-10,NIFTY50,151.23436570152683,Benchmark,
2023-11-13,NIFTY50,151.17028215624904,Benchmark,
2023-11-14,NIFTY50,150.81196310022654,Benchmark,
2023-11-15,NIFTY50,152.24506782508746,Benchmark,
2023-11-16,NIFTY50,151.73960243048776,Benchmark,
2023-11-17,NIFTY50,152.41908237622542,Benchmark,
2023-11-20,NIFTY50,152.85286109305676,Benchmark,
2023-11-21,NIFTY50,153.05940333131608,Benchmark,
2023-11-22,NIFTY50,151.71410621175994,Benchmark,
2023-11-23,NIFTY50,151.02473647714356,Benchmark,
2023-11-24,NIFTY50,150.86135487821053,Benchmark,
2023-11-27,NIFTY50,149.46872397141976,Benchmark,
2023-11-28,NIFTY50,148.34494668946533,Benchmark,
2023-11-29,NIFTY50,147.83359315466612,Benchmark,
2023-11-30,NIFTY50,148.31859297459195,Benchmark,
2023-12-01,NIFTY50,150.11035975393364,Benchmark,
2023-12-04,NIFTY50,150.5108676203174,Benchmark,
2023-12-05,NIFTY50,150.7391902606738,Benchmark,
2023-12-06,NIFTY50,150.897141050685,Benchmark,
2023-12-07,NIFTY50,150.5479686202151,Benchmark,
2023-12-08,NIFTY50,150.50217832604244,Benchmark,
2023-12-11,NIFTY50,151.27015187400136,Benchmark,
2023-12-12,NIFTY50,152.519466591665,Benchmark,
2023-12-13,NIFTY50,149.5728240034901,Benchmark,
2023-12-14,NIFTY50,150.53087586371365,Benchmark,
2023-12-15,NIFTY50,150.23972733909295,Benchmark,
2023-12-18,NIFTY50,150.92126527557994,Benchmark,
2023-12-19,NIFTY50,151.43947877954358,Benchmark,
2023-12-20,NIFTY50,151.34824118965653,Benchmark,
2023-12-21,NIFTY50,152.0735114295668,Benchmark,
2023-12-22,NIFTY50,152.50174500465687,Benchmark,
2023-12-25,NIFTY50,152.52729838979437,Benchmark,
2023-12-26,NIFTY50,152.46338634374567,Benchmark,
2023-12-27,NIFTY50,151.3077673715863,Benchmark,
2023-12-28,NIFTY50,151.39757580123072,Benchmark,
2023-12-29,NIFTY50,149.0202534872945,Benchmark,
2024-01-01,NIFTY50,149.44311341987247,Benchmark,
2024-01-02,NIFTY50,150.43432179772412,Benchmark,
2024-01-03,NIFTY50,148.73093428778432,Benchmark,
2024-01-04,NIFTY50,148.46476748420412,Benchmark,
2024-01-05,NIFTY50,150.27219785980458,Benchmark,
2024-01-08,NIFTY50,153.05540168263673,Benchmark,
2024-01-09,NIFTY50,153.00721039925656,Benchmark,
2024-01-10,NIFTY50,153.15841555292272,Benchmark,
2024-01-11,NIFTY50,153.14189446051836,Benchmark,
2024-01-12,NIFTY50,153.4038309497805,Benchmark,
2024-01-15,NIFTY50,155.03770410552067,Benchmark,
2024-01-16,NIFTY50,155.11585058758558,Benchmark,
2024-01-17,NIFTY50,153.4565383795273,Benchmark,
2024-01-18,NIFTY50,153.8532732628707,Benchmark,
2024-01-19,NIFTY50,153.44218961069168,Benchmark,
2024-01-22,NIFTY50,152.11375658199816,Benchmark,
2024-01-23,NIFTY50,150.79727133293267,Benchmark,
2024-01-24,NIFTY50,150.73318778765488,Benchmark,
2024-01-25,NIFTY50,151.5810228099698,Benchmark,
2024-01-26,NIFTY50,152.36414545650015,Benchmark,
2024-01-29,NIFTY50,153.94936999758252,Benchmark,
2024-01-30,NIFTY50,153.07095094607618,Benchmark,
2024-01-31,NIFTY50,152.680733033439,Benchmark,
2024-02-01,NIFTY50,153.5504627906704,Benchmark,
2024-02-02,NIFTY50,154.53303904065686,Benchmark,
2024-02-05,NIFTY50,153.9484553350273,Benchmark,
2024-02-06,NIFTY50,153.15772955600633,Benchmark,
2024-02-07,NIFTY50,153.82308939854715,Benchmark,
2024-02-08,NIFTY50,155.00849207016216,Benchmark,
2024-02-09,NIFTY50,154.7809697595416,Benchmark,
2024-02-12,NIFTY50,155.43844063754332,Benchmark,
2024-02-13,NIFTY50,155.5160726219209,Benchmark,
2024-02-14,NIFTY50,154.76210484433938,Benchmark,
2024-02-15,NIFTY50,155.77092047637979,Benchmark,
2024-02-16,NIFTY50,155.5552316125679,Benchmark,
2024-02-19,NIFTY50,153.7096712416951,Benchmark,
2024-02-20,NIFTY50,152.95638946103003,Benchmark,
2024-02-21,NIFTY50,150.23658318655922,Benchmark,
2024-02-22,NIFTY50,153.67359923717208,Benchmark,
2024-02-23,NIFTY50,155.39127834953783,Benchmark,
2024-02-26,NIFTY50,153.79439186087595,Benchmark,
2024-02-27,NIFTY50,153.1262308642596,Benchmark,
2024-02-28,NIFTY50,153.48174876620666,Benchmark,
2024-02-29,NIFTY50,155.57947017028226,Benchmark,
2024-03-01,NIFTY50,156.57948217522832,Benchmark,
2024-03-04,NIFTY50,156.93757256561202,Benchmark,
2024-03-05,NIFTY50,156.25752095577732,Benchmark,
2024-03-06,NIFTY50,156.9454615301511,Benchmark,
2024-03-07,NIFTY50,157.58441049140887,Benchmark,
2024-03-08,NIFTY50,157.7037739548701,Benchmark,
2024-03-11,NIFTY50,157.6759339133444,Benchmark,
2024-03-12,NIFTY50,157.17452733383365,Benchmark,
2024-03-13,NIFTY50,158.9153016757197,Benchmark,
2024-03-14,NIFTY50,156.80374600049575,Benchmark,
2024-03-15,NIFTY50,157.27531171414117,Benchmark,
2024-03-18,NIFTY50,157.37186578013063,Benchmark,
2024-03-19,NIFTY50,154.92903076067404,Benchmark,
2024-03-20,NIFTY50,154.5234350838266,Benchmark,
2024-03-21,NIFTY50,153.31225036143528,Benchmark,
2024-03-22,NIFTY50,152.09369117219217,Benchmark,
2024-03-25,NIFTY50,151.1932058865402,Benchmark,
2024-03-26,NIFTY50,152.81541709470082,Benchmark,
2024-03-27,NIFTY50,152.8140451008679,Benchmark,
2024-03-28,NIFTY50,153.8225749008598,Benchmark,
2024-03-29,NIFTY50,152.38809818216598,Benchmark,
2024-04-01,NIFTY50,151.6893531563582,Benchmark,
2024-04-02,NIFTY50,151.2339655366589,Benchmark,
2024-04-03,NIFTY50,151.50413398891837,Benchmark,
2024-04-04,NIFTY50,152.2378076910551,Benchmark,
2024-04-05,NIFTY50,152.6485483447759,Benchmark,
2024-04-08,NIFTY50,151.71462070944725,Benchmark,
2024-04-09,NIFTY50,152.7097735695685,Benchmark,
2024-04-10,NIFTY50,152.02211882724325,Benchmark,
2024-04-11,NIFTY50,152.4265140094869,Benchmark,
2024-04-12,NIFTY50,150.79275518656615,Benchmark,
2024-04-15,NIFTY50,150.54865461713152,Benchmark,
2024-04-16,NIFTY50,151.2599190866644,Benchmark,
2024-04-17,NIFTY50,151.45937269012046,Benchmark,
2024-04-18,NIFTY50,150.52001424587002,Benchmark,
2024-04-19,NIFTY50,151.26163407895555,Benchmark,
2024-04-22,NIFTY50,150.37281074088312,Benchmark,
2024-04-23,NIFTY50,148.30687386060268,Benchmark,
2024-04-24,NIFTY50,149.63810804337172,Benchmark,
2024-04-25,NIFTY50,148.48414689709372,Benchmark,
2024-04-26,NIFTY50,149.51817291581344,Benchmark,
2024-04-29,NIFTY50,149.29933989946784,Benchmark,
2024-04-30,NIFTY50,150.16215252112514,Benchmark,
2024-05-01,NIFTY50,149.27087102743545,Benchmark,
2024-05-02,NIFTY50,150.39121832480768,Benchmark,
2024-05-03,NIFTY50,149.79262884880072,Benchmark,
2024-05-06,NIFTY50,149.52834853674074,Benchmark,
2024-05-07,NIFTY50,146.98198514931082,Benchmark,
2024-05-08,NIFTY50,145.11361538096625,Benchmark,
2024-05-09,NIFTY50,146.08687350617097,Benchmark,
2024-05-10,NIFTY50,145.36080293652486,Benchmark,
2024-05-13,NIFTY50,143.11256237569953,Benchmark,
2024-05-14,NIFTY50,142.45086118337971,Benchmark,
2024-05-15,NIFTY50,143.1482913817643,Benchmark,
2024-05-16,NIFTY50,141.8200870187096,Benchmark,
2024-05-17,NIFTY50,143.0967844466213,Benchmark,
2024-05-20,NIFTY50,142.52066136962787,Benchmark,
2024-05-21,NIFTY50,142.139647248953,Benchmark,
2024-05-22,NIFTY50,141.30770448853568,Benchmark,
2024-05-23,NIFTY50,139.21518522774306,Benchmark,
2024-05-24,NIFTY50,138.927581020524,Benchmark,
2024-05-27,NIFTY50,138.88293405454544,Benchmark,
2024-05-28,NIFTY50,139.35730092226638,Benchmark,
2024-05-29,NIFTY50,138.5305031387224,Benchmark,
2024-05-30,NIFTY50,136.73101889407073,Benchmark,
2024-05-31,NIFTY50,138.70606118292233,Benchmark,
2024-06-03,NIFTY50,138.95416340103617,Benchmark,
2024-06-04,NIFTY50,138.90728694507916,Benchmark,
2024-06-05,NIFTY50,140.14882703102316,Benchmark,
2024-06-06,NIFTY50,139.073412531678,Benchmark,
2024-06-07,NIFTY50,137.82152532557768,Benchmark,
2024-06-10,NIFTY50,138.574749939833,Benchmark,
2024-06-11,NIFTY50,140.6657257075636,Benchmark,
2024-06-12,NIFTY50,139.08353098619554,Benchmark,
2024-06-13,NIFTY50,139.0752418567885,Benchmark,
2024-06-14,NIFTY50,139.48752600357125,Benchmark,
2024-06-17,NIFTY50,140.01785878639208,Benchmark,
2024-06-18,NIFTY50,139.67514616021867,Benchmark,
2024-06-19,NIFTY50,138.63769015691673,Benchmark,
2024-06-20,NIFTY50,136.31353260400493,Benchmark,
2024-06-21,NIFTY50,138.58349640051765,Benchmark,
2024-06-24,NIFTY50,140.4157369979295,Benchmark,
2024-06-25,NIFTY50,139.6545090863156,Benchmark,
2024-06-26,NIFTY50,139.67171617563642,Benchmark,
2024-06-27,NIFTY50,138.97131332394724,Benchmark,
2024-06-28,NIFTY50,138.6252278796013,Benchmark,
2024-07-01,NIFTY50,138.45567230842028,Benchmark,
2024-07-02,NIFTY50,137.07767600251367,Benchmark,
2024-07-03,NIFTY50,136.9894682323409,Benchmark,
2024-07-04,NIFTY50,137.11020368963506,Benchmark,
2024-07-05,NIFTY50,135.2749904389186,Benchmark,
2024-07-08,NIFTY50,134.47288854436664,Benchmark,
2024-07-09,NIFTY50,132.92716599238946,Benchmark,
2024-07-10,NIFTY50,131.78515262573958,Benchmark,
2024-07-11,NIFTY50,131.52304463724832,Benchmark,
2024-07-12,NIFTY50,131.3509165776306,Benchmark,
2024-07-15,NIFTY50,131.18724914664907,Benchmark,
2024-07-16,NIFTY50,133.45052447322647,Benchmark,
2024-07-17,NIFTY50,133.79055027814383,Benchmark,
2024-07-18,NIFTY50,134.2136960427703,Benchmark,
2024-07-19,NIFTY50,134.34603628123423,Benchmark,
2024-07-22,NIFTY50,132.7724736877314,Benchmark,
2024-07-23,NIFTY50,132.64299176975263,Benchmark,
2024-07-24,NIFTY50,132.65345322272842,Benchmark,
2024-07-25,NIFTY50,133.46327258259038,Benchmark,
2024-07-26,NIFTY50,132.26346397573008,Benchmark,
2024-07-29,NIFTY50,131.6571570344131,Benchmark,
2024-07-30,NIFTY50,130.49770791280355,Benchmark,
2024-07-31,NIFTY50,129.7927889147478,Benchmark,
2024-08-01,NIFTY50,129.48569096181976,Benchmark,
2024-08-02,NIFTY50,128.23014510549837,Benchmark,
2024-08-05,NIFTY50,129.10907865469207,Benchmark,
2024-08-06,NIFTY50,128.07819678850606,Benchmark,
2024-08-07,NIFTY50,128.81181332423307,Benchmark,
2024-08-08,NIFTY50,128.3507662299731,Benchmark,
2024-08-09,NIFTY50,127.86708123747049,Benchmark,
2024-08-12,NIFTY50,128.77785647686912,Benchmark,
2024-08-13,NIFTY50,129.46533971996527,Benchmark,
2024-08-14,NIFTY50,129.97303460454347,Benchmark,
2024-08-15,NIFTY50,128.16977737685136,Benchmark,
2024-08-16,NIFTY50,129.48614829309744,Benchmark,
2024-08-19,NIFTY50,131.0796047971771,Benchmark,
2024-08-20,NIFTY50,130.8244711106697,Benchmark,
2024-08-21,NIFTY50,129.82274411343252,Benchmark,
2024-08-22,NIFTY50,128.56754125556938,Benchmark,
2024-08-23,NIFTY50,128.27599256608073,Benchmark,
2024-08-26,NIFTY50,127.15827492355487,Benchmark,
2024-08-27,NIFTY50,126.95207568375379,Benchmark,
2024-08-28,NIFTY50,126.39796167449626,Benchmark,
2024-08-29,NIFTY50,125.04511858885927,Benchmark,
2024-08-30,NIFTY50,124.37941574786021,Benchmark,
2024-09-02,NIFTY50,124.49117607883085,Benchmark,
2024-09-03,NIFTY50,123.58783247269369,Benchmark,
2024-09-04,NIFTY50,123.25546696667664,Benchmark,
2024-09-05,NIFTY50,124.18539295332603,Benchmark,
2024-09-06,NIFTY50,123.4472031048227,Benchmark,
2024-09-09,NIFTY50,122.53619919978527,Benchmark,
2024-09-10,NIFTY50,122.6816877124811,Benchmark,
2024-09-11,NIFTY50,123.87978132705028,Benchmark,
2024-09-12,NIFTY50,124.34477290357981,Benchmark,
2024-09-13,NIFTY50,123.68815952172363,Benchmark,
2024-09-16,NIFTY50,123.03160330627716,Benchmark,
2024-09-17,NIFTY50,122.56592573283118,Benchmark,
2024-09-18,NIFTY50,122.2612287691107,Benchmark,
2024-09-19,NIFTY50,124.81216546931691,Benchmark,
2024-09-20,NIFTY50,124.96611461064886,Benchmark,
2024-09-23,NIFTY50,126.86969888737087,Benchmark,
2024-09-24,NIFTY50,127.78493310672641,Benchmark,
2024-09-25,NIFTY50,125.22239162535034,Benchmark,
2024-09-26,NIFTY50,124.75665688549465,Benchmark,
2024-09-27,NIFTY50,124.74185078538143,Benchmark,
2024-09-30,NIFTY50,124.96760093730114,Benchmark,
2024-10-01,NIFTY50,125.09228087686482,Benchmark,
2024-10-02,NIFTY50,123.39558183686033,Benchmark,
2024-10-03,NIFTY50,121.68356219905523,Benchmark,
2024-10-04,NIFTY50,121.69408081844071,Benchmark,
2024-10-07,NIFTY50,121.3450227207902,Benchmark,
2024-10-08,NIFTY50,122.67242675410908,Benchmark,
2024-10-09,NIFTY50,122.73325181403378,Benchmark,
2024-10-10,NIFTY50,123.56462291035403,Benchmark,
2024-10-11,NIFTY50,124.28023202702438,Benchmark,
2024-10-14,NIFTY50,124.2665120886955,Benchmark,
2024-10-15,NIFTY50,125.45237209158813,Benchmark,
2024-10-16,NIFTY50,125.03322797564094,Benchmark,
2024-10-17,NIFTY50,125.03637212817462,Benchmark,
2024-10-18,NIFTY50,125.16402472104289,Benchmark,
2024-10-21,NIFTY50,124.35740668012431,Benchmark,
2024-10-22,NIFTY50,123.23843137658497,Benchmark,
2024-10-23,NIFTY50,122.00123593777845,Benchmark,
2024-10-24,NIFTY50,121.0163158649942,Benchmark,
2024-10-25,NIFTY50,120.93742621960315,Benchmark,
2024-10-28,NIFTY50,121.2979747656041,Benchmark,
2024-10-29,NIFTY50,120.11005677196212,Benchmark,
2024-10-30,NIFTY50,120.21964477936405,Benchmark,
2024-10-31,NIFTY50,120.02436432381636,Benchmark,
2024-11-01,NIFTY50,120.99676495287552,Benchmark,
2024-11-04,NIFTY50,120.55441127458866,Benchmark,
2024-11-05,NIFTY50,122.18719826854445,Benchmark,
2024-11-06,NIFTY50,123.01016590263826,Benchmark,
2024-11-07,NIFTY50,122.73353764608228,Benchmark,
2024-11-08,NIFTY50,122.24173502340174,Benchmark,
2024-11-11,NIFTY50,123.1903544260242,Benchmark,
2024-11-12,NIFTY50,122.91201117717712,Benchmark,
2024-11-13,NIFTY50,123.0088510752151,Benchmark,
2024-11-14,NIFTY50,122.55340628910606,Benchmark,
2024-11-15,NIFTY50,122.05417203316406,Benchmark,
2024-11-18,NIFTY50,120.89518024283214,Benchmark,
2024-11-19,NIFTY50,122.31622285524561,Benchmark,
2024-11-20,NIFTY50,121.97911253722316,Benchmark,
2024-11-21,NIFTY50,122.17176333792447,Benchmark,
2024-11-22,NIFTY50,122.72256169541917,Benchmark,
2024-11-25,NIFTY50,124.15286526620464,Benchmark,
2024-11-26,NIFTY50,123.64477021675854,Benchmark,
2024-11-27,NIFTY50,121.39235650802485,Benchmark,
2024-11-28,NIFTY50,121.54064617479614,Benchmark,
2024-11-29,NIFTY50,122.09658950916418,Benchmark,
2024-12-02,NIFTY50,121.6148481745915,Benchmark,
2024-12-03,NIFTY50,122.2202404533532,Benchmark,
2024-12-04,NIFTY50,122.27900752252853,Benchmark,
2024-12-05,NIFTY50,121.98574384074878,Benchmark,
2024-12-06,NIFTY50,123.37654542242902,Benchmark,
2024-12-09,NIFTY50,123.11157911345259,Benchmark,
2024-12-10,NIFTY50,124.85292511943562,Benchmark,
2024-12-11,NIFTY50,124.94616353366229,Benchmark,
2024-12-12,NIFTY50,124.157038414113,Benchmark,
2024-12-13,NIFTY50,122.29261312803798,Benchmark,
2024-12-16,NIFTY50,123.54987397665049,Benchmark,
2024-12-17,NIFTY50,124.57881218490661,Benchmark,
2024-12-18,NIFTY50,125.45282942286578,Benchmark,
2024-12-19,NIFTY50,126.83985802150556,Benchmark,
2024-12-20,NIFTY50,128.7815151270902,Benchmark,
2024-12-23,NIFTY50,126.60518990967205,Benchmark,
2024-12-24,NIFTY50,124.84286383132776,Benchmark,
2024-12-25,NIFTY50,124.61511285506839,Benchmark,
2024-12-26,NIFTY50,125.67755057941083,Benchmark,
2024-12-27,NIFTY50,126.0350693056975,Benchmark,
2024-12-30,NIFTY50,126.39578935092759,Benchmark,
2024-12-31,NIFTY50,125.9955673165923,Benchmark,
2025-01-01,NIFTY50,125.18506195981386,Benchmark,
2025-01-02,NIFTY50,125.14493114020189,Benchmark,
2025-01-03,NIFTY50,124.9438768772741,Benchmark,
2025-01-06,NIFTY50,124.54422650703584,Benchmark,
2025-01-07,NIFTY50,125.2470875143423,Benchmark,
2025-01-08,NIFTY50,125.29653645873597,Benchmark,
2025-01-09,NIFTY50,125.81109131247857,Benchmark,
2025-01-10,NIFTY50,125.75592572711454,Benchmark,
2025-01-13,NIFTY50,126.52498543685782,Benchmark,
2025-01-14,NIFTY50,125.44556928883341,Benchmark,
2025-01-15,NIFTY50,124.06014134966532,Benchmark,
2025-01-16,NIFTY50,123.77733912086133,Benchmark,
2025-01-17,NIFTY50,124.61408385969372,Benchmark,
2025-01-20,NIFTY50,124.30412758628049,Benchmark,
2025-01-21,NIFTY50,126.45215543089535,Benchmark,
2025-01-22,NIFTY50,125.46106138586308,Benchmark,
2025-01-23,NIFTY50,125.32191834464439,Benchmark,
2025-01-24,NIFTY50,123.51002898908703,Benchmark,
2025-01-27,NIFTY50,125.07347312807231,Benchmark,
2025-01-28,NIFTY50,125.00967541484303,Benchmark,
2025-01-29,NIFTY50,122.68117321479373,Benchmark,
2025-01-30,NIFTY50,122.42266671011379,Benchmark,
2025-01-31,NIFTY50,119.92718142732014,Benchmark,
2025-02-03,NIFTY50,121.18838675820216,Benchmark,
2025-02-04,NIFTY50,120.34495354943442,Benchmark,
2025-02-05,NIFTY50,120.44230794515975,Benchmark,
2025-02-06,NIFTY50,119.77111712882915,Benchmark,
2025-02-07,NIFTY50,119.63208842042985,Benchmark,
2025-02-10,NIFTY50,120.4791231130089,Benchmark,
2025-02-11,NIFTY50,120.13703931734223,Benchmark,
2025-02-12,NIFTY50,120.74403225557563,Benchmark,
2025-02-13,NIFTY50,118.05035103033939,Benchmark,
2025-02-14,NIFTY50,116.88169811676757,Benchmark,
2025-02-17,NIFTY50,116.98739880830964,Benchmark,
2025-02-18,NIFTY50,116.356338811591,Benchmark,
2025-02-19,NIFTY50,117.53625350787445,Benchmark,
2025-02-20,NIFTY50,118.40095262105194,Benchmark,
2025-02-21,NIFTY50,119.78735238918499,Benchmark,
2025-02-24,NIFTY50,119.94113003128778,Benchmark,
2025-02-25,NIFTY50,119.26988204854747,Benchmark,
2025-02-26,NIFTY50,119.92666692963276,Benchmark,
2025-02-27,NIFTY50,118.95192247777572,Benchmark,
2025-02-28,NIFTY50,118.7259436602172,Benchmark,
2025-03-03,NIFTY50,119.18018795172244,Benchmark,
2025-03-04,NIFTY50,118.55027128319789,Benchmark,
2025-03-05,NIFTY50,120.94977416409911,Benchmark,
2025-03-06,NIFTY50,121.72369301866716,Benchmark,
2025-03-07,NIFTY50,120.86836919668107,Benchmark,
2025-03-10,NIFTY50,121.87849965614468,Benchmark,
2025-03-11,NIFTY50,123.57811418304405,Benchmark,
2025-03-12,NIFTY50,122.11939890663588,Benchmark,
2025-03-13,NIFTY50,123.4647531926017,Benchmark,
2025-03-14,NIFTY50,122.25356847021035,Benchmark,
2025-03-17,NIFTY50,122.30307458101375,Benchmark,
2025-03-18,NIFTY50,122.53677086388228,Benchmark,
2025-03-19,NIFTY50,121.93543740020954,Benchmark,
2025-03-20,NIFTY50,121.33381810448824,Benchmark,
2025-03-21,NIFTY50,120.54360682315462,Benchmark,
2025-03-24,NIFTY50,120.06861112492695,Benchmark,
2025-03-25,NIFTY50,119.15183341250943,Benchmark,
2025-03-26,NIFTY50,120.30013508422674,Benchmark,
2025-03-27,NIFTY50,118.916765135808,Benchmark,
2025-03-28,NIFTY50,120.73802978255674,Benchmark,
2025-03-31,NIFTY50,120.66354195071287,Benchmark,
2025-04-01,NIFTY50,118.66774825513886,Benchmark,
2025-04-02,NIFTY50,119.47802494627848,Benchmark,
2025-04-03,NIFTY50,119.15537772991102,Benchmark,
2025-04-04,NIFTY50,118.05332368364397,Benchmark,
2025-04-07,NIFTY50,117.7798967460314,Benchmark,
2025-04-08,NIFTY50,117.09127017474114,Benchmark,
2025-04-09,NIFTY50,118.38866184296562,Benchmark,
2025-04-10,NIFTY50,117.69020264920636,Benchmark,
2025-04-11,NIFTY50,116.47610243992013,Benchmark,
2025-04-14,NIFTY50,115.85710455564895,Benchmark,
2025-04-15,NIFTY50,114.9739406921372,Benchmark,
2025-04-16,NIFTY50,116.04798319764946,Benchmark,
2025-04-17,NIFTY50,116.29465625552075,Benchmark,
2025-04-18,NIFTY50,114.96102108354418,Benchmark,
2025-04-21,NIFTY50,114.02537845592447,Benchmark,
2025-04-22,NIFTY50,113.66448691146529,Benchmark,
2025-04-23,NIFTY50,112.01557898997305,Benchmark,
2025-04-24,NIFTY50,111.05689829924275,Benchmark,
2025-04-25,NIFTY50,111.40515606715739,Benchmark,
2025-04-28,NIFTY50,113.12683682820239,Benchmark,
2025-04-29,NIFTY50,111.49021968479644,Benchmark,
2025-04-30,NIFTY50,114.06196495813478,Benchmark,
2025-05-01,NIFTY50,114.4671604701143,Benchmark,
2025-05-02,NIFTY50,113.46268948521137,Benchmark,
2025-05-05,NIFTY50,114.94541465369508,Benchmark,
2025-05-06,NIFTY50,115.39485696678523,Benchmark,
2025-05-07,NIFTY50,116.25241027874978,Benchmark,
2025-05-08,NIFTY50,117.09658665084363,Benchmark,
2025-05-09,NIFTY50,118.18852224259318,Benchmark,
2025-05-12,NIFTY50,117.0397060731885,Benchmark,
2025-05-13,NIFTY50,117.87193466565431,Benchmark,
2025-05-14,NIFTY50,117.979636181536,Benchmark,
2025-05-15,NIFTY50,118.59869123221686,Benchmark,
2025-05-16,NIFTY50,118.0007305867166,Benchmark,
2025-05-19,NIFTY50,117.43318247117871,Benchmark,
2025-05-20,NIFTY50,116.93297638627172,Benchmark,
2025-05-21,NIFTY50,117.6913459774004,Benchmark,
2025-05-22,NIFTY50,117.6662499235405,Benchmark,
2025-05-23,NIFTY50,117.20365933621852,Benchmark,
2025-05-26,NIFTY50,116.93612053880543,Benchmark,
2025-05-27,NIFTY50,118.19629687431281,Benchmark,
2025-05-28,NIFTY50,118.73200329964575,Benchmark,
2025-05-29,NIFTY50,119.23529637067674,Benchmark,
2025-05-30,NIFTY50,119.55256994453202,Benchmark,
2025-06-02,NIFTY50,120.6639992819905,Benchmark,
2025-06-03,NIFTY50,119.68027970380999,Benchmark,
2025-06-04,NIFTY50,120.60917669508471,Benchmark,
2025-06-05,NIFTY50,120.7421457640554,Benchmark,
2025-06-06,NIFTY50,119.8803049713631,Benchmark,
2025-06-09,NIFTY50,119.91849213304515,Benchmark,
2025-06-10,NIFTY50,119.70611892099608,Benchmark,
2025-06-11,NIFTY50,120.09833765797285,Benchmark,
2025-06-12,NIFTY50,121.04495623625566,Benchmark,
2025-06-13,NIFTY50,119.98749198955745,Benchmark,
2025-06-16,NIFTY50,121.74501608948663,Benchmark,
2025-06-17,NIFTY50,120.13806831271687,Benchmark,
2025-06-18,NIFTY50,119.46864965508708,Benchmark,
2025-06-19,NIFTY50,121.47044582367997,Benchmark,
2025-06-20,NIFTY50,120.05935016655494,Benchmark,
2025-06-23,NIFTY50,119.53587735289857,Benchmark,
2025-06-24,NIFTY50,118.83307351200183,Benchmark,
2025-06-25,NIFTY50,116.55699290965077,Benchmark,
2025-06-26,NIFTY50,116.507372466028,Benchmark,
2025-06-27,NIFTY50,116.98739880830962,Benchmark,
2025-06-30,NIFTY50,117.46651048803594,Benchmark,
2025-07-01,NIFTY50,116.9512696373769,Benchmark,
2025-07-02,NIFTY50,115.12217319249874,Benchmark,
2025-07-03,NIFTY50,114.51598058400117,Benchmark,
2025-07-04,NIFTY50,113.7204528265651,Benchmark,
2025-07-07,NIFTY50,114.00502721406988,Benchmark,
2025-07-08,NIFTY50,113.5201417269635,Benchmark,
2025-07-09,NIFTY50,113.9365990216546,Benchmark,
2025-07-10,NIFTY50,112.18827871368772,Benchmark,
2025-07-11,NIFTY50,112.80155995698853,Benchmark,
2025-07-14,NIFTY50,113.30422419751275,Benchmark,
2025-07-15,NIFTY50,112.31381614939693,Benchmark,
2025-07-16,NIFTY50,111.67812567349227,Benchmark,
2025-07-17,NIFTY50,111.40538473279614,Benchmark,
2025-07-18,NIFTY50,112.4184306791546,Benchmark,
2025-07-21,NIFTY50,112.17004262899222,Benchmark,
2025-07-22,NIFTY50,112.5011504739958,Benchmark,
2025-07-23,NIFTY50,112.52155888226001,Benchmark,
2025-07-24,NIFTY50,113.38734415722188,Benchmark,
2025-07-25,NIFTY50,113.56724684855928,Benchmark,
2025-07-28,NIFTY50,112.44215473918162,Benchmark,
2025-07-29,NIFTY50,112.2277235363832,Benchmark,
2025-07-30,NIFTY50,113.1800587556364,Benchmark,
2025-07-31,NIFTY50,113.5099661060362,Benchmark,
2025-08-01,NIFTY50,112.4073975620818,Benchmark,
2025-08-04,NIFTY50,114.08540318611323,Benchmark,
2025-08-05,NIFTY50,113.55084008897434,Benchmark,
2025-08-06,NIFTY50,114.44961038233521,Benchmark,
2025-08-07,NIFTY50,115.81731673449515,Benchmark,
2025-08-08,NIFTY50,116.86374786412055,Benchmark,
2025-08-11,NIFTY50,116.0622176336656,Benchmark,
2025-08-12,NIFTY50,117.14672159215365,Benchmark,
2025-08-13,NIFTY50,117.42174918923793,Benchmark,
2025-08-14,NIFTY50,116.20496215869565,Benchmark,
2025-08-15,NIFTY50,116.17329196771982,Benchmark,
2025-08-18,NIFTY50,115.27669399792768,Benchmark,
2025-08-19,NIFTY50,115.69789610462422,Benchmark,
2025-08-20,NIFTY50,116.49954066789856,Benchmark,
2025-08-21,NIFTY50,117.6313784136212,Benchmark,
2025-08-22,NIFTY50,117.610970005357,Benchmark,
2025-08-25,NIFTY50,116.78342905848692,Benchmark,
2025-08-26,NIFTY50,115.69052163777242,Benchmark,
2025-08-27,NIFTY50,116.38709434001144,Benchmark,
2025-08-28,NIFTY50,117.37190007997631,Benchmark,
2025-08-29,NIFTY50,117.95282513538487,Benchmark,
2025-09-01,NIFTY50,117.18365109282219,Benchmark,
2025-09-02,NIFTY50,116.62456360592044,Benchmark,
2025-09-03,NIFTY50,116.13247515119139,Benchmark,
2025-09-04,NIFTY50,114.76511179748965,Benchmark,
2025-09-05,NIFTY50,115.29270059264469,Benchmark,
2025-09-08,NIFTY50,115.21123845881698,Benchmark,
2025-09-09,NIFTY50,116.6235917769555,Benchmark,
2025-09-10,NIFTY50,115.75203269461353,Benchmark,
2025-09-11,NIFTY50,115.66725490902303,Benchmark,
2025-09-12,NIFTY50,114.54599294909555,Benchmark,
2025-09-15,NIFTY50,114.24221064793034,Benchmark,
2025-09-16,NIFTY50,115.03728107408875,Benchmark,
2025-09-17,NIFTY50,115.14452525869284,Benchmark,
2025-09-18,NIFTY50,114.29063059694933,Benchmark,
2025-09-19,NIFTY50,112.94967812453069,Benchmark,
2025-09-22,NIFTY50,112.69374410828743,Benchmark,
2025-09-23,NIFTY50,112.93738734644442,Benchmark,
2025-09-24,NIFTY50,113.75263751522824,Benchmark,
2025-09-25,NIFTY50,113.11305972346378,Benchmark,
2025-09-26,NIFTY50,112.45364518753209,Benchmark,
2025-09-29,NIFTY50,114.48065174280433,Benchmark,
2025-09-30,NIFTY50,114.51260776582868,Benchmark,
2025-10-01,NIFTY50,115.46534314994979,Benchmark,
2025-10-02,NIFTY50,114.32921792349933,Benchmark,
2025-10-03,NIFTY50,114.68553615518222,Benchmark,
2025-10-06,NIFTY50,115.43595961536211,Benchmark,
2025-10-07,NIFTY50,115.54560478917371,Benchmark,
2025-10-08,NIFTY50,113.9646105624094,Benchmark,
2025-10-09,NIFTY50,113.17428494825639,Benchmark,
2025-10-10,NIFTY50,113.56941917212804,Benchmark,
2025-10-13,NIFTY50,112.14614706973616,Benchmark,
2025-10-14,NIFTY50,114.55119509237863,Benchmark,
2025-10-15,NIFTY50,115.68046034966464,Benchmark,
2025-10-16,NIFTY50,114.31595531644807,Benchmark,
2025-10-17,NIFTY50,114.6165362986699,Benchmark,
2025-10-20,NIFTY50,114.74235956642764,Benchmark,
2025-10-21,NIFTY50,115.8253200318537,Benchmark,
2025-10-22,NIFTY50,113.53506215989614,Benchmark,
2025-10-23,NIFTY50,113.74714953989668,Benchmark,
2025-10-24,NIFTY50,112.68648397425507,Benchmark,
2025-10-27,NIFTY50,113.14604474186277,Benchmark,
2025-10-28,NIFTY50,112.19611051181711,Benchmark,
2025-10-29,NIFTY50,113.51522541572896,Benchmark,
2025-10-30,NIFTY50,113.85719487857624,Benchmark,
2025-10-31,NIFTY50,112.2425296364965,Benchmark,
2025-11-03,NIFTY50,109.97370916817786,Benchmark,
2025-11-04,NIFTY50,110.47597324383416,Benchmark,
2025-11-05,NIFTY50,109.90139365990271,Benchmark,
2025-11-06,NIFTY50,110.47151426387727,Benchmark,
2025-11-07,NIFTY50,109.92860487092166,Benchmark,
2025-11-10,NIFTY50,111.07027523911334,Benchmark,
2025-11-11,NIFTY50,112.04541985583829,Benchmark,
2025-11-12,NIFTY50,112.49600549712251,Benchmark,
2025-11-13,NIFTY50,111.72385880125523,Benchmark,
2025-11-14,NIFTY50,111.24183163463401,Benchmark,
2025-11-17,NIFTY50,111.05901345640173,Benchmark,
2025-11-18,NIFTY50,110.16081482713791,Benchmark,
2025-11-19,NIFTY50,110.81188306725282,Benchmark,
2025-11-20,NIFTY50,110.56926882447051,Benchmark,
2025-11-21,NIFTY50,110.45733699427073,Benchmark,
2025-11-24,NIFTY50,110.04007936984377,Benchmark,
2025-11-25,NIFTY50,110.07626570718617,Benchmark,
2025-11-26,NIFTY50,110.28703825976353,Benchmark,
2025-11-27,NIFTY50,109.84565641044162,Benchmark,
2025-11-28,NIFTY50,109.68524746481316,Benchmark,
2025-12-01,NIFTY50,109.31978260757771,Benchmark,
2025-12-02,NIFTY50,108.95780490133416,Benchmark,
2025-12-03,NIFTY50,109.02806241885996,Benchmark,
2025-12-04,NIFTY50,106.8189236822719,Benchmark,
2025-12-05,NIFTY50,108.1043675708683,Benchmark,
2025-12-08,NIFTY50,108.83375379227725,Benchmark,
2025-12-09,NIFTY50,109.02874841577639,Benchmark,
2025-12-10,NIFTY50,109.83125047519631,Benchmark,
2025-12-11,NIFTY50,108.66945753078892,Benchmark,
2025-12-12,NIFTY50,107.17724273829441,Benchmark,
2025-12-15,NIFTY50,105.5821284083333,Benchmark,
2025-12-16,NIFTY50,106.00744649652852,Benchmark,
2025-12-17,NIFTY50,106.18066071793058,Benchmark,
2025-12-18,NIFTY50,106.54458208210404,Benchmark,
2025-12-19,NIFTY50,107.41528366830042,Benchmark,
2025-12-22,NIFTY50,105.39730940576139,Benchmark,
2025-12-23,NIFTY50,104.41524765346229,Benchmark,
2025-12-24,NIFTY50,103.90766710170351,Benchmark,
2025-12-25,NIFTY50,104.5253501585515,Benchmark,
2025-12-26,NIFTY50,104.70268036145222,Benchmark,
2025-12-29,NIFTY50,107.03627037196514,Benchmark,
2025-12-30,NIFTY50,106.13292676582797,Benchmark,
2025-12-31,NIFTY50,106.6386208260665,Benchmark,
2026-01-01,NIFTY50,107.52287085136263,Benchmark,
2026-01-02,NIFTY50,108.872169619598,Benchmark,
2026-01-05,NIFTY50,108.74125854137664,Benchmark,
2026-01-06,NIFTY50,107.63897582947078,Benchmark,
2026-01-07,NIFTY50,108.27037882464762,Benchmark,
2026-01-08,NIFTY50,108.581078261387,Benchmark,
2026-01-09,NIFTY50,109.14605388848821,Benchmark,
2026-01-12,NIFTY50,110.41246136265332,Benchmark,
2026-01-13,NIFTY50,110.25033742473376,Benchmark,
2026-01-14,NIFTY50,109.3686598878743,Benchmark,
2026-01-15,NIFTY50,109.92969103270597,Benchmark,
2026-01-16,NIFTY50,110.25988421515429,Benchmark,
2026-01-19,NIFTY50,110.02607359946637,Benchmark,
2026-01-20,NIFTY50,109.17069261107058,Benchmark,
2026-01-21,NIFTY50,109.52906883350279,Benchmark,
2026-01-22,NIFTY50,110.35255096528398,Benchmark,
2026-01-23,NIFTY50,108.97569798757144,Benchmark,
2026-01-26,NIFTY50,109.06676407822935,Benchmark,
2026-01-27,NIFTY50,109.64717463595058,Benchmark,
2026-01-28,NIFTY50,111.3286674109739,Benchmark,
2026-01-29,NIFTY50,111.442657231923,Benchmark,
2026-01-30,NIFTY50,112.92446773785143,Benchmark,
2026-02-02,NIFTY50,113.75663916390755,Benchmark,
2026-02-03,NIFTY50,114.6140781430527,Benchmark,
2026-02-04,NIFTY50,113.91458995391876,Benchmark,
2026-02-05,NIFTY50,116.30437454517038,Benchmark,
2026-02-06,NIFTY50,116.41933619508443,Benchmark,
2026-02-09,NIFTY50,116.66909623907968,Benchmark,
2026-02-10,NIFTY50,116.74346973810414,Benchmark,
2026-02-11,NIFTY50,117.99118379629614,Benchmark,
2026-02-12,NIFTY50,119.95605046422048,Benchmark,
2026-02-13,NIFTY50,120.66325611866439,Benchmark,
2026-02-16,NIFTY50,120.34192372972015,Benchmark,
2026-02-17,NIFTY50,122.08549922568164,Benchmark,
2026-02-18,NIFTY50,120.88814877443856,Benchmark,
2026-02-19,NIFTY50,120.25863227078193,Benchmark,
2026-02-20,NIFTY50,118.95615279209383,Benchmark,
2026-02-23,NIFTY50,118.65568614269142,Benchmark,
2026-02-24,NIFTY50,119.69239898266721,Benchmark,
2026-02-25,NIFTY50,119.53084670884466,Benchmark,
2026-02-26,NIFTY50,119.64546536030052,Benchmark,
2026-02-27,NIFTY50,120.06015049629082,Benchmark,
2026-03-02,NIFTY50,119.89271008226882,Benchmark,
2026-03-03,NIFTY50,118.85788373381325,Benchmark,
2026-03-04,NIFTY50,117.31473367027276,Benchmark,
2026-03-05,NIFTY50,118.63304824444879,Benchmark,
2026-03-06,NIFTY50,118.07384642472762,Benchmark,
2026-03-09,NIFTY50,117.46885431083385,Benchmark,
2026-03-10,NIFTY50,116.09543131770353,Benchmark,
2026-03-11,NIFTY50,116.0201431561238,Benchmark,
2026-03-12,NIFTY50,116.59226458443798,Benchmark,
2026-03-13,NIFTY50,116.30037289649111,Benchmark,
2026-03-16,NIFTY50,116.69064797553797,Benchmark,
2026-03-17,NIFTY50,114.87207015004527,Benchmark,
2026-03-18,NIFTY50,115.08735884898924,Benchmark,
2026-03-19,NIFTY50,114.75710850013121,Benchmark,
2026-03-20,NIFTY50,113.46577647133536,Benchmark,
2026-03-23,NIFTY50,112.02518294680324,Benchmark,
2026-03-24,NIFTY50,111.29248107363148,Benchmark,
2026-03-25,NIFTY50,110.2435346219791,Benchmark,
2026-03-26,NIFTY50,110.61014280740864,Benchmark,
2026-03-27,NIFTY50,111.05787012820765,Benchmark,
2026-03-30,NIFTY50,111.26727068695214,Benchmark,
2026-03-31,NIFTY50,111.66383407106639,Benchmark,
2026-04-01,NIFTY50,110.28943924897112,Benchmark,
2026-04-02,NIFTY50,110.80193611196438,Benchmark,
2026-04-03,NIFTY50,111.46163647994456,Benchmark,
2026-04-06,NIFTY50,111.76513294906127,Benchmark,
2026-04-07,NIFTY50,111.72860361326065,Benchmark,
2026-04-08,NIFTY50,111.10417492006763,Benchmark,
2026-04-09,NIFTY50,111.46580962785295,Benchmark,
2026-04-10,NIFTY50,111.17031645609477,Benchmark,
2026-04-13,NIFTY50,112.0669715922966,Benchmark,
2026-04-14,NIFTY50,112.37527003982841,Benchmark,
2026-04-15,NIFTY50,112.27408549465294,Benchmark,
2026-04-16,NIFTY50,112.01272066948785,Benchmark,
2026-04-17,NIFTY50,111.92062558345526,Benchmark,
2026-04-20,NIFTY50,111.83298947737954,Benchmark,
2026-04-21,NIFTY50,111.8149820583229,Benchmark,
2026-04-22,NIFTY50,110.6909189443199,Benchmark,
2026-04-23,NIFTY50,110.96022990043382,Benchmark,
2026-04-24,NIFTY50,111.16802979970662,Benchmark,
2026-04-27,NIFTY50,110.15292586259879,Benchmark,
2026-04-28,NIFTY50,110.41337602520866,Benchmark,
2026-04-29,NIFTY50,110.45550766916024,Benchmark,
2026-04-30,NIFTY50,109.75939229819882,Benchmark,
2026-05-01,NIFTY50,110.35826760625433,Benchmark,
2026-05-04,NIFTY50,111.62827656423073,Benchmark,
2026-05-05,NIFTY50,111.1588260077443,Benchmark,
2026-05-06,NIFTY50,111.3074015065641,Benchmark,
2026-05-07,NIFTY50,112.50515212267511,Benchmark,
2026-05-08,NIFTY50,110.55583471819016,Benchmark,
2026-05-11,NIFTY50,112.33639688122992,Benchmark,
2026-05-12,NIFTY50,112.46387797486905,Benchmark,
2026-05-13,NIFTY50,113.21761708681173,Benchmark,
2026-05-14,NIFTY50,111.70367905862983,Benchmark,
2026-05-15,NIFTY50,110.5145605703841,Benchmark,
2026-05-18,NIFTY50,109.69696657880243,Benchmark,
2026-05-19,NIFTY50,108.80362709436339,Benchmark,
2026-05-20,NIFTY50,106.79760061145242,Benchmark,
2026-05-21,NIFTY50,105.81136571124496,Benchmark,
2026-05-22,NIFTY50,105.14377637872569,Benchmark,
2026-05-25,NIFTY50,103.96609117242068,Benchmark,
2026-05-26,NIFTY50,105.29115138294172,Benchmark,
2026-05-27,NIFTY50,105.89259917943387,Benchmark,
2026-05-28,NIFTY50,105.30670064638113,Benchmark,
2026-05-29,NIFTY50,105.85875666488931,Benchmark,
2022-01-03,NIFTY100,100.0,Benchmark,
2022-01-04,NIFTY100,98.64598520438467,Benchmark,
2022-01-05,NIFTY100,99.04090618643913,Benchmark,
2022-01-06,NIFTY100,98.75021374444263,Benchmark,
2022-01-07,NIFTY100,99.35752920424068,Benchmark,
2022-01-10,NIFTY100,98.52780702701727,Benchmark,
2022-01-11,NIFTY100,99.01475061648397,Benchmark,
2022-01-12,NIFTY100,99.91855211764492,Benchmark,
2022-01-13,NIFTY100,100.29282988642294,Benchmark,
2022-01-14,NIFTY100,98.87891039832965,Benchmark,
2022-01-17,NIFTY100,100.9380568605216,Benchmark,
2022-01-18,NIFTY100,101.47933653725,Benchmark,
2022-01-19,NIFTY100,101.32904044494839,Benchmark,
2022-01-20,NIFTY100,101.89613820040675,Benchmark,
2022-01-21,NIFTY100,103.72337194232945,Benchmark,
2022-01-24,NIFTY100,102.57854545781807,Benchmark,
2022-01-25,NIFTY100,103.55012644671233,Benchmark,
2022-01-26,NIFTY100,103.45838508198784,Benchmark,
2022-01-27,NIFTY100,103.23901578558954,Benchmark,
2022-01-28,NIFTY100,103.07055141566315,Benchmark,
2022-01-31,NIFTY100,101.368414421225,Benchmark,
2022-02-01,NIFTY100,101.81654651979042,Benchmark,
2022-02-02,NIFTY100,99.85999739006779,Benchmark,
2022-02-03,NIFTY100,99.48088224706152,Benchmark,
2022-02-04,NIFTY100,99.11931664776709,Benchmark,
2022-02-07,NIFTY100,98.85646723185192,Benchmark,
2022-02-08,NIFTY100,97.1716547869755,Benchmark,
2022-02-09,NIFTY100,97.9293788361502,Benchmark,
2022-02-10,NIFTY100,96.51028448260341,Benchmark,
2022-02-11,NIFTY100,95.82663975736627,Benchmark,
2022-02-14,NIFTY100,95.44521842432091,Benchmark,
2022-02-15,NIFTY100,95.24514237629816,Benchmark,
2022-02-16,NIFTY100,95.58831470381763,Benchmark,
2022-02-17,NIFTY100,95.64923186997133,Benchmark,
2022-02-18,NIFTY100,97.22014102633327,Benchmark,
2022-02-21,NIFTY100,97.54402010547722,Benchmark,
2022-02-22,NIFTY100,97.8108631675576,Benchmark,
2022-02-23,NIFTY100,97.39709892542791,Benchmark,
2022-02-24,NIFTY100,97.68576642007304,Benchmark,
2022-02-25,NIFTY100,97.34214410425325,Benchmark,
2022-02-28,NIFTY100,97.00701531760168,Benchmark,
2022-03-01,NIFTY100,99.6063164857713,Benchmark,
2022-03-02,NIFTY100,100.92073231095983,Benchmark,
2022-03-03,NIFTY100,100.25300592184595,Benchmark,
2022-03-04,NIFTY100,100.83529078243959,Benchmark,
2022-03-07,NIFTY100,101.10680247313562,Benchmark,
2022-03-08,NIFTY100,100.60748420541059,Benchmark,
2022-03-09,NIFTY100,102.38814415825182,Benchmark,
2022-03-10,NIFTY100,102.26884101013366,Benchmark,
2022-03-11,NIFTY100,103.48470939755559,Benchmark,
2022-03-14,NIFTY100,102.97706634627492,Benchmark,
2022-03-15,NIFTY100,103.95826583508823,Benchmark,
2022-03-16,NIFTY100,105.15180355310754,Benchmark,
2022-03-17,NIFTY100,104.3696676386413,Benchmark,
2022-03-18,NIFTY100,104.1388798891228,Benchmark,
2022-03-21,NIFTY100,104.11474926651898,Benchmark,
2022-03-22,NIFTY100,105.56781773673873,Benchmark,
2022-03-23,NIFTY100,106.9699812804866,Benchmark,
2022-03-24,NIFTY100,106.67467645841198,Benchmark,
2022-03-25,NIFTY100,106.39062134384496,Benchmark,
2022-03-28,NIFTY100,106.6552144644238,Benchmark,
2022-03-29,NIFTY100,105.34158611876082,Benchmark,
2022-03-30,NIFTY100,106.49546861781583,Benchmark,
2022-03-31,NIFTY100,105.79579305938036,Benchmark,
2022-04-01,NIFTY100,105.930620803859,Benchmark,
2022-04-04,NIFTY100,107.20436893640756,Benchmark,
2022-04-05,NIFTY100,107.64721367244441,Benchmark,
2022-04-06,NIFTY100,107.34830894396734,Benchmark,
2022-04-07,NIFTY100,106.50373715283392,Benchmark,
2022-04-08,NIFTY100,106.50654957971082,Benchmark,
2022-04-11,NIFTY100,106.30512356678715,Benchmark,
2022-04-12,NIFTY100,108.66654966970846,Benchmark,
2022-04-13,NIFTY100,108.00366065482285,Benchmark,
2022-04-14,NIFTY100,107.5853965296901,Benchmark,
2022-04-15,NIFTY100,106.75679932321746,Benchmark,
2022-04-18,NIFTY100,106.58113514048621,Benchmark,
2022-04-19,NIFTY100,107.08872194322936,Benchmark,
2022-04-20,NIFTY100,106.31266087081724,Benchmark,
2022-04-21,NIFTY100,106.67107655200951,Benchmark,
2022-04-22,NIFTY100,105.6676588908687,Benchmark,
2022-04-25,NIFTY100,106.52831776373802,Benchmark,
2022-04-26,NIFTY100,106.18070180175303,Benchmark,
2022-04-27,NIFTY100,105.94727037097023,Benchmark,
2022-04-28,NIFTY100,107.22608087189718,Benchmark,
2022-04-29,NIFTY100,106.89449574311053,Benchmark,
2022-05-02,NIFTY100,107.29380411109297,Benchmark,
2022-05-03,NIFTY100,107.96743659664834,Benchmark,
2022-05-04,NIFTY100,109.17599267419031,Benchmark,
2022-05-05,NIFTY100,109.5219774285867,Benchmark,
2022-05-06,NIFTY100,109.29012095685495,Benchmark,
2022-05-09,NIFTY100,108.87573798081232,Benchmark,
2022-05-10,NIFTY100,109.20878557157496,Benchmark,
2022-05-11,NIFTY100,108.58380807098997,Benchmark,
2022-05-12,NIFTY100,109.11721295246306,Benchmark,
2022-05-13,NIFTY100,109.3490694241948,Benchmark,
2022-05-16,NIFTY100,108.36072637111418,Benchmark,
2022-05-17,NIFTY100,107.32710324531544,Benchmark,
2022-05-18,NIFTY100,107.45096252497417,Benchmark,
2022-05-19,NIFTY100,107.24959276058806,Benchmark,
2022-05-20,NIFTY100,108.01986023363375,Benchmark,
2022-05-23,NIFTY100,107.26247367568426,Benchmark,
2022-05-24,NIFTY100,107.95854932771731,Benchmark,
2022-05-25,NIFTY100,108.68438045610796,Benchmark,
2022-05-26,NIFTY100,107.68855634753479,Benchmark,
2022-05-27,NIFTY100,107.54349136922421,Benchmark,
2022-05-30,NIFTY100,108.80525856327716,Benchmark,
2022-05-31,NIFTY100,109.21486041362904,Benchmark,
2022-06-01,NIFTY100,109.17869260399209,Benchmark,
2022-06-02,NIFTY100,110.00110247133554,Benchmark,
2022-06-03,NIFTY100,109.6115251003472,Benchmark,
2022-06-06,NIFTY100,109.36971263747122,Benchmark,
2022-06-07,NIFTY100,109.5729386035961,Benchmark,
2022-06-08,NIFTY100,110.90822263621124,Benchmark,
2022-06-09,NIFTY100,110.12743668664594,Benchmark,
2022-06-10,NIFTY100,110.60543675864407,Benchmark,
2022-06-13,NIFTY100,110.29657603902278,Benchmark,
2022-06-14,NIFTY100,111.47779532732129,Benchmark,
2022-06-15,NIFTY100,112.23242570693144,Benchmark,
2022-06-16,NIFTY100,112.21560739420755,Benchmark,
2022-06-17,NIFTY100,112.81932294760317,Benchmark,
2022-06-20,NIFTY100,112.34154786975519,Benchmark,
2022-06-21,NIFTY100,111.8132616051981,Benchmark,
2022-06-22,NIFTY100,114.2021932429755,Benchmark,
2022-06-23,NIFTY100,113.90829463433931,Benchmark,
2022-06-24,NIFTY100,114.12884515002591,Benchmark,
2022-06-27,NIFTY100,113.81666576668988,Benchmark,
2022-06-28,NIFTY100,112.67870160375813,Benchmark,
2022-06-29,NIFTY100,111.79402460536008,Benchmark,
2022-06-30,NIFTY100,112.15772764908094,Benchmark,
2022-07-01,NIFTY100,110.92160978814533,Benchmark,
2022-07-04,NIFTY100,110.32987517324533,Benchmark,
2022-07-05,NIFTY100,110.97358343683048,Benchmark,
2022-07-06,NIFTY100,111.232495455118,Benchmark,
2022-07-07,NIFTY100,110.91024758356265,Benchmark,
2022-07-08,NIFTY100,110.56100041398906,Benchmark,
2022-07-11,NIFTY100,109.68476069622173,Benchmark,
2022-07-12,NIFTY100,111.75875677232374,Benchmark,
2022-07-13,NIFTY100,110.91564744316629,Benchmark,
2022-07-14,NIFTY100,111.89065959285041,Benchmark,
2022-07-15,NIFTY100,109.93596666486654,Benchmark,
2022-07-18,NIFTY100,110.77958223086182,Benchmark,
2022-07-19,NIFTY100,111.72292645391202,Benchmark,
2022-07-20,NIFTY100,110.9259971740733,Benchmark,
2022-07-21,NIFTY100,110.41914160231818,Benchmark,
2022-07-22,NIFTY100,111.44219000305975,Benchmark,
2022-07-25,NIFTY100,110.45767185053172,Benchmark,
2022-07-26,NIFTY100,110.90631018593497,Benchmark,
2022-07-27,NIFTY100,110.34562476375595,Benchmark,
2022-07-28,NIFTY100,111.21539589970644,Benchmark,
2022-07-29,NIFTY100,112.97845006029827,Benchmark,
2022-08-01,NIFTY100,112.10485402379521,Benchmark,
2022-08-02,NIFTY100,112.70046978778534,Benchmark,
2022-08-03,NIFTY100,113.6610823118597,Benchmark,
2022-08-04,NIFTY100,111.87311004913853,Benchmark,
2022-08-05,NIFTY100,112.85082212862446,Benchmark,
2022-08-08,NIFTY100,113.22903729503014,Benchmark,
2022-08-09,NIFTY100,113.87932663750723,Benchmark,
2022-08-10,NIFTY100,112.24288793491351,Benchmark,
2022-08-11,NIFTY100,112.98255620353852,Benchmark,
2022-08-12,NIFTY100,112.86713420451049,Benchmark,
2022-08-15,NIFTY100,111.8724913152256,Benchmark,
2022-08-16,NIFTY100,112.57042316899744,Benchmark,
2022-08-17,NIFTY100,113.3746647587161,Benchmark,
2022-08-18,NIFTY100,113.35734020915437,Benchmark,
2022-08-19,NIFTY100,113.74883003041903,Benchmark,
2022-08-22,NIFTY100,113.65242003707885,Benchmark,
2022-08-23,NIFTY100,112.43312048886709,Benchmark,
2022-08-24,NIFTY100,112.35381005093848,Benchmark,
2022-08-25,NIFTY100,113.51725480137496,Benchmark,
2022-08-26,NIFTY100,114.70612389077866,Benchmark,
2022-08-29,NIFTY100,113.98760507226795,Benchmark,
2022-08-30,NIFTY100,114.26581033893102,Benchmark,
2022-08-31,NIFTY100,114.39203205716635,Benchmark,
2022-09-01,NIFTY100,114.91069982180446,Benchmark,
2022-09-02,NIFTY100,115.01447837356211,Benchmark,
2022-09-05,NIFTY100,115.75184045214809,Benchmark,
2022-09-06,NIFTY100,115.41513670644548,Benchmark,
2022-09-07,NIFTY100,116.51817052756614,Benchmark,
2022-09-08,NIFTY100,116.06773223896165,Benchmark,
2022-09-09,NIFTY100,116.30622603812286,Benchmark,
2022-09-12,NIFTY100,116.99763306154026,Benchmark,
2022-09-13,NIFTY100,117.26188869089388,Benchmark,
2022-09-14,NIFTY100,115.0889514372625,Benchmark,
2022-09-15,NIFTY100,115.42616141980295,Benchmark,
2022-09-16,NIFTY100,116.13489299278203,Benchmark,
2022-09-19,NIFTY100,116.47407167413633,Benchmark,
2022-09-20,NIFTY100,117.43130928595842,Benchmark,
2022-09-21,NIFTY100,118.6201783753621,Benchmark,
2022-09-22,NIFTY100,118.00335691272011,Benchmark,
2022-09-23,NIFTY100,116.41405448458325,Benchmark,
2022-09-26,NIFTY100,115.33093264575108,Benchmark,
2022-09-27,NIFTY100,115.45327321489627,Benchmark,
2022-09-28,NIFTY100,116.08950042298885,Benchmark,
2022-09-29,NIFTY100,116.02605207264595,Benchmark,
2022-09-30,NIFTY100,114.77407212412463,Benchmark,
2022-10-03,NIFTY100,115.10824468563803,Benchmark,
2022-10-04,NIFTY100,115.17377423186983,Benchmark,
2022-10-05,NIFTY100,115.38054385585963,Benchmark,
2022-10-06,NIFTY100,117.15895386719933,Benchmark,
2022-10-07,NIFTY100,118.00296317295738,Benchmark,
2022-10-10,NIFTY100,117.92972757708289,Benchmark,
2022-10-11,NIFTY100,116.71149675108434,Benchmark,
2022-10-12,NIFTY100,118.06016793563354,Benchmark,
2022-10-13,NIFTY100,116.41996058102475,Benchmark,
2022-10-14,NIFTY100,116.20711611498089,Benchmark,
2022-10-17,NIFTY100,115.12545673812467,Benchmark,
2022-10-18,NIFTY100,114.79606530230203,Benchmark,
2022-10-19,NIFTY100,114.76552234641888,Benchmark,
2022-10-20,NIFTY100,113.58992791187418,Benchmark,
2022-10-21,NIFTY100,111.3874039274978,Benchmark,
2022-10-24,NIFTY100,110.56218163327742,Benchmark,
2022-10-25,NIFTY100,109.39530572205113,Benchmark,
2022-10-26,NIFTY100,108.59308907968384,Benchmark,
2022-10-27,NIFTY100,108.3934630199614,Benchmark,
2022-10-28,NIFTY100,109.80485132386548,Benchmark,
2022-10-31,NIFTY100,109.31965143906251,Benchmark,
2022-11-01,NIFTY100,108.89795615313993,Benchmark,
2022-11-02,NIFTY100,108.85655722951195,Benchmark,
2022-11-03,NIFTY100,109.50032174163465,Benchmark,
2022-11-04,NIFTY100,110.05735100887368,Benchmark,
2022-11-07,NIFTY100,108.39306928019865,Benchmark,
2022-11-08,NIFTY100,107.52076696005896,Benchmark,
2022-11-09,NIFTY100,108.55225264143127,Benchmark,
2022-11-10,NIFTY100,108.14130082617845,Benchmark,
2022-11-11,NIFTY100,109.04948971326742,Benchmark,
2022-11-14,NIFTY100,109.74415915186202,Benchmark,
2022-11-15,NIFTY100,107.79795975304638,Benchmark,
2022-11-16,NIFTY100,106.39618994906127,Benchmark,
2022-11-17,NIFTY100,106.15679617329945,Benchmark,
2022-11-18,NIFTY100,106.55627328689452,Benchmark,
2022-11-21,NIFTY100,106.37380303112116,Benchmark,
2022-11-22,NIFTY100,106.25472487715317,Benchmark,
2022-11-23,NIFTY100,106.33555402559531,Benchmark,
2022-11-24,NIFTY100,106.29837374228268,Benchmark,
2022-11-25,NIFTY100,106.32053566607267,Benchmark,
2022-11-28,NIFTY100,104.32596252497434,Benchmark,
2022-11-29,NIFTY100,104.10968689814064,Benchmark,
2022-11-30,NIFTY100,103.886098961427,Benchmark,
2022-12-01,NIFTY100,103.03089619669889,Benchmark,
2022-12-02,NIFTY100,102.4353366812463,Benchmark,
2022-12-05,NIFTY100,101.09341532120165,Benchmark,
2022-12-06,NIFTY100,101.46173074500062,Benchmark,
2022-12-07,NIFTY100,100.5563542847886,Benchmark,
2022-12-08,NIFTY100,100.50477437586622,Benchmark,
2022-12-09,NIFTY100,100.14933986716346,Benchmark,
2022-12-12,NIFTY100,100.04516757564303,Benchmark,
2022-12-13,NIFTY100,100.84175936425652,Benchmark,
2022-12-14,NIFTY100,100.28563007361808,Benchmark,
2022-12-15,NIFTY100,100.25126221718234,Benchmark,
2022-12-16,NIFTY100,100.82449106323234,Benchmark,
2022-12-19,NIFTY100,100.99981775473836,Benchmark,
2022-12-20,NIFTY100,100.39283978616555,Benchmark,
2022-12-21,NIFTY100,99.17342774087872,Benchmark,
2022-12-22,NIFTY100,98.54288163507746,Benchmark,
2022-12-23,NIFTY100,98.73637660420827,Benchmark,
2022-12-26,NIFTY100,98.74627634681497,Benchmark,
2022-12-27,NIFTY100,99.31050542685888,Benchmark,
2022-12-28,NIFTY100,99.08837995212122,Benchmark,
2022-12-29,NIFTY100,98.50873877279189,Benchmark,
2022-12-30,NIFTY100,97.36430602804325,Benchmark,
2023-01-02,NIFTY100,96.44880483107438,Benchmark,
2023-01-03,NIFTY100,95.6704375686232,Benchmark,
2023-01-04,NIFTY100,96.74866578468956,Benchmark,
2023-01-05,NIFTY100,95.8623013301654,Benchmark,
2023-01-06,NIFTY100,94.99314892812785,Benchmark,
2023-01-09,NIFTY100,94.48601211368502,Benchmark,
2023-01-10,NIFTY100,95.33339633169535,Benchmark,
2023-01-11,NIFTY100,95.74800430188813,Benchmark,
2023-01-12,NIFTY100,95.5932083265835,Benchmark,
2023-01-13,NIFTY100,94.40788289504471,Benchmark,
2023-01-16,NIFTY100,94.35101562359377,Benchmark,
2023-01-17,NIFTY100,94.93915033209134,Benchmark,
2023-01-18,NIFTY100,95.94768661014812,Benchmark,
2023-01-19,NIFTY100,94.16809537952011,Benchmark,
2023-01-20,NIFTY100,93.49024425364937,Benchmark,
2023-01-23,NIFTY100,93.47944453444207,Benchmark,
2023-01-24,NIFTY100,94.35416554169586,Benchmark,
2023-01-25,NIFTY100,93.25585659772841,Benchmark,
2023-01-26,NIFTY100,92.33309933941713,Benchmark,
2023-01-27,NIFTY100,91.89317952733225,Benchmark,
2023-01-30,NIFTY100,90.75589034685093,Benchmark,
2023-01-31,NIFTY100,89.21957404107489,Benchmark,
2023-02-01,NIFTY100,90.69362321579635,Benchmark,
2023-02-02,NIFTY100,90.4176678906348,Benchmark,
2023-02-03,NIFTY100,89.84742021707432,Benchmark,
2023-02-06,NIFTY100,88.89198255845344,Benchmark,
2023-02-07,NIFTY100,88.7772917904134,Benchmark,
2023-02-08,NIFTY100,88.29107943193473,Benchmark,
2023-02-09,NIFTY100,88.77363563547344,Benchmark,
2023-02-10,NIFTY100,87.90836438252602,Benchmark,
2023-02-13,NIFTY100,87.80722951203265,Benchmark,
2023-02-14,NIFTY100,87.67527044296844,Benchmark,
2023-02-15,NIFTY100,87.97226272116922,Benchmark,
2023-02-16,NIFTY100,87.75233093939553,Benchmark,
2023-02-17,NIFTY100,88.07772872905302,Benchmark,
2023-02-20,NIFTY100,88.20237548823727,Benchmark,
2023-02-21,NIFTY100,88.73414916212175,Benchmark,
2023-02-22,NIFTY100,89.07355283762618,Benchmark,
2023-02-23,NIFTY100,88.84855868747408,Benchmark,
2023-02-24,NIFTY100,89.97156073942074,Benchmark,
2023-02-27,NIFTY100,89.5046416293176,Benchmark,
2023-02-28,NIFTY100,90.5445645913206,Benchmark,
2023-03-01,NIFTY100,91.2617334449304,Benchmark,
2023-03-02,NIFTY100,91.6808412981262,Benchmark,
2023-03-03,NIFTY100,91.5904498983026,Benchmark,
2023-03-06,NIFTY100,91.0441641017333,Benchmark,
2023-03-07,NIFTY100,91.17083580826893,Benchmark,
2023-03-08,NIFTY100,91.29042019907479,Benchmark,
2023-03-09,NIFTY100,91.19541641917306,Benchmark,
2023-03-10,NIFTY100,91.58195636913436,Benchmark,
2023-03-13,NIFTY100,92.24405790449445,Benchmark,
2023-03-14,NIFTY100,91.59821219648285,Benchmark,
2023-03-15,NIFTY100,91.08550677682376,Benchmark,
2023-03-16,NIFTY100,90.12635671472538,Benchmark,
2023-03-17,NIFTY100,90.38481874471259,Benchmark,
2023-03-20,NIFTY100,91.5358888168907,Benchmark,
2023-03-21,NIFTY100,90.5376460212034,Benchmark,
2023-03-22,NIFTY100,89.96132350558881,Benchmark,
2023-03-23,NIFTY100,88.9440124556761,Benchmark,
2023-03-24,NIFTY100,88.54582905844443,Benchmark,
2023-03-27,NIFTY100,87.04804300088193,Benchmark,
2023-03-28,NIFTY100,87.87005912846261,Benchmark,
2023-03-29,NIFTY100,88.39761416203174,Benchmark,
2023-03-30,NIFTY100,88.57305335061284,Benchmark,
2023-03-31,NIFTY100,89.27014147632157,Benchmark,
2023-04-03,NIFTY100,89.93370547365764,Benchmark,
2023-04-04,NIFTY100,89.92841811112908,Benchmark,
2023-04-05,NIFTY100,88.98288019511487,Benchmark,
2023-04-06,NIFTY100,88.47450591284621,Benchmark,
2023-04-07,NIFTY100,88.4530189715067,Benchmark,
2023-04-10,NIFTY100,87.93367622441812,Benchmark,
2023-04-11,NIFTY100,89.22975502636928,Benchmark,
2023-04-12,NIFTY100,89.3871946829382,Benchmark,
2023-04-13,NIFTY100,89.50537286030558,Benchmark,
2023-04-14,NIFTY100,90.24526612308075,Benchmark,
2023-04-17,NIFTY100,90.49320967654836,Benchmark,
2023-04-18,NIFTY100,90.34004490883231,Benchmark,
2023-04-19,NIFTY100,91.51057697499859,Benchmark,
2023-04-20,NIFTY100,91.8804111093111,Benchmark,
2023-04-21,NIFTY100,91.55310086937735,Benchmark,
2023-04-24,NIFTY100,91.7305650053098,Benchmark,
2023-04-25,NIFTY100,91.37687420127071,Benchmark,
2023-04-26,NIFTY100,90.80825773529882,Benchmark,
2023-04-27,NIFTY100,91.44105378260159,Benchmark,
2023-04-28,NIFTY100,91.10980614504017,Benchmark,
2023-05-01,NIFTY100,90.58219486293349,Benchmark,
2023-05-02,NIFTY100,90.75971524740349,Benchmark,
2023-05-03,NIFTY100,91.58623125798722,Benchmark,
2023-05-04,NIFTY100,90.0674082473855,Benchmark,
2023-05-05,NIFTY100,89.57737098835423,Benchmark,
2023-05-08,NIFTY100,87.99504337887207,Benchmark,
2023-05-09,NIFTY100,85.63035486077355,Benchmark,
2023-05-10,NIFTY100,85.70465917886128,Benchmark,
2023-05-11,NIFTY100,84.82498830030411,Benchmark,
2023-05-12,NIFTY100,85.39911712295472,Benchmark,
2023-05-15,NIFTY100,84.6038190507046,Benchmark,
2023-05-16,NIFTY100,85.05228864049525,Benchmark,
2023-05-17,NIFTY100,85.29460734020907,Benchmark,
2023-05-18,NIFTY100,84.68425445938398,Benchmark,
2023-05-19,NIFTY100,84.37584372806299,Benchmark,
2023-05-22,NIFTY100,84.53609581150883,Benchmark,
2023-05-23,NIFTY100,84.94451644257241,Benchmark,
2023-05-24,NIFTY100,85.93915933185728,Benchmark,
2023-05-25,NIFTY100,86.13124808754964,Benchmark,
2023-05-26,NIFTY100,86.14007910794311,Benchmark,
2023-05-29,NIFTY100,86.19756511330698,Benchmark,
2023-05-30,NIFTY100,86.058518728513,Benchmark,
2023-05-31,NIFTY100,85.770076228018,Benchmark,
2023-06-01,NIFTY100,85.15747340569138,Benchmark,
2023-06-02,NIFTY100,85.46774033875111,Benchmark,
2023-06-05,NIFTY100,84.92111705095661,Benchmark,
2023-06-06,NIFTY100,85.08136913440244,Benchmark,
2023-06-07,NIFTY100,85.09762496175092,Benchmark,
2023-06-08,NIFTY100,85.58687474125666,Benchmark,
2023-06-09,NIFTY100,85.79375686232153,Benchmark,
2023-06-12,NIFTY100,85.29111993088175,Benchmark,
2023-06-13,NIFTY100,84.5600014399625,Benchmark,
2023-06-14,NIFTY100,85.32267536044057,Benchmark,
2023-06-15,NIFTY100,85.06938819590685,Benchmark,
2023-06-16,NIFTY100,86.08945542415891,Benchmark,
2023-06-19,NIFTY100,84.30108942167497,Benchmark,
2023-06-20,NIFTY100,84.46646012203675,Benchmark,
2023-06-21,NIFTY100,85.10088737692813,Benchmark,
2023-06-22,NIFTY100,85.20224724157163,Benchmark,
2023-06-23,NIFTY100,85.3909610850117,Benchmark,
2023-06-26,NIFTY100,85.83284959591042,Benchmark,
2023-06-27,NIFTY100,86.45726461112004,Benchmark,
2023-06-28,NIFTY100,86.92699614810007,Benchmark,
2023-06-29,NIFTY100,87.84795345321014,Benchmark,
2023-06-30,NIFTY100,87.55017369548383,Benchmark,
2023-07-03,NIFTY100,88.79860998614029,Benchmark,
2023-07-04,NIFTY100,88.09207210612516,Benchmark,
2023-07-05,NIFTY100,88.82819671688529,Benchmark,
2023-07-06,NIFTY100,89.15803814100826,Benchmark,
2023-07-07,NIFTY100,90.85269407995385,Benchmark,
2023-07-10,NIFTY100,91.11852466835856,Benchmark,
2023-07-11,NIFTY100,91.6762851665856,Benchmark,
2023-07-12,NIFTY100,90.486797343269,Benchmark,
2023-07-13,NIFTY100,91.16549219720281,Benchmark,
2023-07-14,NIFTY100,91.41967933833713,Benchmark,
2023-07-17,NIFTY100,92.01647632161557,Benchmark,
2023-07-18,NIFTY100,91.34470003779894,Benchmark,
2023-07-19,NIFTY100,91.0156460932015,Benchmark,
2023-07-20,NIFTY100,91.19440394549734,Benchmark,
2023-07-21,NIFTY100,91.18467294850326,Benchmark,
2023-07-24,NIFTY100,91.43205401659549,Benchmark,
2023-07-25,NIFTY100,91.59961840992126,Benchmark,
2023-07-26,NIFTY100,91.27152069046197,Benchmark,
2023-07-27,NIFTY100,91.13641170329564,Benchmark,
2023-07-28,NIFTY100,90.62387502924916,Benchmark,
2023-07-31,NIFTY100,92.7375263243155,Benchmark,
2023-08-01,NIFTY100,93.04014345627007,Benchmark,
2023-08-02,NIFTY100,94.43285724571155,Benchmark,
2023-08-03,NIFTY100,93.67631441582512,Benchmark,
2023-08-04,NIFTY100,93.6530837698219,Benchmark,
2023-08-07,NIFTY100,93.35597899454608,Benchmark,
2023-08-08,NIFTY100,93.70381995068121,Benchmark,
2023-08-09,NIFTY100,93.9053022121424,Benchmark,
2023-08-10,NIFTY100,93.07940493547162,Benchmark,
2023-08-11,NIFTY100,93.4873755782349,Benchmark,
2023-08-14,NIFTY100,93.73706283636619,Benchmark,
2023-08-15,NIFTY100,94.00818078729948,Benchmark,
2023-08-16,NIFTY100,94.94471893730758,Benchmark,
2023-08-17,NIFTY100,95.73006101841348,Benchmark,
2023-08-18,NIFTY100,97.05887646921177,Benchmark,
2023-08-21,NIFTY100,97.37499325017548,Benchmark,
2023-08-22,NIFTY100,98.15324801555155,Benchmark,
2023-08-23,NIFTY100,98.04705077667978,Benchmark,
2023-08-24,NIFTY100,98.24808304984066,Benchmark,
2023-08-25,NIFTY100,98.76371339345175,Benchmark,
2023-08-28,NIFTY100,98.4115975484637,Benchmark,
2023-08-29,NIFTY100,98.50823253595402,Benchmark,
2023-08-30,NIFTY100,97.52635806469029,Benchmark,
2023-08-31,NIFTY100,98.56380609104158,Benchmark,
2023-09-01,NIFTY100,99.63595946505386,Benchmark,
2023-09-04,NIFTY100,98.69779010745715,Benchmark,
2023-09-05,NIFTY100,99.68545817808732,Benchmark,
2023-09-06,NIFTY100,100.52665505696845,Benchmark,
2023-09-07,NIFTY100,100.83838445200419,Benchmark,
2023-09-08,NIFTY100,101.15309501952945,Benchmark,
2023-09-11,NIFTY100,101.67693764962105,Benchmark,
2023-09-12,NIFTY100,100.63656469931776,Benchmark,
2023-09-13,NIFTY100,102.6023385891966,Benchmark,
2023-09-14,NIFTY100,100.84355931745768,Benchmark,
2023-09-15,NIFTY100,99.69068929207835,Benchmark,
2023-09-18,NIFTY100,100.60889041884906,Benchmark,
2023-09-19,NIFTY100,101.41611318105723,Benchmark,
2023-09-20,NIFTY100,102.89033110139133,Benchmark,
2023-09-21,NIFTY100,103.02740878737148,Benchmark,
2023-09-22,NIFTY100,102.30028394261745,Benchmark,
2023-09-25,NIFTY100,102.40372500314989,Benchmark,
2023-09-26,NIFTY100,103.16999883003038,Benchmark,
2023-09-27,NIFTY100,102.63344403045514,Benchmark,
2023-09-28,NIFTY100,101.78937847615957,Benchmark,
2023-09-29,NIFTY100,101.86430152816021,Benchmark,
2023-10-02,NIFTY100,101.31182839246173,Benchmark,
2023-10-03,NIFTY100,101.2157558903468,Benchmark,
2023-10-04,NIFTY100,100.75299917202145,Benchmark,
2023-10-05,NIFTY100,101.28302914124225,Benchmark,
2023-10-06,NIFTY100,100.95870007379801,Benchmark,
2023-10-09,NIFTY100,100.5792474395665,Benchmark,
2023-10-10,NIFTY100,101.20996229098034,Benchmark,
2023-10-11,NIFTY100,100.34170986554342,Benchmark,
2023-10-12,NIFTY100,99.64743416671159,Benchmark,
2023-10-13,NIFTY100,99.97187573123091,Benchmark,
2023-10-16,NIFTY100,99.30533056140533,Benchmark,
2023-10-17,NIFTY100,100.41674541461913,Benchmark,
2023-10-18,NIFTY100,99.60176035423068,Benchmark,
2023-10-19,NIFTY100,99.55181165289693,Benchmark,
2023-10-20,NIFTY100,98.89381626077713,Benchmark,
2023-10-23,NIFTY100,100.133309033965,Benchmark,
2023-10-24,NIFTY100,99.31815522796397,Benchmark,
2023-10-25,NIFTY100,100.93822560613413,Benchmark,
2023-10-26,NIFTY100,101.0552225642132,Benchmark,
2023-10-27,NIFTY100,100.95065653293001,Benchmark,
2023-10-30,NIFTY100,99.2877810176934,Benchmark,
2023-10-31,NIFTY100,100.69961930989781,Benchmark,
2023-11-01,NIFTY100,101.1674946451391,Benchmark,
2023-11-02,NIFTY100,100.21031328185455,Benchmark,
2023-11-03,NIFTY100,99.83102939323565,Benchmark,
2023-11-06,NIFTY100,98.53461310005927,Benchmark,
2023-11-07,NIFTY100,97.95553440610531,Benchmark,
2023-11-08,NIFTY100,97.91042307899983,Benchmark,
2023-11-09,NIFTY100,99.27894999729993,Benchmark,
2023-11-10,NIFTY100,101.37387052936609,Benchmark,
2023-11-13,NIFTY100,101.86593273574873,Benchmark,
2023-11-14,NIFTY100,100.62334629299625,Benchmark,
2023-11-15,NIFTY100,102.61010088737679,Benchmark,
2023-11-16,NIFTY100,101.17975682632236,Benchmark,
2023-11-17,NIFTY100,101.94248699533797,Benchmark,
2023-11-20,NIFTY100,102.04598430440792,Benchmark,
2023-11-21,NIFTY100,103.13062485375366,Benchmark,
2023-11-22,NIFTY100,102.54339012185669,Benchmark,
2023-11-23,NIFTY100,103.46530365210491,Benchmark,
2023-11-24,NIFTY100,104.75210144536229,Benchmark,
2023-11-27,NIFTY100,105.15455973144685,Benchmark,
2023-11-28,NIFTY100,105.21592688590084,Benchmark,
2023-11-29,NIFTY100,106.14937136634435,Benchmark,
2023-11-30,NIFTY100,107.37367703439698,Benchmark,
2023-12-01,NIFTY100,107.0158800871176,Benchmark,
2023-12-04,NIFTY100,106.51178069370182,Benchmark,
2023-12-05,NIFTY100,106.00126896700672,Benchmark,
2023-12-06,NIFTY100,104.11773043900845,Benchmark,
2023-12-07,NIFTY100,104.96657711899478,Benchmark,
2023-12-08,NIFTY100,105.01095721511228,Benchmark,
2023-12-11,NIFTY100,104.81678726353105,Benchmark,
2023-12-12,NIFTY100,104.48643960257023,Benchmark,
2023-12-13,NIFTY100,104.91156604928263,Benchmark,
2023-12-14,NIFTY100,104.39334827294479,Benchmark,
2023-12-15,NIFTY100,105.21356444732426,Benchmark,
2023-12-18,NIFTY100,104.93867784437595,Benchmark,
2023-12-19,NIFTY100,104.00658332883334,Benchmark,
2023-12-20,NIFTY100,104.57289360476618,Benchmark,
2023-12-21,NIFTY100,103.88069910182325,Benchmark,
2023-12-22,NIFTY100,103.870011879691,Benchmark,
2023-12-25,NIFTY100,104.71840857137703,Benchmark,
2023-12-26,NIFTY100,104.80992494195138,Benchmark,
2023-12-27,NIFTY100,104.9528524758355,Benchmark,
2023-12-28,NIFTY100,104.62644221250234,Benchmark,
2023-12-29,NIFTY100,104.82061216408358,Benchmark,
2024-01-01,NIFTY100,104.33608726173105,Benchmark,
2024-01-02,NIFTY100,104.83743047680747,Benchmark,
2024-01-03,NIFTY100,104.599330417409,Benchmark,
2024-01-04,NIFTY100,104.48778956747111,Benchmark,
2024-01-05,NIFTY100,103.6791605918245,Benchmark,
2024-01-08,NIFTY100,104.16886035963053,Benchmark,
2024-01-09,NIFTY100,103.75560235433868,Benchmark,
2024-01-10,NIFTY100,102.87970012779657,Benchmark,
2024-01-11,NIFTY100,102.49259769245988,Benchmark,
2024-01-12,NIFTY100,103.22765358100679,Benchmark,
2024-01-15,NIFTY100,103.76848326943487,Benchmark,
2024-01-16,NIFTY100,101.93331848371929,Benchmark,
2024-01-17,NIFTY100,101.40362600572372,Benchmark,
2024-01-18,NIFTY100,102.6541997408066,Benchmark,
2024-01-19,NIFTY100,103.76460212034473,Benchmark,
2024-01-22,NIFTY100,102.7539283978615,Benchmark,
2024-01-23,NIFTY100,103.56205113667028,Benchmark,
2024-01-24,NIFTY100,102.39821264647102,Benchmark,
2024-01-25,NIFTY100,101.74736081861855,Benchmark,
2024-01-26,NIFTY100,100.90706391633802,Benchmark,
2024-01-29,NIFTY100,101.56714050434672,Benchmark,
2024-01-30,NIFTY100,101.64324477563567,Benchmark,
2024-01-31,NIFTY100,102.1147200172794,Benchmark,
2024-02-01,NIFTY100,100.53661104811258,Benchmark,
2024-02-02,NIFTY100,101.31503455910129,Benchmark,
2024-02-05,NIFTY100,102.73036026063306,Benchmark,
2024-02-06,NIFTY100,102.98201621757816,Benchmark,
2024-02-07,NIFTY100,104.72088350702865,Benchmark,
2024-02-08,NIFTY100,105.5205127166692,Benchmark,
2024-02-09,NIFTY100,107.14452049246704,Benchmark,
2024-02-12,NIFTY100,106.99394315747774,Benchmark,
2024-02-13,NIFTY100,107.32637201432746,Benchmark,
2024-02-14,NIFTY100,106.78261740194736,Benchmark,
2024-02-15,NIFTY100,105.57102390337832,Benchmark,
2024-02-16,NIFTY100,104.92050956675108,Benchmark,
2024-02-19,NIFTY100,105.215533146138,Benchmark,
2024-02-20,NIFTY100,104.18528493259156,Benchmark,
2024-02-21,NIFTY100,104.33186862141565,Benchmark,
2024-02-22,NIFTY100,102.53855274762837,Benchmark,
2024-02-23,NIFTY100,102.30995869107385,Benchmark,
2024-02-26,NIFTY100,102.577195492917,Benchmark,
2024-02-27,NIFTY100,102.03546582788829,Benchmark,
2024-02-28,NIFTY100,101.82250886476933,Benchmark,
2024-02-29,NIFTY100,101.85445803409094,Benchmark,
2024-03-01,NIFTY100,101.57884020015464,Benchmark,
2024-03-04,NIFTY100,101.86525775329827,Benchmark,
2024-03-05,NIFTY100,100.51276166819649,Benchmark,
2024-03-06,NIFTY100,99.58837320229661,Benchmark,
2024-03-07,NIFTY100,98.80229989020273,Benchmark,
2024-03-08,NIFTY100,98.6778781251686,Benchmark,
2024-03-11,NIFTY100,100.1970948755331,Benchmark,
2024-03-12,NIFTY100,100.72138749392505,Benchmark,
2024-03-13,NIFTY100,99.36326655506946,Benchmark,
2024-03-14,NIFTY100,99.58072340119145,Benchmark,
2024-03-15,NIFTY100,99.17939008585763,Benchmark,
2024-03-18,NIFTY100,98.85776094821522,Benchmark,
2024-03-19,NIFTY100,98.31681876271206,Benchmark,
2024-03-20,NIFTY100,98.13822965602881,Benchmark,
2024-03-21,NIFTY100,96.75805929045833,Benchmark,
2024-03-22,NIFTY100,96.70743560667411,Benchmark,
2024-03-25,NIFTY100,97.00380915096196,Benchmark,
2024-03-26,NIFTY100,96.41454947171364,Benchmark,
2024-03-27,NIFTY100,96.04302788127498,Benchmark,
2024-03-28,NIFTY100,95.15323226596098,Benchmark,
2024-03-29,NIFTY100,94.88256430332802,Benchmark,
2024-04-01,NIFTY100,94.99719882283053,Benchmark,
2024-04-02,NIFTY100,94.89516397573652,Benchmark,
2024-04-03,NIFTY100,95.45022454416176,Benchmark,
2024-04-04,NIFTY100,96.24484763396143,Benchmark,
2024-04-05,NIFTY100,95.826302266141,Benchmark,
2024-04-08,NIFTY100,95.68956207138605,Benchmark,
2024-04-09,NIFTY100,94.87345204024687,Benchmark,
2024-04-10,NIFTY100,94.54417310149927,Benchmark,
2024-04-11,NIFTY100,94.62922089025676,Benchmark,
2024-04-12,NIFTY100,95.26044197850847,Benchmark,
2024-04-15,NIFTY100,95.22877405187455,Benchmark,
2024-04-16,NIFTY100,95.51474161671787,Benchmark,
2024-04-17,NIFTY100,94.51925499936992,Benchmark,
2024-04-18,NIFTY100,94.75319266699056,Benchmark,
2024-04-19,NIFTY100,94.12590897636652,Benchmark,
2024-04-22,NIFTY100,95.38891363824531,Benchmark,
2024-04-23,NIFTY100,96.86324405565446,Benchmark,
2024-04-24,NIFTY100,98.1412670770559,Benchmark,
2024-04-25,NIFTY100,97.4503100419388,Benchmark,
2024-04-26,NIFTY100,98.02218892308787,Benchmark,
2024-04-29,NIFTY100,96.08808295984292,Benchmark,
2024-04-30,NIFTY100,96.98007226812089,Benchmark,
2024-05-01,NIFTY100,96.9978468059829,Benchmark,
2024-05-02,NIFTY100,95.60642673290481,Benchmark,
2024-05-03,NIFTY100,96.1240257753297,Benchmark,
2024-05-06,NIFTY100,95.89762541173916,Benchmark,
2024-05-07,NIFTY100,95.66852511834678,Benchmark,
2024-05-08,NIFTY100,96.1280194214949,Benchmark,
2024-05-09,NIFTY100,96.96286021563427,Benchmark,
2024-05-10,NIFTY100,97.22132224562148,Benchmark,
2024-05-13,NIFTY100,95.453599456414,Benchmark,
2024-05-14,NIFTY100,95.70632413557233,Benchmark,
2024-05-15,NIFTY100,94.94095028529243,Benchmark,
2024-05-16,NIFTY100,95.35876442212486,Benchmark,
2024-05-17,NIFTY100,95.65558795471301,Benchmark,
2024-05-20,NIFTY100,95.4453871699334,Benchmark,
2024-05-21,NIFTY100,95.37400777579765,Benchmark,
2024-05-22,NIFTY100,93.98022526414296,Benchmark,
2024-05-23,NIFTY100,95.22354293788344,Benchmark,
2024-05-24,NIFTY100,95.46574914052218,Benchmark,
2024-05-27,NIFTY100,95.65086307755982,Benchmark,
2024-05-28,NIFTY100,95.87293230375994,Benchmark,
2024-05-29,NIFTY100,94.44990055258545,Benchmark,
2024-05-30,NIFTY100,95.19148127148677,Benchmark,
2024-05-31,NIFTY100,94.85505876847185,Benchmark,
2024-06-03,NIFTY100,94.92182578252948,Benchmark,
2024-06-04,NIFTY100,94.43167602642313,Benchmark,
2024-06-05,NIFTY100,93.46448242345681,Benchmark,
2024-06-06,NIFTY100,93.02428136868424,Benchmark,
2024-06-07,NIFTY100,92.85345456018125,Benchmark,
2024-06-10,NIFTY100,92.81762424176952,Benchmark,
2024-06-11,NIFTY100,92.40937235631854,Benchmark,
2024-06-12,NIFTY100,92.30238763792124,Benchmark,
2024-06-13,NIFTY100,92.04668178627338,Benchmark,
2024-06-14,NIFTY100,90.99202170743543,Benchmark,
2024-06-17,NIFTY100,90.94061054412568,Benchmark,
2024-06-18,NIFTY100,90.8888618895907,Benchmark,
2024-06-19,NIFTY100,90.3452197742857,Benchmark,
2024-06-20,NIFTY100,91.00889626869684,Benchmark,
2024-06-21,NIFTY100,90.97503464909894,Benchmark,
2024-06-24,NIFTY100,91.23855904746459,Benchmark,
2024-06-25,NIFTY100,90.57100140396332,Benchmark,
2024-06-26,NIFTY100,90.0469900282591,Benchmark,
2024-06-27,NIFTY100,89.81935219684271,Benchmark,
2024-06-28,NIFTY100,88.90902586532734,Benchmark,
2024-07-01,NIFTY100,87.55607979192526,Benchmark,
2024-07-02,NIFTY100,88.51860476627591,Benchmark,
2024-07-03,NIFTY100,88.08655974944635,Benchmark,
2024-07-04,NIFTY100,87.96900030599188,Benchmark,
2024-07-05,NIFTY100,88.1650264593119,Benchmark,
2024-07-08,NIFTY100,88.00117446946363,Benchmark,
2024-07-09,NIFTY100,87.1803958097088,Benchmark,
2024-07-10,NIFTY100,87.91798288244492,Benchmark,
2024-07-11,NIFTY100,87.56732949943287,Benchmark,
2024-07-12,NIFTY100,88.01861151610045,Benchmark,
2024-07-15,NIFTY100,89.07169663588735,Benchmark,
2024-07-16,NIFTY100,88.1609765646092,Benchmark,
2024-07-17,NIFTY100,88.78646030203203,Benchmark,
2024-07-18,NIFTY100,88.90002609932132,Benchmark,
2024-07-19,NIFTY100,88.28039220980244,Benchmark,
2024-07-22,NIFTY100,88.62952688230095,Benchmark,
2024-07-23,NIFTY100,88.7471988228305,Benchmark,
2024-07-24,NIFTY100,88.34580925895916,Benchmark,
2024-07-25,NIFTY100,89.77643456270127,Benchmark,
2024-07-26,NIFTY100,90.10087612722059,Benchmark,
2024-07-29,NIFTY100,89.34011465701882,Benchmark,
2024-07-30,NIFTY100,89.62405727451073,Benchmark,
2024-07-31,NIFTY100,89.53293464369914,Benchmark,
2024-08-01,NIFTY100,88.74793005381846,Benchmark,
2024-08-02,NIFTY100,88.62069586190746,Benchmark,
2024-08-05,NIFTY100,88.94463118958895,Benchmark,
2024-08-06,NIFTY100,88.31346634987479,Benchmark,
2024-08-07,NIFTY100,87.34998515038596,Benchmark,
2024-08-08,NIFTY100,86.41277201792741,Benchmark,
2024-08-09,NIFTY100,85.52134519502481,Benchmark,
2024-08-12,NIFTY100,85.93719063304343,Benchmark,
2024-08-13,NIFTY100,86.2663008261784,Benchmark,
2024-08-14,NIFTY100,85.65870412369267,Benchmark,
2024-08-15,NIFTY100,85.54811949889293,Benchmark,
2024-08-16,NIFTY100,84.67390472847696,Benchmark,
2024-08-19,NIFTY100,84.2659903342512,Benchmark,
2024-08-20,NIFTY100,83.84935741670706,Benchmark,
2024-08-21,NIFTY100,84.09499478013562,Benchmark,
2024-08-22,NIFTY100,84.95059128462651,Benchmark,
2024-08-23,NIFTY100,84.23308493979148,Benchmark,
2024-08-26,NIFTY100,83.70327996472083,Benchmark,
2024-08-27,NIFTY100,83.93063655344952,Benchmark,
2024-08-28,NIFTY100,82.98622360818611,Benchmark,
2024-08-29,NIFTY100,82.40618868909401,Benchmark,
2024-08-30,NIFTY100,83.0257100815378,Benchmark,
2024-09-02,NIFTY100,83.90166855661745,Benchmark,
2024-09-03,NIFTY100,83.30408409381349,Benchmark,
2024-09-04,NIFTY100,82.78159142862279,Benchmark,
2024-09-05,NIFTY100,83.27669105603248,Benchmark,
2024-09-06,NIFTY100,83.9728792051406,Benchmark,
2024-09-09,NIFTY100,83.80317736738837,Benchmark,
2024-09-10,NIFTY100,83.35920766060075,Benchmark,
2024-09-11,NIFTY100,83.74316017783528,Benchmark,
2024-09-12,NIFTY100,84.00122846805974,Benchmark,
2024-09-13,NIFTY100,83.98857254711368,Benchmark,
2024-09-16,NIFTY100,85.2736828842449,Benchmark,
2024-09-17,NIFTY100,85.45958430080806,Benchmark,
2024-09-18,NIFTY100,84.6795858307683,Benchmark,
2024-09-19,NIFTY100,84.98428415861176,Benchmark,
2024-09-20,NIFTY100,84.52197742858675,Benchmark,
2024-09-23,NIFTY100,84.41831137390416,Benchmark,
2024-09-24,NIFTY100,84.96335970264761,Benchmark,
2024-09-25,NIFTY100,85.57883120038866,Benchmark,
2024-09-26,NIFTY100,83.55045268822997,Benchmark,
2024-09-27,NIFTY100,83.17493745162614,Benchmark,
2024-09-30,NIFTY100,82.84385855967732,Benchmark,
2024-10-01,NIFTY100,82.85409579350923,Benchmark,
2024-10-02,NIFTY100,82.27186718145315,Benchmark,
2024-10-03,NIFTY100,82.09159061864378,Benchmark,
2024-10-04,NIFTY100,82.05142916284161,Benchmark,
2024-10-07,NIFTY100,80.94541416923146,Benchmark,
2024-10-08,NIFTY100,80.84562926363901,Benchmark,
2024-10-09,NIFTY100,81.50638083409815,Benchmark,
2024-10-10,NIFTY100,80.69955181165275,Benchmark,
2024-10-11,NIFTY100,80.81075517036543,Benchmark,
2024-10-14,NIFTY100,80.88382202062732,Benchmark,
2024-10-15,NIFTY100,79.71441492521181,Benchmark,
2024-10-16,NIFTY100,79.50668907608389,Benchmark,
2024-10-17,NIFTY100,79.47277120794845,Benchmark,
2024-10-18,NIFTY100,80.31436182659236,Benchmark,
2024-10-21,NIFTY100,80.09864868513404,Benchmark,
2024-10-22,NIFTY100,80.37066661266792,Benchmark,
2024-10-23,NIFTY100,79.93232175963409,Benchmark,
2024-10-24,NIFTY100,80.15500971974713,Benchmark,
2024-10-25,NIFTY100,80.75810653922983,Benchmark,
2024-10-28,NIFTY100,79.69607790197438,Benchmark,
2024-10-29,NIFTY100,79.81453732202947,Benchmark,
2024-10-30,NIFTY100,80.191796263297,Benchmark,
2024-10-31,NIFTY100,80.13245405619438,Benchmark,
2024-11-01,NIFTY100,80.31914295228307,Benchmark,
2024-11-04,NIFTY100,80.8468667314648,Benchmark,
2024-11-05,NIFTY100,79.97709559551434,Benchmark,
2024-11-06,NIFTY100,80.26188194106935,Benchmark,
2024-11-07,NIFTY100,81.07771072952085,Benchmark,
2024-11-08,NIFTY100,80.82543603866282,Benchmark,
2024-11-11,NIFTY100,80.43996481091473,Benchmark,
2024-11-12,NIFTY100,80.05438108609158,Benchmark,
2024-11-13,NIFTY100,80.28185017189534,Benchmark,
2024-11-14,NIFTY100,81.25596234497883,Benchmark,
2024-11-15,NIFTY100,82.68512518674494,Benchmark,
2024-11-18,NIFTY100,83.79468383821998,Benchmark,
2024-11-19,NIFTY100,83.59747646561168,Benchmark,
2024-11-20,NIFTY100,83.05017819536671,Benchmark,
2024-11-21,NIFTY100,82.04782925643912,Benchmark,
2024-11-22,NIFTY100,82.38734542901864,Benchmark,
2024-11-25,NIFTY100,84.433779721727,Benchmark,
2024-11-26,NIFTY100,84.61681246287574,Benchmark,
2024-11-27,NIFTY100,84.89496148100127,Benchmark,
2024-11-28,NIFTY100,84.90542370898335,Benchmark,
2024-11-29,NIFTY100,85.33358757672278,Benchmark,
2024-12-02,NIFTY100,84.94046654786953,Benchmark,
2024-12-03,NIFTY100,85.20719711287484,Benchmark,
2024-12-04,NIFTY100,85.03895773709861,Benchmark,
2024-12-05,NIFTY100,85.41256052342617,Benchmark,
2024-12-06,NIFTY100,85.44479093543545,Benchmark,
2024-12-09,NIFTY100,85.84978040570923,Benchmark,
2024-12-10,NIFTY100,85.2518022031425,Benchmark,
2024-12-11,NIFTY100,86.05705626653686,Benchmark,
2024-12-12,NIFTY100,86.78637480425486,Benchmark,
2024-12-13,NIFTY100,86.61549174721434,Benchmark,
2024-12-16,NIFTY100,86.25741355724728,Benchmark,
2024-12-17,NIFTY100,85.41019808484957,Benchmark,
2024-12-18,NIFTY100,84.63976186619124,Benchmark,
2024-12-19,NIFTY100,84.40886161959766,Benchmark,
2024-12-20,NIFTY100,84.55561405403436,Benchmark,
2024-12-23,NIFTY100,84.7355531256185,Benchmark,
2024-12-24,NIFTY100,85.99456414133209,Benchmark,
2024-12-25,NIFTY100,85.6756349334915,Benchmark,
2024-12-26,NIFTY100,85.28847624961729,Benchmark,
2024-12-27,NIFTY100,85.26400813578825,Benchmark,
2024-12-30,NIFTY100,84.66709865543473,Benchmark,
2024-12-31,NIFTY100,85.77491360224612,Benchmark,
2025-01-01,NIFTY100,87.08494204150668,Benchmark,
2025-01-02,NIFTY100,87.6935512176681,Benchmark,
2025-01-03,NIFTY100,88.40661392803763,Benchmark,
2025-01-06,NIFTY100,88.33163462749944,Benchmark,
2025-01-07,NIFTY100,88.86200208794547,Benchmark,
2025-01-08,NIFTY100,89.8178334863291,Benchmark,
2025-01-09,NIFTY100,89.62433851719828,Benchmark,
2025-01-10,NIFTY100,90.72529114243004,Benchmark,
2025-01-13,NIFTY100,90.7508279784723,Benchmark,
2025-01-14,NIFTY100,90.72101625357716,Benchmark,
2025-01-15,NIFTY100,90.11448827330464,Benchmark,
2025-01-16,NIFTY100,90.32052666630642,Benchmark,
2025-01-17,NIFTY100,91.19620389869839,Benchmark,
2025-01-20,NIFTY100,89.5666275176843,Benchmark,
2025-01-21,NIFTY100,89.86153859999614,Benchmark,
2025-01-22,NIFTY100,90.44033605126242,Benchmark,
2025-01-23,NIFTY100,90.57178888348876,Benchmark,
2025-01-24,NIFTY100,89.16658791871386,Benchmark,
2025-01-27,NIFTY100,88.22172498515015,Benchmark,
2025-01-28,NIFTY100,88.2059753946395,Benchmark,
2025-01-29,NIFTY100,87.04703052720605,Benchmark,
2025-01-30,NIFTY100,89.02478535558052,Benchmark,
2025-01-31,NIFTY100,90.01875326241493,Benchmark,
2025-02-03,NIFTY100,89.3003469409793,Benchmark,
2025-02-04,NIFTY100,89.9841041632915,Benchmark,
2025-02-05,NIFTY100,90.52234641899287,Benchmark,
2025-02-06,NIFTY100,90.29695852907798,Benchmark,
2025-02-07,NIFTY100,91.07003842900058,Benchmark,
2025-02-10,NIFTY100,89.56983368432395,Benchmark,
2025-02-11,NIFTY100,89.36199533812095,Benchmark,
2025-02-12,NIFTY100,89.02276040822913,Benchmark,
2025-02-13,NIFTY100,90.3858874669256,Benchmark,
2025-02-14,NIFTY100,89.72052351638831,Benchmark,
2025-02-17,NIFTY100,90.26849676908374,Benchmark,
2025-02-18,NIFTY100,89.80444633439504,Benchmark,
2025-02-19,NIFTY100,90.63259355256736,Benchmark,
2025-02-20,NIFTY100,90.35579449934275,Benchmark,
2025-02-21,NIFTY100,89.50430413809215,Benchmark,
2025-02-24,NIFTY100,89.5249473513686,Benchmark,
2025-02-25,NIFTY100,90.18868009431728,Benchmark,
2025-02-26,NIFTY100,90.61875641233301,Benchmark,
2025-02-27,NIFTY100,89.56032768148002,Benchmark,
2025-02-28,NIFTY100,88.43794436344629,Benchmark,
2025-03-03,NIFTY100,88.01506785823543,Benchmark,
2025-03-04,NIFTY100,87.34959141062306,Benchmark,
2025-03-05,NIFTY100,86.7480133016539,Benchmark,
2025-03-06,NIFTY100,86.46215823388566,Benchmark,
2025-03-07,NIFTY100,86.92367748438514,Benchmark,
2025-03-10,NIFTY100,86.76854401785528,Benchmark,
2025-03-11,NIFTY100,85.97167098655409,Benchmark,
2025-03-12,NIFTY100,85.3690241553717,Benchmark,
2025-03-13,NIFTY100,85.72063376352189,Benchmark,
2025-03-14,NIFTY100,85.68339723167172,Benchmark,
2025-03-17,NIFTY100,85.22592787587497,Benchmark,
2025-03-18,NIFTY100,85.70859657648876,Benchmark,
2025-03-19,NIFTY100,86.31799323217571,Benchmark,
2025-03-20,NIFTY100,86.90224679158317,Benchmark,
2025-03-21,NIFTY100,86.87176008423756,Benchmark,
2025-03-24,NIFTY100,86.2750755980342,Benchmark,
2025-03-25,NIFTY100,86.15695366920436,Benchmark,
2025-03-26,NIFTY100,85.69847183973192,Benchmark,
2025-03-27,NIFTY100,83.91010583724798,Benchmark,
2025-03-28,NIFTY100,83.7879340137154,Benchmark,
2025-03-31,NIFTY100,82.36563349352893,Benchmark,
2025-04-01,NIFTY100,81.91637642421274,Benchmark,
2025-04-02,NIFTY100,81.56516055582532,Benchmark,
2025-04-03,NIFTY100,82.64282628651632,Benchmark,
2025-04-04,NIFTY100,81.88324603560284,Benchmark,
2025-04-07,NIFTY100,82.07887844916009,Benchmark,
2025-04-08,NIFTY100,81.90585794769312,Benchmark,
2025-04-09,NIFTY100,82.25465512896642,Benchmark,
2025-04-10,NIFTY100,81.84825944525419,Benchmark,
2025-04-11,NIFTY100,80.835392029807,Benchmark,
2025-04-14,NIFTY100,80.94485168385599,Benchmark,
2025-04-15,NIFTY100,80.99485663372728,Benchmark,
2025-04-16,NIFTY100,81.15814613820017,Benchmark,
2025-04-17,NIFTY100,80.99761281206665,Benchmark,
2025-04-18,NIFTY100,80.80040543945833,Benchmark,
2025-04-21,NIFTY100,81.37312804867048,Benchmark,
2025-04-22,NIFTY100,81.88825215544372,Benchmark,
2025-04-23,NIFTY100,81.38949637309406,Benchmark,
2025-04-24,NIFTY100,81.32936668646592,Benchmark,
2025-04-25,NIFTY100,80.57113640045336,Benchmark,
2025-04-28,NIFTY100,80.98529438234584,Benchmark,
2025-04-29,NIFTY100,81.33111039112961,Benchmark,
2025-04-30,NIFTY100,82.31866596468468,Benchmark,
2025-05-01,NIFTY100,82.85634573501066,Benchmark,
2025-05-02,NIFTY100,83.0172165523694,Benchmark,
2025-05-05,NIFTY100,84.82982567453223,Benchmark,
2025-05-06,NIFTY100,85.11196833882295,Benchmark,
2025-05-07,NIFTY100,85.54091968608792,Benchmark,
2025-05-08,NIFTY100,84.3222388717891,Benchmark,
2025-05-09,NIFTY100,84.92539193980933,Benchmark,
2025-05-12,NIFTY100,86.6640904836472,Benchmark,
2025-05-13,NIFTY100,86.9090528646253,Benchmark,
2025-05-14,NIFTY100,87.51046222798183,Benchmark,
2025-05-15,NIFTY100,88.3510966214876,Benchmark,
2025-05-16,NIFTY100,89.70736135860442,Benchmark,
2025-05-19,NIFTY100,90.19908607376182,Benchmark,
2025-05-20,NIFTY100,89.08013391651791,Benchmark,
2025-05-21,NIFTY100,89.28982846445966,Benchmark,
2025-05-22,NIFTY100,89.90260003239891,Benchmark,
2025-05-23,NIFTY100,90.46075427038872,Benchmark,
2025-05-26,NIFTY100,90.39094983530404,Benchmark,
2025-05-27,NIFTY100,90.16218703313689,Benchmark,
2025-05-28,NIFTY100,89.9385428478857,Benchmark,
2025-05-29,NIFTY100,89.87155083967792,Benchmark,
2025-05-30,NIFTY100,90.01099096423468,Benchmark,
2025-06-02,NIFTY100,90.45462317979707,Benchmark,
2025-06-03,NIFTY100,90.77670230573979,Benchmark,
2025-06-04,NIFTY100,90.4993407671398,Benchmark,
2025-06-05,NIFTY100,89.66523120398845,Benchmark,
2025-06-06,NIFTY100,89.98629785625548,Benchmark,
2025-06-09,NIFTY100,89.81597728459036,Benchmark,
2025-06-10,NIFTY100,91.04939521572413,Benchmark,
2025-06-11,NIFTY100,91.77573258095263,Benchmark,
2025-06-12,NIFTY100,92.0761560199432,Benchmark,
2025-06-13,NIFTY100,91.55175090447621,Benchmark,
2025-06-16,NIFTY100,90.58736972838679,Benchmark,
2025-06-17,NIFTY100,90.63231230987967,Benchmark,
2025-06-18,NIFTY100,90.78401461561971,Benchmark,
2025-06-19,NIFTY100,89.54457809096937,Benchmark,
2025-06-20,NIFTY100,89.93533668124601,Benchmark,
2025-06-23,NIFTY100,90.01453462209955,Benchmark,
2025-06-24,NIFTY100,88.10905916446144,Benchmark,
2025-06-25,NIFTY100,87.5353240815736,Benchmark,
2025-06-26,NIFTY100,87.01260642223275,Benchmark,
2025-06-27,NIFTY100,86.18856534730071,Benchmark,
2025-06-30,NIFTY100,86.50366965458872,Benchmark,
2025-07-01,NIFTY100,87.82162913764215,Benchmark,
2025-07-02,NIFTY100,88.19759436254631,Benchmark,
2025-07-03,NIFTY100,88.69770010979688,Benchmark,
2025-07-04,NIFTY100,88.17785112587046,Benchmark,
2025-07-07,NIFTY100,88.58885918966082,Benchmark,
2025-07-08,NIFTY100,88.49807405007444,Benchmark,
2025-07-09,NIFTY100,88.54082293860334,Benchmark,
2025-07-10,NIFTY100,88.14618319923656,Benchmark,
2025-07-11,NIFTY100,87.0556928019869,Benchmark,
2025-07-14,NIFTY100,87.75553710603499,Benchmark,
2025-07-15,NIFTY100,87.91342675090424,Benchmark,
2025-07-16,NIFTY100,87.79041119930858,Benchmark,
2025-07-17,NIFTY100,89.15516946559364,Benchmark,
2025-07-18,NIFTY100,88.47276220818235,Benchmark,
2025-07-21,NIFTY100,88.98023651385041,Benchmark,
2025-07-22,NIFTY100,90.5320211674494,Benchmark,
2025-07-23,NIFTY100,90.8863307054014,Benchmark,
2025-07-24,NIFTY100,90.06982693449945,Benchmark,
2025-07-25,NIFTY100,90.83767572043102,Benchmark,
2025-07-28,NIFTY100,90.47588512698646,Benchmark,
2025-07-29,NIFTY100,90.06465206904596,Benchmark,
2025-07-30,NIFTY100,89.44400570585141,Benchmark,
2025-07-31,NIFTY100,90.6879421135048,Benchmark,
2025-08-01,NIFTY100,90.43071755134343,Benchmark,
2025-08-04,NIFTY100,89.794715337401,Benchmark,
2025-08-05,NIFTY100,90.75943400471563,Benchmark,
2025-08-06,NIFTY100,89.62973837680195,Benchmark,
2025-08-07,NIFTY100,89.71962353978773,Benchmark,
2025-08-08,NIFTY100,89.26384164011712,Benchmark,
2025-08-11,NIFTY100,89.75084147812133,Benchmark,
2025-08-12,NIFTY100,89.4827609482151,Benchmark,
2025-08-13,NIFTY100,88.49661158809847,Benchmark,
2025-08-14,NIFTY100,88.64308277984749,Benchmark,
2025-08-15,NIFTY100,88.35250283492606,Benchmark,
2025-08-18,NIFTY100,89.00616708965543,Benchmark,
2025-08-19,NIFTY100,89.09745846607964,Benchmark,
2025-08-20,NIFTY100,90.7169101103369,Benchmark,
2025-08-21,NIFTY100,90.34730097017454,Benchmark,
2025-08-22,NIFTY100,91.26252092445573,Benchmark,
2025-08-25,NIFTY100,91.04450159295834,Benchmark,
2025-08-26,NIFTY100,90.99759031265164,Benchmark,
2025-08-27,NIFTY100,91.60648073150075,Benchmark,
2025-08-28,NIFTY100,90.94601040372928,Benchmark,
2025-08-29,NIFTY100,91.87934238709771,Benchmark,
2025-09-01,NIFTY100,92.44593390571822,Benchmark,
2025-09-02,NIFTY100,93.09121712835443,Benchmark,
2025-09-03,NIFTY100,93.85203484709376,Benchmark,
2025-09-04,NIFTY100,94.34274708857546,Benchmark,
2025-09-05,NIFTY100,94.91496346094979,Benchmark,
2025-09-08,NIFTY100,95.9894230250011,Benchmark,
2025-09-09,NIFTY100,96.03954047194748,Benchmark,
2025-09-10,NIFTY100,95.94481793473345,Benchmark,
2025-09-11,NIFTY100,96.37163183757198,Benchmark,
2025-09-12,NIFTY100,96.49661608798148,Benchmark,
2025-09-15,NIFTY100,97.28499559011443,Benchmark,
2025-09-16,NIFTY100,98.82946793383348,Benchmark,
2025-09-17,NIFTY100,98.1136490451246,Benchmark,
2025-09-18,NIFTY100,98.23936452652208,Benchmark,
2025-09-19,NIFTY100,97.4340542145902,Benchmark,
2025-09-22,NIFTY100,97.31255737350807,Benchmark,
2025-09-23,NIFTY100,97.24050299692188,Benchmark,
2025-09-24,NIFTY100,96.97669735586854,Benchmark,
2025-09-25,NIFTY100,97.74437739618747,Benchmark,
2025-09-26,NIFTY100,98.07866245477595,Benchmark,
2025-09-29,NIFTY100,97.64464873913256,Benchmark,
2025-09-30,NIFTY100,98.41907860395608,Benchmark,
2025-10-01,NIFTY100,98.37402352538811,Benchmark,
2025-10-02,NIFTY100,97.992939683568,Benchmark,
2025-10-03,NIFTY100,97.22537214032413,Benchmark,
2025-10-06,NIFTY100,96.11153859999617,Benchmark,
2025-10-07,NIFTY100,95.7918781611676,Benchmark,
2025-10-08,NIFTY100,95.88345078027949,Benchmark,
2025-10-09,NIFTY100,96.66063682344237,Benchmark,
2025-10-10,NIFTY100,95.10137111435081,Benchmark,
2025-10-13,NIFTY100,96.61018188527076,Benchmark,
2025-10-14,NIFTY100,96.04904647479144,Benchmark,
2025-10-15,NIFTY100,95.79193440970512,Benchmark,
2025-10-16,NIFTY100,95.56367784437583,Benchmark,
2025-10-17,NIFTY100,95.11605198264822,Benchmark,
2025-10-20,NIFTY100,94.9243007181811,Benchmark,
2025-10-21,NIFTY100,94.78435435678651,Benchmark,
2025-10-22,NIFTY100,94.71145625213721,Benchmark,
2025-10-23,NIFTY100,95.99471038752968,Benchmark,
2025-10-24,NIFTY100,95.46423043000858,Benchmark,
2025-10-27,NIFTY100,96.95481667476622,Benchmark,
2025-10-28,NIFTY100,97.4351229368034,Benchmark,
2025-10-29,NIFTY100,96.24991000233972,Benchmark,
2025-10-30,NIFTY100,95.64248204546658,Benchmark,
2025-10-31,NIFTY100,94.94612515074586,Benchmark,
2025-11-03,NIFTY100,94.97396817682719,Benchmark,
2025-11-04,NIFTY100,96.05163390751818,Benchmark,
2025-11-05,NIFTY100,96.74017225552113,Benchmark,
2025-11-06,NIFTY100,95.98329193440946,Benchmark,
2025-11-07,NIFTY100,96.98929702827704,Benchmark,
2025-11-10,NIFTY100,96.21014228630033,Benchmark,
2025-11-11,NIFTY100,95.55540930935771,Benchmark,
2025-11-12,NIFTY100,96.42563043360848,Benchmark,
2025-11-13,NIFTY100,97.28702053746576,Benchmark,
2025-11-14,NIFTY100,97.98517738538773,Benchmark,
2025-11-17,NIFTY100,98.04795075328015,Benchmark,
2025-11-18,NIFTY100,98.03450735280856,Benchmark,
2025-11-19,NIFTY100,97.1452179743324,Benchmark,
2025-11-20,NIFTY100,97.1816107781195,Benchmark,
2025-11-21,NIFTY100,96.69320472667684,Benchmark,
2025-11-24,NIFTY100,96.59808844970004,Benchmark,
2025-11-25,NIFTY100,98.4775770829956,Benchmark,
2025-11-26,NIFTY100,98.78581906870396,Benchmark,
2025-11-27,NIFTY100,97.93961606998192,Benchmark,
2025-11-28,NIFTY100,98.9889887862913,Benchmark,
2025-12-01,NIFTY100,100.13117158953841,Benchmark,
2025-12-02,NIFTY100,101.3626770703959,Benchmark,
2025-12-03,NIFTY100,101.01590483647398,Benchmark,
2025-12-04,NIFTY100,100.97191848011924,Benchmark,
2025-12-05,NIFTY100,99.98166297676234,Benchmark,
2025-12-08,NIFTY100,101.31475331641352,Benchmark,
2025-12-09,NIFTY100,101.46611813092832,Benchmark,
2025-12-10,NIFTY100,100.38159007865768,Benchmark,
2025-12-11,NIFTY100,101.79877198192817,Benchmark,
2025-12-12,NIFTY100,101.28286039562944,Benchmark,
2025-12-15,NIFTY100,101.00420514066606,Benchmark,
2025-12-16,NIFTY100,100.18989506272808,Benchmark,
2025-12-17,NIFTY100,99.25172570513138,Benchmark,
2025-12-18,NIFTY100,99.61632872545285,Benchmark,
2025-12-19,NIFTY100,99.09692972982673,Benchmark,
2025-12-22,NIFTY100,97.91362924563931,Benchmark,
2025-12-23,NIFTY100,98.75848227946044,Benchmark,
2025-12-24,NIFTY100,99.2134766996055,Benchmark,
2025-12-25,NIFTY100,100.7247061576396,Benchmark,
2025-12-26,NIFTY100,100.46556914520191,Benchmark,
2025-12-29,NIFTY100,100.54639829364407,Benchmark,
2025-12-30,NIFTY100,100.76869251399434,Benchmark,
2025-12-31,NIFTY100,100.93198201846721,Benchmark,
2026-01-01,NIFTY100,101.18796911280275,Benchmark,
2026-01-02,NIFTY100,100.97045601814321,Benchmark,
2026-01-05,NIFTY100,99.53853699803773,Benchmark,
2026-01-06,NIFTY100,99.82107340209122,Benchmark,
2026-01-07,NIFTY100,100.34007865795458,Benchmark,
2026-01-08,NIFTY100,100.11170959555018,Benchmark,
2026-01-09,NIFTY100,102.21951104271257,Benchmark,
2026-01-12,NIFTY100,101.86936389653836,Benchmark,
2026-01-13,NIFTY100,101.39721367244417,Benchmark,
2026-01-14,NIFTY100,101.81485906366399,Benchmark,
2026-01-15,NIFTY100,102.05959645049194,Benchmark,
2026-01-16,NIFTY100,100.80047293770326,Benchmark,
2026-01-19,NIFTY100,101.50864202530698,Benchmark,
2026-01-20,NIFTY100,101.17818186727109,Benchmark,
2026-01-21,NIFTY100,102.25821003653867,Benchmark,
2026-01-22,NIFTY100,102.64238754792336,Benchmark,
2026-01-23,NIFTY100,102.49383516028546,Benchmark,
2026-01-26,NIFTY100,103.61886215958347,Benchmark,
2026-01-27,NIFTY100,103.20329796425254,Benchmark,
2026-01-28,NIFTY100,102.1294008855766,Benchmark,
2026-01-29,NIFTY100,101.04397285670534,Benchmark,
2026-01-30,NIFTY100,101.29321012653634,Benchmark,
2026-02-02,NIFTY100,102.86350054898531,Benchmark,
2026-02-03,NIFTY100,102.79240239753726,Benchmark,
2026-02-04,NIFTY100,103.48335943265437,Benchmark,
2026-02-05,NIFTY100,103.79700127796639,Benchmark,
2026-02-06,NIFTY100,103.49579035945027,Benchmark,
2026-02-09,NIFTY100,102.14903162517737,Benchmark,
2026-02-10,NIFTY100,102.33707048616698,Benchmark,
2026-02-11,NIFTY100,103.06250787479489,Benchmark,
2026-02-12,NIFTY100,103.49669033605089,Benchmark,
2026-02-13,NIFTY100,103.25836528250227,Benchmark,
2026-02-16,NIFTY100,102.86119435894629,Benchmark,
2026-02-17,NIFTY100,102.37740068758177,Benchmark,
2026-02-18,NIFTY100,101.87510124736721,Benchmark,
2026-02-19,NIFTY100,101.96116150980039,Benchmark,
2026-02-20,NIFTY100,101.87898239645735,Benchmark,
2026-02-23,NIFTY100,102.35051388663858,Benchmark,
2026-02-24,NIFTY100,101.58896493691128,Benchmark,
2026-02-25,NIFTY100,101.61545799809168,Benchmark,
2026-02-26,NIFTY100,101.6346949979297,Benchmark,
2026-02-27,NIFTY100,101.26058597476428,Benchmark,
2026-03-02,NIFTY100,101.56421558039455,Benchmark,
2026-03-03,NIFTY100,100.87258356282697,Benchmark,
2026-03-04,NIFTY100,101.9111003113915,Benchmark,
2026-03-05,NIFTY100,102.31434607700159,Benchmark,
2026-03-06,NIFTY100,102.8205829148438,Benchmark,
2026-03-09,NIFTY100,102.80910821318605,Benchmark,
2026-03-10,NIFTY100,102.5815266303072,Benchmark,
2026-03-11,NIFTY100,102.02534109113124,Benchmark,
2026-03-12,NIFTY100,101.38039535972025,Benchmark,
2026-03-13,NIFTY100,100.16655191964969,Benchmark,
2026-03-16,NIFTY100,100.29052369638352,Benchmark,
2026-03-17,NIFTY100,100.91403873499252,Benchmark,
2026-03-18,NIFTY100,99.95702611732057,Benchmark,
2026-03-19,NIFTY100,101.09380906096403,Benchmark,
2026-03-20,NIFTY100,99.84773520888417,Benchmark,
2026-03-23,NIFTY100,100.59668448620297,Benchmark,
2026-03-24,NIFTY100,99.95010754720339,Benchmark,
2026-03-25,NIFTY100,100.88523948377303,Benchmark,
2026-03-26,NIFTY100,101.56590303652067,Benchmark,
2026-03-27,NIFTY100,103.8433500728977,Benchmark,
2026-03-30,NIFTY100,103.36383129038606,Benchmark,
2026-03-31,NIFTY100,101.53614756016304,Benchmark,
2026-04-01,NIFTY100,100.02362438576557,Benchmark,
2026-04-02,NIFTY100,99.90246503590868,Benchmark,
2026-04-03,NIFTY100,100.08465404899434,Benchmark,
2026-04-06,NIFTY100,99.54573681084253,Benchmark,
2026-04-07,NIFTY100,99.89054034595061,Benchmark,
2026-04-08,NIFTY100,100.67200127796636,Benchmark,
2026-04-09,NIFTY100,101.20287497525024,Benchmark,
2026-04-10,NIFTY100,101.21823082599812,Benchmark,
2026-04-13,NIFTY100,100.56732274960811,Benchmark,
2026-04-14,NIFTY100,101.30322236621807,Benchmark,
2026-04-15,NIFTY100,102.50485987364286,Benchmark,
2026-04-16,NIFTY100,102.0500341991104,Benchmark,
2026-04-17,NIFTY100,101.12407077415946,Benchmark,
2026-04-20,NIFTY100,102.13333828320418,Benchmark,
2026-04-21,NIFTY100,102.45131126590665,Benchmark,
2026-04-22,NIFTY100,102.75359090663596,Benchmark,
2026-04-23,NIFTY100,104.26009548751685,Benchmark,
2026-04-24,NIFTY100,102.78897123674737,Benchmark,
2026-04-27,NIFTY100,102.6595996004099,Benchmark,
2026-04-28,NIFTY100,103.02667755638308,Benchmark,
2026-04-29,NIFTY100,104.79063169357549,Benchmark,
2026-04-30,NIFTY100,104.79828149468067,Benchmark,
2026-05-01,NIFTY100,104.43395971704687,Benchmark,
2026-05-04,NIFTY100,104.66930359810598,Benchmark,
2026-05-05,NIFTY100,105.34782970642715,Benchmark,
2026-05-06,NIFTY100,106.43224526162271,Benchmark,
2026-05-07,NIFTY100,107.77321039652922,Benchmark,
2026-05-08,NIFTY100,106.1485838868185,Benchmark,
2026-05-11,NIFTY100,105.53395611714053,Benchmark,
2026-05-12,NIFTY100,106.33347282970603,Benchmark,
2026-05-13,NIFTY100,106.61150935075648,Benchmark,
2026-05-14,NIFTY100,107.04327312489832,Benchmark,
2026-05-15,NIFTY100,106.54721727235051,Benchmark,
2026-05-18,NIFTY100,106.80826673506448,Benchmark,
2026-05-19,NIFTY100,106.65650818078689,Benchmark,
2026-05-20,NIFTY100,107.12280855697709,Benchmark,
2026-05-21,NIFTY100,107.62111435102643,Benchmark,
2026-05-22,NIFTY100,107.95899931601734,Benchmark,
2026-05-25,NIFTY100,108.2539103983292,Benchmark,
2026-05-26,NIFTY100,108.15513796641243,Benchmark,
2026-05-27,NIFTY100,109.62412477275545,Benchmark,
2026-05-28,NIFTY100,110.68570342171058,Benchmark,
2026-05-29,NIFTY100,110.78875074248022,Benchmark,
